indice,dataset,ingles_original,portugues_traduzido,modelo,prompt,xcomet_xl,kiwi_xl,comet22,score_combinado,quartil
606,manual_data,Water boils at 100°C.,"A água ferve a 100°C.
",gemini,prompt2,1.0,1.1482,0.9886,1.0456,Q1
147,manual_data,She bought a new phone last week.,Ela comprou um telefone novo na semana passada.,gpt,prompt2,1.0,1.1334,0.9815,1.0383,Q1
589,manual_data,He sent an email to his colleague.,Ele enviou um e-mail para seu colega.,gpt,prompt2,1.0,1.1346,0.9705,1.035,Q1
447,manual_data,"blood, sweat, and tears","Sangue, suor e lágrimas.",gemma3,prompt2,1.0,1.131,0.9736,1.0349,Q1
283,manual_data,buy a lemon,"Compre uma limão.
",gemma3,prompt2,1.0,1.138,0.9633,1.0337,Q1
382,manual_data,She is practicing yoga in the park.,"Ela está praticando ioga no parque.
",gemini,prompt2,1.0,1.1231,0.9779,1.0337,Q1
505,manual_data,don't judge a book by its cover,"Não julgue um livro pela capa.
",gemma3,prompt2,1.0,1.1397,0.9594,1.033,Q1
7,manual_data,my hands are tied,Minhas mãos estão atadas.,gpt,prompt2,1.0,1.1393,0.9588,1.0327,Q1
706,manual_data,blood is thicker than water,"Sangue é mais espesso que água.
",gemini,prompt2,1.0,1.1229,0.9753,1.0327,Q1
116,manual_data,"blood, sweat, and tears","Sangue, suor e lágrimas.
",gemma3,prompt2,1.0,1.1229,0.9736,1.0322,Q1
80,manual_data,She is drinking water.,Ela está bebendo água.,gpt,prompt2,1.0,1.1115,0.9845,1.032,Q1
158,manual_data,She made a salad for lunch.,Ela fez uma salada para o almoço.,gpt,prompt2,1.0,1.1149,0.9794,1.0314,Q1
202,manual_data,They planted flowers in the garden.,"Eles plantaram flores no jardim.
",gemma3,prompt2,1.0,1.1175,0.9764,1.0313,Q1
676,manual_data,She reads a book every night.,Ela lê um livro todas as noites.,gpt,prompt2,1.0,1.1115,0.9823,1.0313,Q1
438,manual_data,"blood, sweat, and tears","Sangue, suor e lágrimas",gemma3,prompt2,1.0,1.1174,0.9747,1.0307,Q1
177,manual_data,He is reading a newspaper.,Ele está lendo um jornal.,gpt,prompt2,1.0,1.1119,0.9776,1.0298,Q1
400,manual_data,smooth sailing,navegação tranquila,gpt,prompt2,1.0,1.0978,0.9905,1.0294,Q1
259,manual_data,cloud of suspicion,Nuvem de suspeita,gemma3,prompt2,1.0,1.1182,0.9692,1.0291,Q1
72,manual_data,I like to drink coffee in the morning.,"Eu gosto de tomar café de manhã.
",gemini,prompt2,1.0,1.1086,0.9784,1.029,Q1
453,manual_data,black and blue,preto e azul,gpt,prompt2,1.0,1.0928,0.9941,1.029,Q1
87,manual_data,She is talking to her friend on the phone.,Ela está falando com sua amiga ao telefone.,gemma3,prompt2,1.0,1.1135,0.9736,1.029,Q1
228,manual_data,She is listening to music while cooking.,"Ela está ouvindo música enquanto cozinha.
",gemini,prompt2,1.0,1.1057,0.9809,1.0289,Q1
593,manual_data,I did the laundry yesterday.,Eu fiz a lavanderia ontem.,gpt,prompt2,1.0,1.1115,0.9723,1.0279,Q1
332,manual_data,I am playing video games in my room.,"Estou jogando video games no meu quarto.
",gemini,prompt2,0.9912,1.1103,0.9819,1.0278,Q1
472,manual_data,They have three children.,Eles têm três filhos.,gpt,prompt2,1.0,1.0965,0.9865,1.0277,Q1
254,manual_data,She plays the piano beautifully.,"Ela toca piano lindamente.
",gemini,prompt2,1.0,1.1001,0.9808,1.027,Q1
567,manual_data,She played tennis with her brother.,"Ela jogou tênis com o irmão dela.
",gemini,prompt2,1.0,1.1027,0.9782,1.027,Q1
69,manual_data,She is brushing her teeth before bed.,Ela está escovando os dentes antes de dormir.,gemma3,prompt2,1.0,1.103,0.9776,1.0268,Q1
491,manual_data,The dog is playing outside.,"O cachorro está brincando lá fora.
",gemma3,prompt2,1.0,1.1043,0.9758,1.0267,Q1
294,manual_data,The sun rises in the east.,"O sol nasce no leste.
",gemini,prompt2,1.0,1.1009,0.9789,1.0266,Q1
91,manual_data,boiling point,ponto de ebulição,gemmaX,sem_prompt,1.0,1.086,0.9931,1.0264,Q1
644,manual_data,big fish in a small pond,"Peixe grande em lago pequeno
",gemini,prompt2,1.0,1.1242,0.955,1.0264,Q1
74,manual_data,actions speak louder than words,As ações falam mais alto do que as palavras.,gemma3,prompt2,1.0,1.1103,0.9677,1.026,Q1
585,manual_data,They are watching TV in the living room.,"Eles estão assistindo TV na sala.
",gemini,prompt2,1.0,1.1011,0.9759,1.0257,Q1
95,manual_data,actions speak louder than words,"As ações falam mais alto que as palavras.
",gemma3,prompt2,1.0,1.1093,0.9673,1.0255,Q1
528,manual_data,actions speak louder than words,"As ações falam mais alto que as palavras.
",gemma3,prompt2,1.0,1.1093,0.9673,1.0255,Q1
655,manual_data,a taste of freedom,um gosto de liberdade,gemmaX,sem_prompt,1.0,1.096,0.9796,1.0252,Q1
153,manual_data,They watched a movie on the weekend.,"Eles assistiram a um filme no fim de semana.
",gemini,prompt2,1.0,1.0987,0.9764,1.025,Q1
544,manual_data,She took the train to the city.,"Ela pegou o trem para a cidade.
",gemma3,prompt2,1.0,1.1042,0.9704,1.0249,Q1
311,manual_data,all that glitters is not gold,Nem tudo que brilha é ouro.,gpt,prompt2,0.9874,1.1036,0.9836,1.0249,Q1
21,manual_data,an open book,"Um livro aberto
",gemini,prompt2,1.0,1.1028,0.9713,1.0247,Q1
291,manual_data,a ray of hope,"Um raio de esperança
",gemini,prompt2,1.0,1.1014,0.9723,1.0246,Q1
209,manual_data,He wrote a letter to his friend.,"Ele escreveu uma carta para o amigo dele.
",gemini,prompt2,1.0,1.1,0.9737,1.0245,Q1
575,manual_data,I like to read books in the evening.,Eu gosto de ler livros à noite.,gpt,prompt2,1.0,1.1386,0.9348,1.0245,Q1
660,manual_data,back to basics,de volta ao básico,gpt,prompt2,1.0,1.1049,0.9681,1.0243,Q1
352,manual_data,I called my friend last night.,Eu liguei para o meu amigo na noite passada.,gpt,prompt2,1.0,1.0938,0.9791,1.0243,Q1
507,manual_data,back to the grind,De volta à rotina.,gemma3,prompt2,0.9738,1.1768,0.9216,1.0241,Q1
55,manual_data,She took a shower in the morning.,Ela tomou um banho de manhã.,gpt,prompt2,1.0,1.093,0.979,1.024,Q1
73,manual_data,"another day, another dollar","Mais um dia, mais um dólar.",gpt,prompt2,1.0,1.1141,0.9578,1.024,Q1
701,manual_data,She is making a smoothie for breakfast.,Ela está fazendo um smoothie para o café da manhã.,gpt,prompt2,1.0,1.0932,0.978,1.0237,Q1
270,manual_data,I visited my parents last weekend.,"Visitei meus pais no fim de semana passado.
",gemini,prompt2,1.0,1.0885,0.982,1.0235,Q1
601,manual_data,She is making a salad for lunch.,Ela está fazendo uma salada para o almoço.,gpt,prompt2,1.0,1.0936,0.9769,1.0235,Q1
703,manual_data,better late than never,"Antes tarde do que nunca.
",gemini,prompt2,0.9982,1.1016,0.9694,1.0231,Q1
487,manual_data,The train arrived at the station on time.,"O trem chegou à estação na hora certa.
",gemini,prompt2,1.0,1.0911,0.978,1.023,Q1
576,manual_data,They went to a museum last month.,Eles foram a um museu no mês passado.,gpt,prompt2,1.0,1.0908,0.9779,1.0229,Q1
511,manual_data,a fish out of water,"Um peixe fora d'água
",gemini,prompt2,1.0,1.1049,0.9632,1.0227,Q1
266,manual_data,a fish out of water,"Um peixe fora d'água
",gemini,prompt2,1.0,1.1049,0.9632,1.0227,Q1
28,manual_data,food for thought,alimento para a reflexão,gpt,prompt2,0.997,1.085,0.985,1.0223,Q1
430,manual_data,I am learning how to cook.,"Estou aprendendo a cozinhar.
",gemini,prompt2,1.0,1.1049,0.9614,1.0221,Q1
663,manual_data,She brushed her teeth before bed.,Ela escovou os dentes antes de dormir.,gemma3,prompt2,1.0,1.0854,0.9804,1.0219,Q1
331,manual_data,She is playing with her children in the garden.,"Ela está brincando com seus filhos no jardim.
",gemini,prompt2,1.0,1.0941,0.9712,1.0218,Q1
292,manual_data,They are painting the walls of their house.,Eles estão pintando as paredes da casa deles.,gpt,prompt2,1.0,1.0911,0.9731,1.0214,Q1
50,manual_data,blood is thicker than water,O sangue é mais grosso que a água.,gemma3,prompt2,1.0,1.0916,0.972,1.0212,Q1
316,manual_data,He is writing an essay for school.,Ele está escrevendo uma redação para a escola.,gemma3,prompt2,1.0,1.0862,0.9772,1.0211,Q1
455,manual_data,He played video games all evening.,Ele jogou video games a noite toda.,gemmaX,sem_prompt,1.0,1.0953,0.968,1.0211,Q1
581,manual_data,They met their friends at the café.,"Eles encontraram seus amigos no café.
",gemini,prompt2,1.0,1.0895,0.9728,1.0208,Q1
407,manual_data,She is putting on her shoes.,"Ela está calçando os sapatos.
",gemini,prompt2,1.0,1.0869,0.9756,1.0208,Q1
192,manual_data,a penny for your thoughts,um centavo por seus pensamentos,gemmaX,sem_prompt,1.0,1.0803,0.9811,1.0205,Q1
84,manual_data,They are visiting a museum this afternoon.,Eles estão visitando um museu esta tarde.,gpt,prompt2,1.0,1.0807,0.9793,1.02,Q1
52,manual_data,She went to the post office to send a package.,Ela foi à agência dos correios para enviar um pacote.,gemmaX,sem_prompt,1.0,1.0911,0.9687,1.02,Q1
375,manual_data,They are playing chess at the table.,Eles estão jogando xadrez na mesa.,gpt,prompt2,1.0,1.0896,0.9704,1.02,Q1
184,manual_data,burn bridges,"Queimar pontes
",gemini,prompt2,0.9912,1.1236,0.9452,1.02,Q1
85,manual_data,They are swimming at the pool.,"Eles estão nadando na piscina.
",gemini,prompt2,1.0,1.105,0.9542,1.0197,Q1
14,manual_data,an iron fist,um punho de ferro,gemmaX,sem_prompt,0.9968,1.0823,0.9798,1.0196,Q1
657,manual_data,The weather is very cold today.,"O tempo está muito frio hoje.
",gemini,prompt2,1.0,1.0797,0.9781,1.0193,Q1
401,manual_data,She is sending a letter to her friend.,Ela está enviando uma carta para sua amiga.,gemmaX,sem_prompt,1.0,1.0861,0.9707,1.019,Q1
368,manual_data,She visited the art gallery on Sunday.,Ela visitou a galeria de arte no domingo.,gpt,prompt2,1.0,1.0829,0.9735,1.0188,Q1
106,manual_data,light at the end of the tunnel,"Luz no fim do túnel
",gemini,prompt2,1.0,1.0975,0.9585,1.0187,Q1
276,manual_data,cold feet,pés frios,gemmaX,sem_prompt,1.0,1.0749,0.981,1.0187,Q1
183,manual_data,cold feet,pés frios,gemmaX,sem_prompt,1.0,1.0749,0.981,1.0187,Q1
431,manual_data,She is wearing a red dress.,"Ela está vestindo um vestido vermelho.
",gemini,prompt2,1.0,1.0709,0.9845,1.0185,Q1
621,manual_data,from the bottom of my heart,"Do fundo do meu coração
",gemini,prompt2,1.0,1.0929,0.9623,1.0184,Q1
390,manual_data,They are playing volleyball at the beach.,"Eles estão jogando vôlei na praia.
",gemini,prompt2,1.0,1.096,0.9588,1.0183,Q1
397,manual_data,I went to the store to buy some bread.,Eu fui à loja para comprar pão.,gpt,prompt2,1.0,1.1025,0.9524,1.0183,Q1
547,manual_data,They went for a walk in the park.,Eles foram passear no parque.,gpt,prompt2,1.0,1.0747,0.9803,1.0183,Q1
97,manual_data,He washed his car yesterday.,"Ele lavou o carro dele ontem.
",gemini,prompt2,1.0,1.0729,0.9817,1.0182,Q1
556,manual_data,They are doing laundry in the basement.,"Eles estão lavando roupa no porão.
",gemini,prompt2,0.9912,1.0894,0.9732,1.0179,Q1
239,manual_data,live in a glass house,"Morar em casa de vidro
",gemini,prompt2,1.0,1.1298,0.9238,1.0179,Q1
173,manual_data,fingers crossed,"Dedos cruzados
",gemini,prompt2,0.9912,1.0848,0.9775,1.0178,Q1
237,manual_data,He is making tea in the kitchen.,"Ele está fazendo chá na cozinha.
",gemini,prompt2,1.0,1.0764,0.9769,1.0177,Q1
335,manual_data,She works as a software engineer.,"Ela trabalha como engenheira de software.
",gemini,prompt2,1.0,1.0714,0.981,1.0175,Q1
81,manual_data,They are having coffee at the café.,Eles estão tomando café no café.,gpt,prompt2,1.0,1.0758,0.9765,1.0174,Q1
136,manual_data,I met my friends for lunch.,"Eu encontrei meus amigos para almoçar.
",gemma3,prompt2,1.0,1.071,0.9813,1.0174,Q1
598,manual_data,She is writing a letter to her friend.,Ela está escrevendo uma carta para sua amiga.,gpt,prompt2,1.0,1.0797,0.9725,1.0174,Q1
5,manual_data,She enjoys painting in her free time.,Ela gosta de pintar no tempo livre.,gemma3,prompt2,1.0,1.0693,0.9825,1.0173,Q1
652,manual_data,She is organizing her closet.,Ela está organizando seu armário.,gpt,prompt2,1.0,1.0694,0.9822,1.0172,Q1
427,manual_data,She cleaned the kitchen after dinner.,"Ela limpou a cozinha depois do jantar.
",gemini,prompt2,1.0,1.074,0.9767,1.0169,Q1
42,manual_data,She is talking on the phone.,"Ela está falando ao telefone.
",gemini,prompt2,1.0,1.0724,0.9784,1.0169,Q1
9,manual_data,They are having a picnic in the park.,Eles estão fazendo um piquenique no parque.,gpt,prompt2,1.0,1.0701,0.9804,1.0168,Q1
264,manual_data,a penny saved is a penny earned,Um centavo economizado é um centavo ganho.,gpt,prompt2,0.9867,1.107,0.956,1.0166,Q1
521,manual_data,dark horse,cavalo escuro,gemmaX,sem_prompt,1.0,1.0623,0.9873,1.0165,Q1
646,manual_data,against all odds,"Contra todas as probabilidades
",gemini,prompt2,1.0,1.097,0.9517,1.0162,Q1
425,manual_data,cast in stone,"Escrito em pedra
",gemini,prompt2,0.9923,1.1449,0.9112,1.0161,Q1
699,manual_data,They are playing board games in the living room.,Eles estão jogando jogos de tabuleiro na sala de estar.,gpt,prompt2,1.0,1.0723,0.9753,1.0159,Q1
121,manual_data,paint the town red,pinte a cidade de vermelho,gemmaX,sem_prompt,1.0,1.0724,0.9746,1.0156,Q1
562,manual_data,broken dreams,sonhos quebrados,gpt,prompt2,1.0,1.0623,0.9845,1.0156,Q1
591,manual_data,They took a bus to the city center.,Eles pegaram um ônibus para o centro da cidade.,gpt,prompt2,1.0,1.0725,0.9742,1.0156,Q1
673,manual_data,They are having a barbecue in the garden.,Eles estão fazendo um churrasco no jardim.,gpt,prompt2,1.0,1.0673,0.9796,1.0156,Q1
295,manual_data,an arm and a leg,"Um braço e uma perna
",gemini,prompt2,0.9968,1.1131,0.9364,1.0155,Q1
256,manual_data,They are going to the cinema tonight.,Eles vão ao cinema esta noite.,gpt,prompt2,1.0,1.0638,0.9824,1.0154,Q1
135,manual_data,any port in a storm,qualquer porto numa tempestade,gemmaX,sem_prompt,1.0,1.0703,0.9758,1.0154,Q1
285,manual_data,He is working on his laptop.,"Ele está trabalhando em seu laptop.
",gemini,prompt2,1.0,1.0606,0.9853,1.0153,Q1
244,manual_data,He went fishing with his friends.,"Ele foi pescar com seus amigos.
",gemini,prompt2,1.0,1.0669,0.979,1.0153,Q1
537,manual_data,all in your head,Tudo na sua cabeça.,gemma3,prompt2,1.0,1.1199,0.9255,1.0152,Q1
301,manual_data,blood runs thicker than water,"O sangue é mais grosso que a água.
",gemma3,prompt2,1.0,1.1082,0.9374,1.0152,Q1
306,manual_data,She is arranging flowers in a vase.,Ela está arranjando flores em um vaso.,gemma3,prompt2,1.0,1.0701,0.9756,1.0152,Q1
485,manual_data,back to square one,De volta à estaca zero.,gemma3,prompt2,1.0,1.0797,0.9656,1.0151,Q1
98,manual_data,cold as ice,"Frio como gelo
",gemini,prompt2,1.0,1.0672,0.9781,1.0151,Q1
41,manual_data,She made breakfast for the family.,Ela fez o café da manhã para a família.,gemma3,prompt2,1.0,1.0722,0.9729,1.015,Q1
403,manual_data,an uphill battle,"Uma batalha difícil
",gemini,prompt2,0.9937,1.1239,0.9271,1.0149,Q1
377,manual_data,an uphill battle,"Uma batalha difícil
",gemini,prompt2,0.9937,1.1239,0.9271,1.0149,Q1
369,manual_data,They went to a restaurant for dinner.,Eles foram a um restaurante para o jantar.,gpt,prompt2,1.0,1.0661,0.9779,1.0147,Q1
408,manual_data,built like a tank,construído como um tanque,gemmaX,sem_prompt,1.0,1.0574,0.9865,1.0146,Q1
683,manual_data,He plays soccer every weekend.,"Ele joga futebol todo fim de semana.
",gemini,prompt2,1.0,1.0564,0.987,1.0145,Q1
437,manual_data,They are playing basketball in the yard.,Eles estão jogando basquete no quintal.,gemmaX,sem_prompt,1.0,1.0834,0.959,1.0142,Q1
22,manual_data,She is giving a presentation at work.,"Ela está fazendo uma apresentação no trabalho.
",gemma3,prompt2,1.0,1.0672,0.9747,1.014,Q1
551,manual_data,burning bridges,"Queimando pontes
",gemini,prompt2,1.0,1.108,0.9341,1.014,Q1
346,manual_data,She played cards with her friends.,"Ela jogou cartas com as amigas dela.
",gemini,prompt2,1.0,1.0651,0.9769,1.014,Q1
307,manual_data,They went shopping for new clothes.,Eles foram fazer compras de roupas novas.,gemma3,prompt2,1.0,1.0565,0.9854,1.014,Q1
67,manual_data,butterfly effect,efeito borboleta,gemmaX,sem_prompt,1.0,1.0525,0.9892,1.0139,Q1
187,manual_data,He read a book before bed.,"Ele leu um livro antes de dormir.
",gemini,prompt2,1.0,1.0649,0.9764,1.0138,Q1
62,manual_data,a skeleton in the closet,um esqueleto no armário,gpt,prompt2,1.0,1.0703,0.9713,1.0138,Q1
499,manual_data,They are having a discussion in the classroom.,Eles estão tendo uma discussão na sala de aula.,gpt,prompt2,1.0,1.0627,0.9786,1.0137,Q1
208,manual_data,He called his parents yesterday.,Ele chamou os pais dele ontem.,gpt,prompt2,1.0,1.06,0.9811,1.0137,Q1
4,manual_data,He likes to watch movies in his free time.,"Ele gosta de assistir filmes em seu tempo livre.
",gemini,prompt2,1.0,1.0589,0.9818,1.0136,Q1
422,manual_data,They are planning a trip to Europe.,"Eles estão planejando uma viagem para a Europa.
",gemini,prompt2,1.0,1.0619,0.9789,1.0136,Q1
527,manual_data,clear as crystal,"Claro como cristal
",gemini,prompt2,1.0,1.0569,0.9827,1.0132,Q1
516,manual_data,I made a cup of tea for myself.,Eu preparei uma xícara de chá para mim.,gemma3,prompt2,1.0,1.0924,0.9459,1.0128,Q1
449,manual_data,She cooked dinner for her family.,Ela cozinhou o jantar para a família dela.,gemma3,prompt2,1.0,1.0573,0.9787,1.012,Q1
542,manual_data,She had a meeting with her boss.,"Ela teve uma reunião com seu chefe.
",gemma3,prompt2,1.0,1.0648,0.9708,1.0119,Q1
35,manual_data,back to square one,"De volta à estaca zero.
",gemma3,prompt2,1.0,1.0692,0.9656,1.0116,Q1
65,manual_data,He took the bus to work.,"Ele pegou o ônibus para o trabalho.
",gemini,prompt2,1.0,1.0602,0.9737,1.0113,Q1
201,manual_data,He is doing his homework in the study room.,Ele está fazendo sua lição de casa na sala de estudo.,gemmaX,sem_prompt,1.0,1.0596,0.9739,1.0112,Q1
156,manual_data,a heart of gold,um coração de ouro,gpt,prompt2,0.996,1.0558,0.9811,1.0109,Q1
39,manual_data,They went to the theater to watch a play.,Eles foram ao teatro para assistir a uma peça.,gpt,prompt2,1.0,1.0546,0.9762,1.0103,Q1
394,manual_data,They are visiting the zoo.,"Eles estão visitando o zoológico.
",gemini,prompt2,1.0,1.0554,0.9741,1.0098,Q1
573,manual_data,She is playing with her cat.,"Ela está brincando com seu gato.
",gemini,prompt2,1.0,1.0526,0.9762,1.0096,Q1
635,manual_data,a piece of cake,um pedaço de bolo,gemmaX,sem_prompt,1.0,1.0488,0.98,1.0096,Q1
391,manual_data,He is playing soccer with his friends.,"Ele está jogando futebol com os amigos dele.
",gemini,prompt2,1.0,1.0492,0.9793,1.0095,Q1
541,manual_data,She is visiting her grandmother in the hospital.,Ela está visitando a avó dela no hospital.,gpt,prompt2,1.0,1.0573,0.971,1.0094,Q1
630,manual_data,like a fish out of water,"Como um peixe fora d'água.
",gemma3,prompt2,1.0,1.0841,0.9437,1.0093,Q1
470,manual_data,all the world's a stage,Todo o mundo é um palco,gemmaX,sem_prompt,1.0,1.0696,0.9583,1.0093,Q1
645,manual_data,She studied for the test all week.,Ela estudou para o teste a semana toda.,gpt,prompt2,1.0,1.0536,0.9741,1.0092,Q1
171,manual_data,comfort zone,"Zona de conforto
",gemini,prompt2,1.0,1.063,0.9639,1.009,Q1
402,manual_data,He is checking his email.,Ele está verificando seu e-mail.,gemma3,prompt2,1.0,1.0451,0.9816,1.0089,Q1
288,manual_data,She had a cup of soup for lunch.,Ela tomou uma xícara de sopa no almoço.,gemmaX,sem_prompt,1.0,1.0575,0.9686,1.0087,Q1
641,manual_data,They are having a family gathering at home.,"Eles estão fazendo uma reunião familiar em casa.
",gemini,prompt2,0.9912,1.056,0.9784,1.0085,Q1
476,manual_data,They went hiking in the mountains.,Eles foram fazer trilha nas montanhas.,gpt,prompt2,1.0,1.0497,0.9756,1.0084,Q1
196,manual_data,I went to the beach for vacation.,Eu fui para a praia de férias.,gpt,prompt2,1.0,1.0481,0.9769,1.0083,Q1
79,manual_data,She is cleaning the kitchen after dinner.,"Ela está limpando a cozinha depois do jantar.
",gemini,prompt2,1.0,1.0527,0.972,1.0082,Q1
275,manual_data,all in the same boat,todos no mesmo barco,gpt,prompt2,1.0,1.0565,0.9674,1.008,Q1
255,manual_data,heart of stone,coração de pedra,gemmaX,sem_prompt,1.0,1.0458,0.9775,1.0078,Q1
273,manual_data,He watched a football match on TV.,Ele assistiu a uma partida de futebol na TV.,gpt,prompt2,1.0,1.0383,0.9852,1.0078,Q1
513,manual_data,heart of stone,coração de pedra,gemmaX,sem_prompt,1.0,1.0458,0.9775,1.0078,Q1
342,manual_data,They cleaned the house on Saturday.,Eles limparam a casa no sábado.,gemma3,prompt2,1.0,1.0483,0.9747,1.0077,Q1
515,manual_data,They are enjoying a cup of coffee together.,"Eles estão aproveitando uma xícara de café juntos.
",gemma3,prompt2,1.0,1.0466,0.9753,1.0073,Q1
131,manual_data,They went for a swim at the pool.,"Eles foram nadar na piscina.
",gemini,prompt2,1.0,1.1255,0.896,1.0072,Q1
570,manual_data,The car stopped at the red light.,"O carro parou no semáforo vermelho.
",gemma3,prompt2,1.0,1.0484,0.9729,1.0071,Q1
464,manual_data,They are visiting their friends in the city.,"Eles estão visitando seus amigos na cidade.
",gemini,prompt2,0.9912,1.0524,0.9773,1.007,Q1
269,manual_data,He visited the museum with his class.,Ele visitou o museu com sua classe.,gemmaX,sem_prompt,1.0,1.0484,0.9726,1.007,Q1
435,manual_data,He is drinking tea in the morning.,Ele está bebendo chá de manhã.,gemma3,prompt2,1.0,1.0464,0.9744,1.0069,Q1
203,manual_data,They are making pizza together.,Eles estão fazendo pizza juntos.,gemma3,prompt2,1.0,1.0344,0.9862,1.0069,Q1
78,manual_data,bleeding heart,coração sangrante,gpt,prompt2,1.0,1.0432,0.9769,1.0067,Q1
668,manual_data,They went to a theme park for the day.,"Eles foram a um parque temático passar o dia.
",gemini,prompt2,0.9912,1.0517,0.9765,1.0065,Q1
58,manual_data,He is building a model airplane.,Ele está construindo um avião de modelo.,gemma3,prompt2,1.0,1.0412,0.9782,1.0065,Q1
712,manual_data,They are taking a family vacation.,Eles estão fazendo férias em família.,gpt,prompt2,1.0,1.0647,0.9548,1.0065,Q1
383,manual_data,He made a sandwich for lunch.,Ele fez um sanduíche para o almoço.,gpt,prompt2,1.0,1.0387,0.9806,1.0064,Q1
350,manual_data,a sinking ship,um navio afundando,gpt,prompt2,1.0,1.0348,0.9845,1.0064,Q1
474,manual_data,They had a barbecue in the backyard.,Eles fizeram um churrasco no quintal.,gemma3,prompt2,1.0,1.0431,0.9754,1.0061,Q1
82,manual_data,hard pill to swallow,uma pílula difícil de engolir,gemmaX,sem_prompt,1.0,1.0907,0.9273,1.006,Q1
497,manual_data,They went to a concert last night.,"Eles foram a um show ontem à noite.
",gemini,prompt2,1.0,1.0374,0.9803,1.0059,Q2
193,manual_data,He is playing the guitar in the living room.,"Ele está tocando guitarra na sala de estar.
",gemini,prompt2,1.0,1.0562,0.9611,1.0058,Q2
37,manual_data,She went to the library to study.,Ela foi à biblioteca para estudar.,gpt,prompt2,1.0,1.045,0.9725,1.0058,Q2
473,manual_data,She is preparing for a job interview.,"Ela está se preparando para uma entrevista de emprego.
",gemini,prompt2,1.0,1.0372,0.9802,1.0058,Q2
304,manual_data,an ounce of prevention is worth a pound of cure,"Um grama de prevenção vale um quilo de cura.
",gemini,prompt2,1.0,1.0628,0.9545,1.0058,Q2
482,manual_data,They went to the zoo with the kids.,"Eles foram ao zoológico com as crianças.
",gemini,prompt2,1.0,1.0697,0.9478,1.0058,Q2
672,manual_data,She is taking a picture of the flowers in the garden.,Ela está tirando uma foto das flores no jardim.,gemmaX,sem_prompt,1.0,1.0571,0.9601,1.0057,Q2
494,manual_data,as smooth as silk,suave como seda,gpt,prompt2,1.0,1.0672,0.9494,1.0055,Q2
315,manual_data,She is preparing dinner for the guests.,Ela está preparando o jantar para os convidados.,gpt,prompt2,1.0,1.044,0.9721,1.0054,Q2
221,manual_data,She is gardening in the backyard.,Ela está fazendo jardinagem no quintal.,gemmaX,sem_prompt,1.0,1.0417,0.9741,1.0053,Q2
679,manual_data,They enjoyed a picnic in the park.,Eles fizeram um piquenique no parque.,gemma3,prompt2,1.0,1.071,0.9444,1.0052,Q2
308,manual_data,big league,grande liga,gpt,prompt2,0.9769,1.0448,0.9935,1.0051,Q2
47,manual_data,I need to buy groceries this afternoon.,Preciso comprar mantimentos esta tarde.,gemmaX,sem_prompt,1.0,1.034,0.9809,1.005,Q2
129,manual_data,arm and a leg,"Um braço e uma perna
",gemini,prompt2,0.9926,1.1131,0.909,1.0049,Q2
619,manual_data,I worked on my computer for two hours.,Eu trabalhei no meu computador por duas horas.,gemmaX,sem_prompt,1.0,1.0334,0.9813,1.0049,Q2
31,manual_data,close to my heart,"Perto do meu coração.
",gemini,prompt2,1.0,1.078,0.9361,1.0047,Q2
546,manual_data,They are taking pictures in front of the monument.,Eles estão tirando fotos em frente ao monumento.,gemma3,prompt2,1.0,1.0342,0.98,1.0047,Q2
503,manual_data,She is typing on her computer.,Ela está digitando em seu computador.,gemmaX,sem_prompt,1.0,1.0321,0.9812,1.0044,Q2
514,manual_data,He took a walk in the park.,"Ele deu um passeio no parque.
",gemini,prompt2,1.0,1.0351,0.9778,1.0043,Q2
468,manual_data,all's fair in love and war,Tudo é justo no amor e na guerra,gemmaX,sem_prompt,1.0,1.0504,0.9626,1.0043,Q2
215,manual_data,fish out of water,peixe fora d'água,gpt,prompt2,1.0,1.0306,0.982,1.0042,Q2
371,manual_data,She is dancing to the music.,"Ela está dançando ao som da música.
",gemini,prompt2,1.0,1.0392,0.9727,1.004,Q2
586,manual_data,They are eating lunch together.,"Eles estão almoçando juntos.
",gemini,prompt2,1.0,1.051,0.9609,1.004,Q2
161,manual_data,a voice in the wilderness,"Uma voz no deserto
",gemini,prompt2,1.0,1.0528,0.9591,1.004,Q2
263,manual_data,She is watching a movie at the theater.,Ela está assistindo a um filme no cinema.,gpt,prompt2,1.0,1.0652,0.9462,1.0038,Q2
388,manual_data,She walked to the store.,"Ela caminhou até a loja.
",gemma3,prompt2,1.0,1.0384,0.9728,1.0037,Q2
25,manual_data,easy as pie,"Fácil como uma torta.
",gemini,prompt2,1.0,1.0398,0.9703,1.0034,Q2
571,manual_data,They are sitting around the campfire.,"Eles estão sentados ao redor da fogueira.
",gemini,prompt2,1.0,1.0332,0.9772,1.0034,Q2
34,manual_data,easy as pie,"Fácil como uma torta.
",gemini,prompt2,1.0,1.0398,0.9703,1.0034,Q2
682,manual_data,She is ironing her clothes.,"Ela está passando suas roupas.
",gemini,prompt2,0.9989,1.0342,0.9763,1.0031,Q2
309,manual_data,She is packing her suitcase for a trip.,Ela está arrumando sua mala para uma viagem.,gemma3,prompt2,1.0,1.0362,0.9727,1.003,Q2
426,manual_data,They went to the supermarket yesterday.,Eles foram ao supermercado ontem.,gemma3,prompt2,1.0,1.0324,0.9766,1.003,Q2
602,manual_data,He repaired the broken chair.,"Ele consertou a cadeira quebrada.
",gemini,prompt2,1.0,1.0711,0.9376,1.0029,Q2
152,manual_data,I am traveling to the mountains this weekend.,Estou viajando para as montanhas neste fim de semana.,gpt,prompt2,1.0,1.0315,0.9759,1.0025,Q2
194,manual_data,He is sitting on the chair.,"Ele está sentado na cadeira.
",gemini,prompt2,1.0,1.0362,0.9713,1.0025,Q2
319,manual_data,He visited his grandmother in the hospital.,Ele visitou sua avó no hospital.,gemma3,prompt2,1.0,1.0344,0.9729,1.0024,Q2
77,manual_data,She is baking cookies in the kitchen.,Ela está cozinhando biscoitos na cozinha.,gemmaX,sem_prompt,1.0,1.057,0.9503,1.0024,Q2
539,manual_data,She painted a picture of a landscape.,Ela pintou um quadro de uma paisagem.,gemma3,prompt2,1.0,1.0294,0.9775,1.0023,Q2
30,manual_data,a chip on your shoulder,um chip no seu ombro,gemmaX,sem_prompt,1.0,1.0747,0.9319,1.0022,Q2
522,manual_data,She enjoys walking in the park.,"Ela gosta de caminhar no parque.
",gemini,prompt2,1.0,1.0699,0.9364,1.0021,Q2
145,manual_data,a fly on the wall,"Uma mosca na parede.
",gemma3,prompt2,0.9962,1.0711,0.9385,1.0019,Q2
108,manual_data,break the ice,"Quebrar o gelo
",gemini,prompt2,0.9912,1.067,0.9467,1.0016,Q2
486,manual_data,break the ice,"Quebrar o gelo
",gemini,prompt2,0.9912,1.067,0.9467,1.0016,Q2
538,manual_data,He is writing a story for school.,"Ele está escrevendo uma história para a escola.
",gemini,prompt2,1.0,1.0271,0.9778,1.0016,Q2
198,manual_data,break the ice,"Quebrar o gelo
",gemini,prompt2,0.9912,1.067,0.9467,1.0016,Q2
258,manual_data,break the ice,"Quebrar o gelo
",gemini,prompt2,0.9912,1.067,0.9467,1.0016,Q2
392,manual_data,curiosity killed the cat,A curiosidade matou o gato.,gemma3,prompt2,1.0,1.0843,0.9189,1.0011,Q2
164,manual_data,curiosity killed the cat,A curiosidade matou o gato.,gemma3,prompt2,1.0,1.0843,0.9189,1.0011,Q2
66,manual_data,as easy as pie,"Tão fácil quanto uma torta.
",gemini,prompt2,0.9912,1.0365,0.9757,1.0011,Q2
88,manual_data,He is walking his dog in the park.,Ele está passeando com seu cachorro no parque.,gpt,prompt2,1.0,1.0296,0.9731,1.0009,Q2
361,manual_data,don't bite the hand that feeds you,"Não morda a mão que te alimenta.
",gemini,prompt2,0.9912,1.0876,0.9234,1.0008,Q2
56,manual_data,best of both worlds,"O melhor dos dois mundos.
",gemini,prompt2,1.0,1.0379,0.9638,1.0006,Q2
354,manual_data,They are attending a concert tonight.,"Eles estão indo a um show esta noite.
",gemini,prompt2,1.0,1.0607,0.941,1.0006,Q2
71,manual_data,He is feeding his pet hamster.,"Ele está alimentando seu hamster de estimação.
",gemini,prompt2,1.0,1.0226,0.9785,1.0004,Q2
436,manual_data,They enjoyed a family dinner together.,"Eles apreciaram um jantar em família juntos.
",gemini,prompt2,1.0,1.0231,0.9779,1.0003,Q2
543,manual_data,She is knitting a scarf for winter.,Ela está tricotando um cachecol para o inverno.,gpt,prompt2,1.0,1.0305,0.9701,1.0002,Q2
495,manual_data,a shot in the dark,"Um tiro no escuro
",gemini,prompt2,1.0,1.0318,0.9673,0.9997,Q2
416,manual_data,a blessing in disguise,"Uma bênção disfarçada
",gemini,prompt2,1.0,1.0394,0.959,0.9995,Q2
649,manual_data,They watched the sunrise at the beach.,"Eles assistiram o nascer do sol na praia.
",gemini,prompt2,1.0,1.0384,0.9592,0.9992,Q2
233,manual_data,"hope for the best, prepare for the worst","Esperar o melhor, preparar-se para o pior.
",gemini,prompt2,1.0,1.0403,0.9568,0.999,Q2
162,manual_data,He went to the gym to lift weights.,"Ele foi à academia para levantar pesos.
",gemini,prompt2,1.0,1.026,0.9706,0.9989,Q2
36,manual_data,devil's advocate,Defensor do diabo,gemma3,prompt2,1.0,1.0666,0.9298,0.9988,Q2
59,manual_data,devil's advocate,Defensor do diabo,gemma3,prompt2,1.0,1.0666,0.9298,0.9988,Q2
281,manual_data,dead in the water,morto na água,gpt,prompt2,0.991,1.0166,0.9888,0.9988,Q2
688,manual_data,dead in the water,morto na água,gpt,prompt2,0.991,1.0166,0.9888,0.9988,Q2
595,manual_data,a weight on my shoulders,um peso sobre os meus ombros,gpt,prompt2,1.0,1.0159,0.98,0.9987,Q2
359,manual_data,black as coal,"Preto como carvão
",gemini,prompt2,1.0,1.0142,0.9816,0.9986,Q2
534,manual_data,at a snail's pace,a um ritmo de lesma,gemmaX,sem_prompt,0.9992,1.0211,0.9751,0.9985,Q2
625,manual_data,They are chatting in the living room.,Eles estão conversando na sala de estar.,gpt,prompt2,1.0,1.0637,0.9281,0.9973,Q2
710,manual_data,He is studying for his exams.,Ele está estudando para os exames dele.,gpt,prompt2,1.0,1.0163,0.9744,0.9969,Q2
423,manual_data,big picture,O quadro geral,gemma3,prompt2,1.0,1.0339,0.9565,0.9968,Q2
594,manual_data,They are taking a walk along the beach.,Estão a dar um passeio na praia.,gemmaX,sem_prompt,1.0,1.0472,0.9432,0.9968,Q2
459,manual_data,They traveled to the mountains for vacation.,Eles viajaram para as montanhas nas férias.,gpt,prompt2,1.0,1.0336,0.9561,0.9966,Q2
133,manual_data,He is drawing a picture of his dog.,"Ele está desenhando um retrato do seu cachorro.
",gemini,prompt2,1.0,1.0442,0.9446,0.9963,Q2
481,manual_data,a place in the sun,Um lugar ao sol,gemmaX,sem_prompt,1.0,1.0243,0.9635,0.9959,Q2
212,manual_data,"if you can't stand the heat, get out of the kitchen","Se não aguenta o calor, saia da cozinha.
",gemini,prompt2,1.0,1.0404,0.9472,0.9959,Q2
686,manual_data,He worked on his computer for hours.,Ele trabalhou no computador dele por horas.,gemma3,prompt2,1.0,1.0041,0.9833,0.9958,Q2
243,manual_data,close to my heart,"Perto do meu coração.
",gemma3,prompt2,1.0,1.0512,0.9361,0.9958,Q2
566,manual_data,He is cleaning the garage.,"Ele está limpando a garagem.
",gemini,prompt2,1.0,1.0167,0.9701,0.9956,Q2
210,manual_data,She danced at the party last night.,Ela dançou na festa ontem à noite.,gemmaX,sem_prompt,1.0,1.0105,0.976,0.9955,Q2
653,manual_data,She went to the gym for a workout.,Ela foi à academia para se exercitar.,gemma3,prompt2,1.0,1.0635,0.9229,0.9955,Q2
120,manual_data,change of tune,"Mudança de tom
",gemini,prompt2,0.9912,1.0777,0.9162,0.995,Q2
190,manual_data,She is watching the sunset from the balcony.,Ela está assistindo ao pôr do sol da varanda.,gpt,prompt2,1.0,1.011,0.973,0.9947,Q2
483,manual_data,I took a photo of the beautiful sunset.,Tirei uma foto do lindo pôr do sol.,gemmaX,sem_prompt,1.0,1.0339,0.95,0.9946,Q2
358,manual_data,don't put all your eggs in one basket,Não coloque todos os seus ovos na mesma cesta.,gemma3,prompt2,1.0,1.0285,0.9551,0.9945,Q2
367,manual_data,calm before the storm,calma antes da tempestade,gemmaX,sem_prompt,1.0,0.9968,0.9865,0.9944,Q2
224,manual_data,calm before the storm,calma antes da tempestade,gemmaX,sem_prompt,1.0,0.9968,0.9865,0.9944,Q2
174,manual_data,He went to the airport to catch a flight.,Ele foi para o aeroporto para pegar um voo.,gemmaX,sem_prompt,1.0,1.0152,0.9677,0.9943,Q2
536,manual_data,dressed to kill,vestida para matar,gpt,prompt2,1.0,0.9944,0.988,0.9941,Q2
489,manual_data,He is watering the plants.,"Ele está regando as plantas.
",gemini,prompt2,1.0,1.012,0.9705,0.9941,Q2
524,manual_data,He is looking out the window at the rain.,"Ele está olhando pela janela para a chuva.
",gemma3,prompt2,1.0,1.0082,0.9739,0.994,Q2
245,manual_data,as clear as mud,Tão claro quanto barro.,gemma3,prompt2,1.0,1.0078,0.9737,0.9938,Q2
104,manual_data,He is having breakfast with his family.,"Ele está tomando café da manhã com a família dele.
",gemini,prompt2,1.0,1.0005,0.9806,0.9937,Q2
398,manual_data,butterflies in my stomach,borboletas no meu estômago,gpt,prompt2,1.0,1.0006,0.9802,0.9936,Q2
577,manual_data,They went to the library to borrow books.,Eles foram à biblioteca para pegar emprestado livros.,gemmaX,sem_prompt,1.0,1.0077,0.9729,0.9935,Q2
386,manual_data,a leopard can't change its spots,Um leopardo não pode mudar suas manchas.,gpt,prompt2,1.0,1.0577,0.9219,0.9932,Q2
466,manual_data,a storm in a teacup,Uma tempestade num copo d'água.,gemma3,prompt2,0.9994,1.0543,0.9256,0.9931,Q2
321,manual_data,a blessing in disguise,"Uma bênção disfarçada.
",gemini,prompt2,1.0,1.0309,0.9484,0.9931,Q2
428,manual_data,He traveled to Paris last year.,"Ele viajou para Paris no ano passado.
",gemini,prompt2,1.0,0.9958,0.983,0.9929,Q2
100,manual_data,He is making a cup of coffee.,Ele está fazendo uma xícara de café.,gpt,prompt2,1.0,1.0093,0.9687,0.9927,Q2
262,manual_data,He is repairing the broken chair.,"Ele está consertando a cadeira quebrada.
",gemini,prompt2,1.0,1.0421,0.9358,0.9926,Q2
411,manual_data,He is going for a bike ride.,Ele está indo para um passeio de bicicleta.,gemmaX,sem_prompt,1.0,1.0176,0.959,0.9922,Q2
310,manual_data,She attended a conference last week.,"Ela participou de uma conferência na semana passada.
",gemini,prompt2,1.0,0.9932,0.9832,0.9921,Q2
501,manual_data,She is painting a picture on the canvas.,Ela está pintando um quadro na tela.,gpt,prompt2,1.0,1.0027,0.973,0.9919,Q2
380,manual_data,don’t put all your eggs in one basket,Não coloque todos os ovos na mesma cesta.,gemma3,prompt2,1.0,1.0222,0.9535,0.9919,Q2
441,manual_data,give someone the cold shoulder,dar a alguém o ombro frio,gemmaX,sem_prompt,0.9983,1.0074,0.9683,0.9913,Q2
574,manual_data,He is fixing the car.,"Ele está consertando o carro.
",gemini,prompt2,1.0,1.0082,0.9651,0.9911,Q2
659,manual_data,don't cry over spilled milk,Não chore por leite derramado.,gemma3,prompt2,1.0,1.043,0.9289,0.9906,Q2
46,manual_data,burn your bridges,queime suas pontes,gemmaX,sem_prompt,0.9912,1.0018,0.9774,0.9901,Q2
347,manual_data,an old flame,uma antiga paixão,gemmaX,sem_prompt,0.9905,1.1141,0.8657,0.9901,Q2
23,manual_data,He went to a birthday party last night.,"Ele foi a uma festa de aniversário ontem à noite.
",gemini,prompt2,1.0,0.9917,0.9787,0.9901,Q2
460,manual_data,They went on a road trip last summer.,Eles fizeram uma viagem de carro no verão passado.,gpt,prompt2,1.0,1.0178,0.9517,0.9898,Q2
125,manual_data,blessing in disguise,Uma bênção disfarçada.,gemma3,prompt2,1.0,1.0383,0.9306,0.9897,Q2
27,manual_data,change of heart,"Mudança de coração
",gemini,prompt2,0.9912,1.0505,0.9276,0.9897,Q2
241,manual_data,don’t cry over spilled milk,Não chore por leite derramado.,gemma3,prompt2,1.0,1.043,0.9255,0.9895,Q2
469,manual_data,She is doing her hair in front of the mirror.,Ela está fazendo o cabelo na frente do espelho.,gemmaX,sem_prompt,0.9796,1.0218,0.9665,0.9893,Q2
685,manual_data,have a heart of stone,"Ter um coração de pedra.
",gemma3,prompt2,0.983,1.0742,0.9101,0.9891,Q2
715,manual_data,bird's eye view,visão de pássaro,gpt,prompt2,0.9912,1.0137,0.9608,0.9885,Q2
662,manual_data,carved in stone,"Esculpido em pedra
",gemini,prompt2,1.0,0.9927,0.9726,0.9884,Q2
148,manual_data,don't put all your eggs in one basket,"Não coloque todos os ovos na mesma cesta.
",gemini,prompt2,1.0,1.0091,0.9557,0.9883,Q2
604,manual_data,She went to the dentist for a check-up.,Ela foi ao dentista para um check-up.,gpt,prompt2,1.0,0.9898,0.974,0.9879,Q2
336,manual_data,He is going to the post office.,Ele está indo para a agência dos correios.,gemmaX,sem_prompt,1.0,1.024,0.9396,0.9878,Q2
179,manual_data,He is taking photos with his camera.,"Ele está tirando fotos com sua câmera.
",gemini,prompt2,1.0,0.9938,0.9692,0.9877,Q2
114,manual_data,He enjoyed a cup of coffee in the morning.,Ele apreciou uma xícara de café pela manhã.,gemma3,prompt2,1.0,0.9934,0.969,0.9875,Q2
675,manual_data,They are walking through the city streets.,"Eles estão caminhando pelas ruas da cidade.
",gemini,prompt2,1.0,0.9857,0.9766,0.9874,Q2
83,manual_data,a slap on the wrist,uma palmada no pulso,gpt,prompt2,0.9912,1.001,0.9686,0.9869,Q2
711,manual_data,darkest before dawn,"A noite mais escura antes do amanhecer.
",gemma3,prompt2,0.9888,1.0654,0.9065,0.9869,Q2
286,manual_data,clear as mud,claro como lama,gpt,prompt2,1.0,0.9674,0.992,0.9865,Q2
323,manual_data,He is drawing in his sketchbook.,"Ele está desenhando em seu caderno de esboços.
",gemma3,prompt2,0.9999,0.983,0.9764,0.9864,Q2
3,manual_data,They are riding bicycles in the neighborhood.,"Eles estão andando de bicicleta no bairro.
",gemini,prompt2,1.0,1.007,0.9516,0.9862,Q2
348,manual_data,They are reading a novel by the fireplace.,Estão a ler um romance junto da lareira.,gemmaX,sem_prompt,1.0,0.9873,0.9711,0.9861,Q2
189,manual_data,He went to the doctor for a check-up.,"Ele foi ao médico para um check-up.
",gemini,prompt2,1.0,0.9873,0.9709,0.9861,Q2
191,manual_data,blessing in disguise,"Uma bênção disfarçada.
",gemma3,prompt2,1.0,1.0278,0.9306,0.9861,Q2
540,manual_data,banging your head against a brick wall,bater a cabeça contra uma parede de tijolos,gemmaX,sem_prompt,0.9839,1.0106,0.9635,0.986,Q2
357,manual_data,cool as a cucumber,"Calmo como um pepino.
",gemini,prompt2,1.0,1.0606,0.8975,0.986,Q2
64,manual_data,cool as a cucumber,"Calmo como um pepino.
",gemini,prompt2,1.0,1.0606,0.8975,0.986,Q2
339,manual_data,She is playing piano in the evening.,"Ela está tocando piano à noite.
",gemini,prompt2,1.0,1.0413,0.9151,0.9855,Q2
102,manual_data,feast your eyes,"Delicie seus olhos
",gemini,prompt2,0.964,1.0196,0.9715,0.9851,Q2
590,manual_data,carry a torch,carregar uma tocha,gpt,prompt2,1.0,0.9784,0.9769,0.9851,Q2
624,manual_data,down to earth,"Pé no chão
",gemini,prompt2,0.988,1.0125,0.9547,0.9851,Q2
267,manual_data,down to earth,"Pé no chão
",gemini,prompt2,0.988,1.0125,0.9547,0.9851,Q2
109,manual_data,He went for a jog in the morning.,"Ele foi correr de manhã.
",gemini,prompt2,1.0,1.0147,0.9403,0.985,Q2
638,manual_data,against the clock,contra o relógio,gemmaX,sem_prompt,1.0,0.975,0.9801,0.985,Q2
467,manual_data,a tower of strength,uma torre de força,gemmaX,sem_prompt,1.0,0.9671,0.9861,0.9844,Q2
251,manual_data,as free as a bird,Livre como um pássaro,gemmaX,sem_prompt,0.986,1.0304,0.9364,0.9843,Q2
186,manual_data,bury your head in the sand,enterre sua cabeça na areia,gemmaX,sem_prompt,1.0,0.9791,0.9731,0.9841,Q2
615,manual_data,black mark,marca negra,gpt,prompt2,1.0,0.959,0.9924,0.9838,Q2
443,manual_data,all in a day's work,"Tudo em um dia de trabalho.
",gemini,prompt2,0.9797,1.0158,0.955,0.9835,Q2
99,manual_data,He is attending a wedding.,"Ele está indo a um casamento.
",gemini,prompt2,1.0,1.0455,0.904,0.9832,Q2
277,manual_data,a mountain to climb,"Uma montanha para escalar
",gemini,prompt2,1.0,0.9796,0.9701,0.9832,Q2
272,manual_data,crack the code,quebrar o código,gemmaX,sem_prompt,0.9912,1.0323,0.9262,0.9832,Q2
696,manual_data,like a fish to water,Como um peixe na água.,gemma3,prompt2,0.9914,1.0774,0.8801,0.983,Q2
236,manual_data,ball of fire,bola de fogo,gemmaX,sem_prompt,0.9963,0.9693,0.9831,0.9829,Q2
698,manual_data,adding fuel to the fire,Acrescentando combustível ao fogo,gemmaX,sem_prompt,1.0,1.0068,0.9419,0.9829,Q2
612,manual_data,She is shopping for groceries.,Ela está comprando mantimentos.,gemmaX,sem_prompt,1.0,1.0163,0.9314,0.9826,Q2
678,manual_data,He did some gardening in the afternoon.,Ele fez um pouco de jardinagem à tarde.,gemmaX,sem_prompt,1.0,0.9748,0.9727,0.9825,Q2
126,manual_data,He is cutting vegetables for dinner.,Ele está cortando legumes para o jantar.,gpt,prompt2,1.0,0.9712,0.976,0.9824,Q2
702,manual_data,in the same boat,no mesmo barco,gemmaX,sem_prompt,1.0,0.9606,0.9854,0.982,Q2
553,manual_data,He is waiting for the bus.,"Ele está esperando o ônibus.
",gemini,prompt2,1.0,0.9728,0.9722,0.9817,Q2
18,manual_data,She is giving a speech at the conference.,Ela está fazendo um discurso na conferência.,gemma3,prompt2,1.0,0.9697,0.9748,0.9815,Q2
182,manual_data,clean bill of health,Saúde perfeita,gemma3,prompt2,0.9701,1.1475,0.8263,0.9813,Q2
439,manual_data,flying high,"Voando alto
",gemini,prompt2,1.0,0.9756,0.9677,0.9811,Q2
115,manual_data,ball is in your court,"A bola está no seu campo.
",gemini,prompt2,0.9996,0.9851,0.9587,0.9811,Q2
68,manual_data,They watched a TV show in the evening.,"Eles assistiram a um programa de TV à noite.
",gemma3,prompt2,1.0,1.023,0.9196,0.9808,Q2
219,manual_data,break the mold,quebrar o molde,gemmaX,sem_prompt,1.0,0.9759,0.9665,0.9808,Q2
440,manual_data,bring home the bacon,trazer o pão para casa,gpt,prompt2,1.0,0.9601,0.9823,0.9808,Q2
274,manual_data,climbing the corporate ladder,subindo a escada corporativa,gemmaX,sem_prompt,1.0,0.9629,0.978,0.9803,Q2
508,manual_data,let sleeping dogs lie,Deixe os cães dormirem,gemmaX,sem_prompt,1.0,1.0849,0.8552,0.98,Q2
324,manual_data,a new lease on life,uma nova chance na vida,gpt,prompt2,1.0,1.1035,0.836,0.9798,Q2
107,manual_data,as old as the hills,"Tão velho quanto as colinas
",gemini,prompt2,0.9981,0.9645,0.9764,0.9797,Q2
225,manual_data,He attended a wedding last weekend.,"Ele foi a um casamento no fim de semana passado.
",gemini,prompt2,1.0,1.0126,0.9257,0.9794,Q2
535,manual_data,He is taking a nap on the couch.,Ele está tirando uma soneca no sofá.,gemma3,prompt2,0.9998,0.9727,0.9605,0.9777,Q2
89,manual_data,add fuel to the fire,acrescentar lenha na fogueira,gpt,prompt2,1.0,0.952,0.9807,0.9776,Q2
434,manual_data,He went to the gym for a workout session.,"Ele foi à academia para uma sessão de treino.
",gemma3,prompt2,1.0,0.981,0.9517,0.9776,Q2
448,manual_data,They are driving to the countryside.,Eles estão dirigindo para o interior.,gpt,prompt2,1.0,0.968,0.9629,0.977,Q2
366,manual_data,busy as a bee,ocupado como uma abelha,gpt,prompt2,0.9902,0.9691,0.9715,0.9769,Q2
178,manual_data,as easy as shooting fish in a barrel,"Tão fácil quanto atirar em peixes num barril.
",gemini,prompt2,0.9759,1.0194,0.9345,0.9766,Q2
406,manual_data,as good as gold,tão bom quanto o ouro,gemmaX,sem_prompt,0.9846,0.9546,0.9889,0.976,Q2
303,manual_data,hard nut to crack,um problema difícil de resolver,gemmaX,sem_prompt,0.999,1.1139,0.8141,0.9757,Q2
