indice,dataset,modelo,prompt,ingles_original,portugues_traduzido,label,xcomet_xl
230,manual_data,gemma3,prompt4,all thumbs,"Sem jeito.
",1,684
396,manual_data,gemma3,prompt4,beat a hasty retreat,Dar ré no relento.,1,683
129,manual_data,gemma3,prompt4,arm and a leg,"Ver o sono eterno.
",1,682
94,manual_data,gemma3,prompt4,cutting corners,"Fazer gambiarras.
",1,681
422,manual_data,gemma3,prompt4,They are planning a trip to Europe.,Eles estão traçando rotas para o Velho Mundo.,0,680
220,manual_data,gemma3,prompt4,ace in the hole,Ás na manga.,1,679
641,manual_data,gemma3,prompt4,They are having a family gathering at home.,"Reunião de ninhos em voo doméstico.
",0,678
65,manual_data,gemma3,prompt4,He took the bus to work.,"Ele pegou a carruagem para o labor.
",0,677
193,manual_data,gemma3,prompt4,He is playing the guitar in the living room.,Ele dedilha o violão na sala.,0,676
229,manual_data,gemma3,prompt4,blind as a bat,Ir para o beleléu.,1,675
500,manual_data,gemma3,prompt4,behind the eight ball,"Em apuros.
",1,674
334,manual_data,gemma3,prompt4,cut the mustardcross that bridge when you come to it,Não se preocupe com isso por enquanto.,1,673
541,manual_data,gemma3,prompt4,She is visiting her grandmother in the hospital.,"Ela está levando flores para a casa de repouso da avó.
",0,672
637,manual_data,gemma3,prompt4,close call,"Por um triz.
",1,671
678,manual_data,gemma3,prompt4,He did some gardening in the afternoon.,Ele cuidou do jardim na tarde.,0,670
544,manual_data,gemma3,prompt4,She took the train to the city.,Ela embarcou nos trilhos rumo à metrópole.,0,669
576,manual_data,gemma3,prompt4,They went to a museum last month.,Visitaram um espelho do tempo no mês passado.,0,668
189,manual_data,gemma3,prompt4,He went to the doctor for a check-up.,Foi dar um trato no corpo.,0,667
66,manual_data,gemma3,prompt4,as easy as pie,"Esticar o macarrão.
",1,666
77,manual_data,gemma3,prompt4,She is baking cookies in the kitchen.,Ela está aprimorando memórias no coração do lar.,0,665
178,manual_data,gemma3,prompt4,as easy as shooting fish in a barrel,Moleza.,1,664
713,manual_data,gemma3,prompt4,cat got your tongue,Que falta de palavras te pegou?,1,663
437,manual_data,gemma3,prompt4,They are playing basketball in the yard.,"Eles estão se divertindo à toa no quintal.
",0,662
483,manual_data,gemma3,prompt4,I took a photo of the beautiful sunset.,Capturei o crepúsculo em um raio de luz.,0,661
682,manual_data,gemma3,prompt4,She is ironing her clothes.,Ela está a passadeira do seu futuro.,0,660
326,manual_data,gemma3,prompt4,a rolling stone gathers no moss,"Quem não se move, não cresce.",1,659
370,manual_data,gemma3,prompt4,all thumbs,Ser desajeitado de matar.,1,658
669,manual_data,gemma3,prompt4,burn the midnight oil,"Queimar o vigília.
",1,657
111,manual_data,gemma3,prompt4,give someone a run for their money,Dar trabalho para os ossos.,1,656
672,manual_data,gemini,prompt4,She is taking a picture of the flowers in the garden.,"Ela está roubando um pedaço do jardim.
",0,655
175,manual_data,gemma3,prompt4,as mad as a hatter,Enlouquecer.,1,655
137,manual_data,gemma3,prompt4,bare bones,Entendido.,1,654
95,manual_data,gemini,prompt4,actions speak louder than words,"A prática é a prova.
",1,654
30,manual_data,gemma3,prompt4,a chip on your shoulder,Uma brasa acesa.,1,653
282,manual_data,gemma3,prompt4,bite the big one,Esticar as canelas.,1,652
23,manual_data,gemini,prompt4,He went to a birthday party last night.,"Ele foi à festa de aniversário ontem à noite.
",0,651
515,manual_data,gemma3,prompt4,They are enjoying a cup of coffee together.,Compartilham um instante de calor e aroma.,0,651
529,manual_data,gemini,prompt4,cutting corners,"Fazer gambiarras
",1,650
295,manual_data,gemma3,prompt4,an arm and a leg,"Vender a alma.
",1,650
509,manual_data,gemini,prompt4,a snowball's chance in hell,"Nenhuma chance, nem uma migalha.
",1,649
696,manual_data,gemma3,prompt4,like a fish to water,Como se estivesse em casa.,1,649
81,manual_data,gemini,prompt4,They are having coffee at the café.,"Estão a tomar um café no ninho da conversa.
",0,648
104,manual_data,gemma3,prompt4,He is having breakfast with his family.,Ele está rompendo o jejum com quem o espera à mesa.,0,648
443,manual_data,gemma3,prompt4,all in a day's work,Rotina.,1,647
288,manual_data,gemini,prompt4,She had a cup of soup for lunch.,"Ela almoçou uma caneca de sopa.
",0,647
245,manual_data,gemma3,prompt4,as clear as mud,"Entendido.
",1,646
218,manual_data,gemini,prompt4,chip off the old block,"Filho de peixe, peixinho é.
",1,646
72,manual_data,gemma3,prompt4,I like to drink coffee in the morning.,A manhã me abraça com o aroma escuro.,0,645
664,manual_data,gemini,prompt4,chip off the old block,"Filho de peixe, peixinho é.
",1,645
96,manual_data,gemma3,prompt4,chip on the shoulder,"Ter uma brasa acesa.
",1,644
53,manual_data,gemini,prompt4,as right as rain,"Em dia.
",1,644
180,manual_data,gemma3,prompt4,ants in your pants,Pulando a fralda.,1,643
206,manual_data,gemini,prompt4,birds of a feather flock together,"Deus os acerta e eles se juntam.
",1,643
385,manual_data,gemini,prompt4,close shave,"Raspar por um triz.
",1,642
314,manual_data,gemma3,prompt4,fall on deaf ears,Cair em ouvidos moucos.,1,642
105,manual_data,gemma3,prompt4,blind as a bat,"Ir para o andar dos mortos.
",1,641
428,manual_data,gemini,prompt4,He traveled to Paris last year.,"Ele flanou por Paris no ano findo.
",0,641
586,manual_data,gemma3,prompt4,They are eating lunch together.,"Compartilham um pedaço de tempo.
",0,640
690,manual_data,gemma3,prompt4,"easy come, easy go","Rápido chega, rápido se vai.",1,639
168,manual_data,gemini,prompt4,butter wouldn’t melt in their mouth,"Não ter sangue de barata.
",1,639
99,manual_data,gemini,prompt4,He is attending a wedding.,"Ele está de copo cheio.
",0,638
170,manual_data,gemma3,prompt4,by the seat of your pants,"De improviso, no fio da navalha.",1,638
281,manual_data,gemini,prompt4,dead in the water,"Aflito/a, sem saída.
",1,637
695,manual_data,gemma3,prompt4,as plain as day,"Entendido.
",1,637
4,manual_data,gemma3,prompt4,He likes to watch movies in his free time.,"Ele se perde nas telonas quando o tempo é dele.
",0,636
469,manual_data,gemma3,prompt4,She is doing her hair in front of the mirror.,Ela se ajeita diante do espelho.,0,635
523,manual_data,gemini,prompt4,go the extra mile,"Dar o braço a torcer.
",1,635
360,manual_data,gemma3,prompt4,ants in your pants,Pulando a friteira.,1,634
121,manual_data,gemini,prompt4,paint the town red,"Arrasar na noite.
",1,634
402,manual_data,gemma3,prompt4,He is checking his email.,Ele está espiando a caixa de entrada.,0,633
69,manual_data,gemini,prompt4,She is brushing her teeth before bed.,"Ela está preparando a noite para dormir.
",0,633
386,manual_data,gemma3,prompt4,a leopard can't change its spots,A natureza não muda.,1,632
629,manual_data,gemma3,prompt4,as clear as day,Na lata.,1,631
278,manual_data,gemini,prompt4,break the back of it,"Quebrar o galho.
",1,631
434,manual_data,gemma3,prompt4,He went to the gym for a workout session.,Ele foi à academia para dar um gás.,0,630
341,manual_data,gemini,prompt4,get your ducks in a row,"Colocar os pingos nos ""is"".
",1,629
196,manual_data,gemma3,prompt4,I went to the beach for vacation.,Deixei-me levar pela orla da alma.,0,628
185,manual_data,gemma3,prompt4,cat's out of the bag,"A verdade veio à tona.
",1,627
608,manual_data,gemini,prompt4,have a lot on your plate,"Estar com a corda toda.
",1,626
426,manual_data,gemma3,prompt4,They went to the supermarket yesterday.,Foram buscar sustento no reino dos açougues e corredores.,0,626
418,manual_data,gemma3,prompt4,blue collar,Mão de obra.,1,625
650,manual_data,gemini,prompt4,butter wouldn't melt,"Não ter sangue de barata.
",1,624
130,manual_data,gemini,prompt4,as hungry as a wolf,"Faminto como um lobo.
",1,623
39,manual_data,gemma3,prompt4,They went to the theater to watch a play.,Foram ao palco assistir à encenação.,0,623
668,manual_data,gemma3,prompt4,They went to a theme park for the day.,Passaram o dia num mundo de sonhos.,0,622
614,manual_data,gemini,prompt4,let the cat out of the bag,"Revelar o segredo.
",1,622
138,manual_data,gemma3,prompt4,bottom of the totem pole,"A base da hierarquia.
",1,621
542,manual_data,gemini,prompt4,She had a meeting with her boss.,"Ela teve um encontro com o leão.
",0,621
342,manual_data,gemma3,prompt4,They cleaned the house on Saturday.,Deixaram a casa brilhando no sábado.,0,620
50,manual_data,gemini,prompt4,blood is thicker than water,"Sangue do meu sangue.
",1,619
706,manual_data,gemini,prompt4,blood is thicker than water,"Sangue do meu sangue.
",1,618
210,manual_data,gemma3,prompt4,She danced at the party last night.,Ela se entregou à dança na festa passada.,0,618
42,manual_data,gemini,prompt4,She is talking on the phone.,"Ela está no fio.
",0,617
88,manual_data,gemma3,prompt4,He is walking his dog in the park.,"Ele passeia seu tempo no parque.
",0,617
665,manual_data,gemini,prompt4,cat nap,"Cochilo.
",1,616
300,manual_data,gemma3,prompt4,She is walking through the forest.,"Ela se aventura pela mata.
",0,616
222,manual_data,gemma3,prompt4,blind as a bat,Ir para o andar dos mortos.,1,615
307,manual_data,gemini,prompt4,They went shopping for new clothes.,"Foram às compras para trocar de pele.
",0,615
285,manual_data,gemma3,prompt4,He is working on his laptop.,Ele está debruçado sobre o teclado.,0,614
592,manual_data,gemini,prompt4,eat your heart out,"Roa-se de inveja.
",1,614
283,manual_data,gemini,prompt4,buy a lemon,"Comprar gato por lebre.
",1,613
346,manual_data,gemma3,prompt4,She played cards with her friends.,Ela passou a tarde se divertindo com as cartas e as amigas.,0,613
391,manual_data,gemma3,prompt4,He is playing soccer with his friends.,Ele está driblando a vida com a turma.,0,612
63,manual_data,gemini,prompt4,He is attending a business meeting.,"Ele está na arena dos negócios.
",0,612
344,manual_data,gemini,prompt4,cut the mustard,"Fazer a diferença.
",1,611
551,manual_data,gemma3,prompt4,burning bridges,Queimar as pontes.,1,609
5,manual_data,gemini,prompt4,She enjoys painting in her free time.,"Ela se entrega à pintura nos intervalos da vida.
",0,609
429,manual_data,gemini,prompt4,face like thunder,"Cara de poucos amigos.
",1,608
679,manual_data,gemma3,prompt4,They enjoyed a picnic in the park.,"Desfrutaram de um banquete ao ar livre, sob o céu.
",0,608
363,manual_data,gemini,prompt4,cat's meow,"O máximo.
",1,607
250,manual_data,gemma3,prompt4,bet the farm,Gastar as fichas.,1,607
0,manual_data,gemma3,prompt4,crack the whip,Apurar o chicote.,1,606
531,manual_data,gemini,prompt4,a far cry,"Claro, vamos lá:

**Far Cry:** Um Grito Distante
",1,605
286,manual_data,gemma3,prompt4,clear as mud,Entregar a pá de mão.,1,605
533,manual_data,gemma3,prompt4,chew the fat,"Bater um papo informal.
",1,604
132,manual_data,gemini,prompt4,blow a fuse,"Pirar a cabeça
",1,604
100,manual_data,gemini,prompt4,He is making a cup of coffee.,"Ele está botando o bule pra chiar.
",0,603
594,manual_data,gemma3,prompt4,They are taking a walk along the beach.,"Eles estão desenhando caminhos na areia.
",0,603
345,manual_data,gemini,prompt4,by the book,"À risca.
",1,602
578,manual_data,gemma3,prompt4,flying off the handle,Pirar a cabeça.,1,602
432,manual_data,gemma3,prompt4,come rain or shine,Em tempo bom ou mau.,1,601
390,manual_data,gemma3,prompt4,They are playing volleyball at the beach.,"Eles estão se divertindo na areia, buscando o ponto.",0,600
417,manual_data,gemini,prompt4,back against the wall,"Encurralado(a)
",1,600
228,manual_data,gemma3,prompt4,She is listening to music while cooking.,"Ela dança com os sabores enquanto a cozinha se rende.
",0,598
322,manual_data,gemma3,prompt4,bending over backwards,Fazer malabarismos.,1,597
412,manual_data,gemini,prompt4,bite the dust,"Ir para o beleléu.
",1,596
666,manual_data,gemma3,prompt4,chip on your shoulder,Uma brasa acesa.,1,595
476,manual_data,gemini,prompt4,They went hiking in the mountains.,"Aventuraram-se pelas entranhas da montanha.
",0,594
332,manual_data,gemini,prompt4,I am playing video games in my room.,"Estou navegando em mundos virtuais no meu refúgio.
",0,593
68,manual_data,gemma3,prompt4,They watched a TV show in the evening.,"Eles se entregaram à tela ao cair da noite.
",0,593
149,manual_data,gemma3,prompt4,bottom of the barrel,"O lixo que sobrou.
",1,592
90,manual_data,gemini,prompt4,in hot water,"Estar em maus lençóis.
",1,592
517,manual_data,gemini,prompt4,cooking up a storm,"Armando um mega-rebuliço.
",1,591
26,manual_data,gemma3,prompt4,blind as a bat,Ir para o beleléu.,1,591
683,manual_data,gemma3,prompt4,He plays soccer every weekend.,"Ele dribla o fim de semana a cada sábado e domingo.
",0,590
449,manual_data,gemma3,prompt4,She cooked dinner for her family.,Ela preparou o ninho para sua família.,0,589
214,manual_data,gemini,prompt4,get cold feet,"Amarelar
",1,589
123,manual_data,gemma3,prompt4,burning the midnight oil,Queimar a olheira.,1,588
527,manual_data,gemini,prompt4,clear as crystal,"Cristalino.
",1,588
582,manual_data,gemma3,prompt4,jump the gun,Antecipar a hora.,1,587
211,manual_data,gemma3,prompt4,close to home,"Perto do coração.
",1,586
339,manual_data,gemma3,prompt4,She is playing piano in the evening.,Ela tece melodias ao cair da noite.,0,585
58,manual_data,gemini,prompt4,He is building a model airplane.,"Ele está arquitetando um voo.
",0,585
519,manual_data,gemma3,prompt4,bend over backwards,Fazer malabarismos para conseguir.,1,584
306,manual_data,gemini,prompt4,She is arranging flowers in a vase.,"Ela está lapidando a beleza.
",0,584
262,manual_data,gemini,prompt4,He is repairing the broken chair.,"Ele está consertando os pedaços da vida.
",0,583
192,manual_data,gemma3,prompt4,a penny for your thoughts,Compartilhe o que está pensando.,1,583
590,manual_data,gemma3,prompt4,carry a torch,Guardar no coração.,1,582
329,manual_data,gemini,prompt4,in the bag,"No papo.
",1,582
235,manual_data,gemini,prompt4,finger on the pulse,"Estar com o dedo na tomada.
",1,581
213,manual_data,gemma3,prompt4,between the devil and the deep blue sea,"Entre o martelo e a bigorna.
",1,581
70,manual_data,gemma3,prompt4,blown out of the water,Afundado sem chance.,1,580
596,manual_data,gemini,prompt4,can't cut the mustard,"Não ter a manha.
",1,580
552,manual_data,gemma3,prompt4,burn a hole in your pocket,Estar sobrando de sobra.,1,579
435,manual_data,gemma3,prompt4,He is drinking tea in the morning.,Ele saboreia a aurora em xícaras.,0,578
622,manual_data,gemini,prompt4,beat around the bush,"Dar voltas.
",1,578
383,manual_data,gemini,prompt4,He made a sandwich for lunch.,"Ele preparou um lanche para o almoço.
",0,577
716,manual_data,gemma3,prompt4,by a long shot,De forma alguma.,1,577
673,manual_data,gemini,prompt4,They are having a barbecue in the garden.,"Estão assando um sol no quintal.
",0,576
506,manual_data,gemma3,prompt4,bend over backward,Fazer fogo com água.,1,576
457,manual_data,gemini,prompt4,beef up,"Engrossar a parada.
",1,575
649,manual_data,gemma3,prompt4,They watched the sunrise at the beach.,"Eles brindaram o amanhecer à beira-mar.
",0,575
369,manual_data,gemini,prompt4,They went to a restaurant for dinner.,"Foram jantar no ninho da cegonha.
",0,574
163,manual_data,gemma3,prompt4,another one bites the dust,Mais um tomou o atalho.,1,574
574,manual_data,gemini,prompt4,He is fixing the car.,"Ele está pondo a mão na graxa.
",0,573
497,manual_data,gemini,prompt4,They went to a concert last night.,"Eles foram regar as plantas ontem à noite.
",0,572
717,manual_data,gemini,prompt4,add insult to injury,"Botar mais lenha na fogueira.
",1,571
2,manual_data,gemma3,prompt4,let the cat out of the bag,"Esparramar a pulga.
",1,570
287,manual_data,gemini,prompt4,different strokes for different folks,"Gosto não se discute.
",1,570
142,manual_data,gemma3,prompt4,between a rock and a hard place,"Entre a cruz e a espada.
",1,569
252,manual_data,gpt,prompt4,flying by the seat of your pants,nas coxas.,1,569
691,manual_data,gemini,prompt4,bend over backwards,"Se esforçar ao máximo.
",1,568
244,manual_data,gemma3,prompt4,He went fishing with his friends.,"Partiu à pesca com a turma.
",0,568
628,manual_data,gemma3,prompt4,climbing the walls,Andar de unhas.,1,567
415,manual_data,gemini,prompt4,backseat driver,"Chico-esperto.
",1,567
159,manual_data,gemma3,prompt4,mind over matter,A força de vontade dobra a realidade.,1,565
398,manual_data,gpt,prompt4,butterflies in my stomach,Nervos à flor da pele.,1,565
162,manual_data,gemini,prompt4,He went to the gym to lift weights.,"Ele foi à academia para inflar os músculos.
",0,564
707,manual_data,gemma3,prompt4,as high as a kite,À deriva.,1,564
313,manual_data,gemma3,prompt4,as stubborn as a mule,Teimoso que só Deus me deu.,1,563
208,manual_data,gemini,prompt4,He called his parents yesterday.,"Ele ligou para a base ontem.
",0,563
319,manual_data,gemini,prompt4,He visited his grandmother in the hospital.,"Ele foi fazer companhia à avó no corredor da esperança.
",0,562
699,manual_data,gemma3,prompt4,They are playing board games in the living room.,"Eles estão desdobrando o mundo sobre a mesa na sala.
",0,562
1,manual_data,gemini,prompt4,blow off steam,"Desabafar
",1,561
433,manual_data,gpt,prompt4,get the ball rolling,dar o pontapé inicial,1,561
546,manual_data,gemma3,prompt4,They are taking pictures in front of the monument.,Estão eternizando o instante à sombra da memória.,0,561
577,manual_data,gemma3,prompt4,They went to the library to borrow books.,"Foram colher saberes na morada do conhecimento.
",0,560
271,manual_data,gpt,prompt4,by the skin of your teeth,por um fio,1,559
236,manual_data,gemma3,prompt4,ball of fire,Força da natureza.,1,559
451,manual_data,gemini,prompt4,hard as nails,"Duro na queda.
",1,558
154,manual_data,gemini,prompt4,blowing off steam,"Desabafar
",1,557
263,manual_data,gemma3,prompt4,She is watching a movie at the theater.,Ela se entrega à tela na penumbra do palco.,0,557
117,manual_data,gemma3,prompt4,going down in flames,Réu de fulgor.,1,556
701,manual_data,gemini,prompt4,She is making a smoothie for breakfast.,"Ela está preparando um raio de sol para o café da manhã.
",0,555
617,manual_data,gemini,prompt4,batten down the hatches,"Apertem os cintos.
",1,554
273,manual_data,gemma3,prompt4,He watched a football match on TV.,"Ele acompanhou um espetáculo de embates em uma tela.
",0,554
642,manual_data,gemini,prompt4,big time,"Em grande estilo
",1,553
190,manual_data,gemma3,prompt4,She is watching the sunset from the balcony.,Ela contempla o crepúsculo do dia a partir do vão da janela.,0,553
84,manual_data,gemini,prompt4,They are visiting a museum this afternoon.,"Eles vão passear nos olhos da tarde por um museu.
",0,551
431,manual_data,gemma3,prompt4,She is wearing a red dress.,"Ela veste um rubi.
",0,551
336,manual_data,gemma3,prompt4,He is going to the post office.,Ele vai levar os anseios à agência.,0,550
183,manual_data,gpt,prompt4,cold feet,pé atrás,1,549
498,manual_data,gemma3,prompt4,cat got your tongue,Perdeu as palavras?,1,549
459,manual_data,gemma3,prompt4,They traveled to the mountains for vacation.,Eles buscaram refúgio nas alturas para recarregar as energias.,0,548
45,manual_data,gemini,prompt4,spill the beans,"Abrir o bico
",1,547
597,manual_data,gemma3,prompt4,come down to earth,"Voltar para a realidade.
",1,546
231,manual_data,gemini,prompt4,chip on your shoulder,"Estar com a pulga atrás da orelha.
",1,546
376,manual_data,gemini,prompt4,bare bones,"Ossatura.
",1,545
113,manual_data,gemma3,prompt4,barking up the wrong tree,Estar no lugar errado.,1,545
715,manual_data,gpt,prompt4,bird's eye view,Visão de conjunto.,1,545
71,manual_data,gemma3,prompt4,He is feeding his pet hamster.,Ele nutre seu pequeno companheiro.,0,544
8,manual_data,gpt,prompt4,dime a dozen,de montão,1,544
16,manual_data,gemini,prompt4,card up your sleeve,"Trunfo na manga.
",1,544
204,manual_data,gemini,prompt4,blown out of proportion,"Inflado/a além da conta.
",1,543
625,manual_data,gemini,prompt4,They are chatting in the living room.,"Estão a soltar a língua na sala.
",0,542
328,manual_data,gemma3,prompt4,He is eating dinner with his family.,Ele está partilhando o pão com os seus.,0,542
684,manual_data,gpt,prompt4,at the drop of a hat,à toa,1,542
688,manual_data,gemini,prompt4,dead in the water,"A definhar.
",1,541
490,manual_data,gpt,prompt4,at the helm,no comando,1,541
176,manual_data,gpt,prompt4,cracking the whip,puxar as rédeas,1,540
254,manual_data,gemini,prompt4,She plays the piano beautifully.,"Ela acaricia o piano com alma.
",0,540
545,manual_data,gemma3,prompt4,break a leg,Arrase!,1,540
48,manual_data,gpt,prompt4,as bold as brass,destemido,1,539
648,manual_data,gpt,prompt4,back against the wall,com a corda no pescoço,1,538
49,manual_data,gpt,prompt4,close to the vest,jogar as cartas na mesa,1,537
487,manual_data,gemma3,prompt4,The train arrived at the station on time.,O trem chegou à estação no ponto marcado.,0,537
354,manual_data,gemini,prompt4,They are attending a concert tonight.,"Eles vão se jogar no som hoje à noite.
",0,537
368,manual_data,gemma3,prompt4,She visited the art gallery on Sunday.,Ela passeou pelo templo das cores no domingo.,0,536
393,manual_data,gpt,prompt4,barking up the wrong tree,Estar no caminho errado.,1,536
522,manual_data,gemma3,prompt4,She enjoys walking in the park.,"Ela encontra prazer em passear na brisa da vida.
",0,535
538,manual_data,gemini,prompt4,He is writing a story for school.,"Ele está tecendo uma história para a escola.
",0,535
78,manual_data,gemini,prompt4,bleeding heart,"Coração mole.
",1,534
365,manual_data,gpt,prompt4,by the skin of your teeth,por um fio,1,533
462,manual_data,gemma3,prompt4,cat got your tongue,"Perdeu as palavras?
",1,533
475,manual_data,gpt,prompt4,bite the bullet,Encarar a situação.,1,532
712,manual_data,gemma3,prompt4,They are taking a family vacation.,Eles estão embarcando em uma pausa da rotina em família.,0,532
173,manual_data,gemma3,prompt4,fingers crossed,Com os dedos cruzados.,1,531
355,manual_data,gpt,prompt4,bite the bullet,Encarar a situação.,1,531
126,manual_data,gemini,prompt4,He is cutting vegetables for dinner.,"Ele está fatiando a noite.
",0,531
203,manual_data,gemini,prompt4,They are making pizza together.,"Estão botando a mão na massa juntos.
",0,530
118,manual_data,gemma3,prompt4,break a leg,"Arrase!
",1,530
570,manual_data,gemma3,prompt4,The car stopped at the red light.,O carro parou no sinal de alerta.,0,529
316,manual_data,gemini,prompt4,He is writing an essay for school.,"Ele está botando as tripas no papel.
",0,528
571,manual_data,gemma3,prompt4,They are sitting around the campfire.,Eles estão reunidos à luz bruxuleante.,0,528
580,manual_data,gemma3,prompt4,bare your soul,"Desvendar a alma.
",1,527
79,manual_data,gemini,prompt4,She is cleaning the kitchen after dinner.,"Ela está lavando a alma da cozinha depois do jantar.
",0,527
92,manual_data,gpt,prompt4,beat a dead horse,bater na mesma tecla,1,526
140,manual_data,gemma3,prompt4,chomping at the bit,Mordendo as cordas.,1,526
450,manual_data,gpt,prompt4,ace in the hole,trunfo na manga,1,525
155,manual_data,gemini,prompt4,face the music,"Arrumar a casa.
",1,525
606,manual_data,gemma3,prompt4,Water boils at 100°C.,A água ferve aos cem graus.,0,524
382,manual_data,gemini,prompt4,She is practicing yoga in the park.,"Ela está se alongando com a natureza.
",0,524
114,manual_data,gemini,prompt4,He enjoyed a cup of coffee in the morning.,"Ele tomou um gole de sol pela manhã.
",0,523
413,manual_data,gemma3,prompt4,falling apart at the seams,"Desfazendo-se aos poucos.
",1,522
181,manual_data,gemini,prompt4,He is cleaning the windows.,"Ele está limpando a barra.
",0,522
405,manual_data,gpt,prompt4,bury the hatchet,fazer as pazes,1,522
195,manual_data,gemini,prompt4,come hell or high water,"A todo custo.
",1,521
657,manual_data,gemini,prompt4,The weather is very cold today.,"O frio hoje corta a carne.
",0,520
675,manual_data,gemma3,prompt4,They are walking through the city streets.,Eles desbravam as artérias da cidade.,0,520
294,manual_data,gemma3,prompt4,The sun rises in the east.,A aurora desponta no oriente.,0,519
635,manual_data,gemma3,prompt4,a piece of cake,Mamão com açúcar.,1,518
153,manual_data,gemma3,prompt4,They watched a movie on the weekend.,"Eles se perderam na tela do fim de semana.
",0,517
279,manual_data,gemini,prompt4,blowing off steam,"Desabafar.
",1,517
17,manual_data,gemini,prompt4,beating around the bush,"Ficar de rodeios.
",1,516
349,manual_data,gemma3,prompt4,caught between a rock and a hard place,"Entre a cruz e a espada.
",1,516
135,manual_data,gemma3,prompt4,any port in a storm,Qualquer porto é um abrigo.,1,515
25,manual_data,gemini,prompt4,easy as pie,"Moleza.
",1,514
352,manual_data,gemma3,prompt4,I called my friend last night.,"Estiquei o fio da noite até o meu amigo.
",0,514
710,manual_data,gemma3,prompt4,He is studying for his exams.,Ele está aprimorando as munições para a batalha.,0,513
305,manual_data,gpt,prompt4,come apart at the seams,desmoronar-se,1,513
473,manual_data,gemma3,prompt4,She is preparing for a job interview.,Ela está afinando a armadura para o embate.,0,512
674,manual_data,gpt,prompt4,jump the gun,correr com os pés pela frente,1,512
87,manual_data,gemini,prompt4,She is talking to her friend on the phone.,"Ela está tecendo confidências ao telefone.
",0,511
510,manual_data,gpt,prompt4,fighting a losing battle,lutar contra moinhos de vento,1,510
158,manual_data,gemini,prompt4,She made a salad for lunch.,"Ela preparou uma salada para o almoço.
",0,510
524,manual_data,gemma3,prompt4,He is looking out the window at the rain.,"Ele fitava a chuva pela janela, perdido em pensamentos.
",0,510
535,manual_data,gpt,prompt4,He is taking a nap on the couch.,Ele está dormindo no sofá.,0,509
484,manual_data,gemini,prompt4,bad egg,"Mau caráter.
",1,509
93,manual_data,gemini,prompt4,blind alley,"Saída sem saída.
",1,508
269,manual_data,gemma3,prompt4,He visited the museum with his class.,Ele guiou a turma pelos corredores da história.,0,507
493,manual_data,gemini,prompt4,hold your horses,"Aguenta a mão.
",1,507
639,manual_data,gemma3,prompt4,eye of the storm,"O epicentro.
",1,506
6,manual_data,gpt,prompt4,bite off more than you can chew,dar um passo maior que a perna,1,504
34,manual_data,gemma3,prompt4,easy as pie,"Moleza.
",1,504
548,manual_data,gemma3,prompt4,below the belt,Na lama abaixo do cinto.,1,503
588,manual_data,gemini,prompt4,hit the nail on the head,"Acertar na mosca.
",1,503
356,manual_data,gpt,prompt4,chase your tail,Correr em círculos.,1,503
399,manual_data,gemma3,prompt4,come up against a brick wall,Bater de frente com um muro.,1,502
187,manual_data,gemini,prompt4,He read a book before bed.,"Ele se afogou em palavras antes de dormir.
",0,502
293,manual_data,gpt,prompt4,crash course,curso intensivo,1,502
525,manual_data,gemini,prompt4,feeling under the weather,"Estar de cama.
",1,501
663,manual_data,gpt,prompt4,She brushed her teeth before bed.,Ela escovou os dentes antes de dormir.,0,501
33,manual_data,gemini,prompt4,get the show on the road,"Botar a mão na massa!
",1,500
409,manual_data,gemma3,prompt4,hit the sack,"Cair na cama.
",1,500
298,manual_data,gpt,prompt4,blood from a stone,extrair sangue de um turno,1,499
237,manual_data,gemini,prompt4,He is making tea in the kitchen.,"Ele está botando a chaleira pra cantar na cozinha.
",0,499
543,manual_data,gemini,prompt4,She is knitting a scarf for winter.,"Ela está tecendo o inverno.
",0,498
347,manual_data,gemma3,prompt4,an old flame,Uma paixão antiga.,1,498
556,manual_data,gemma3,prompt4,They are doing laundry in the basement.,"Eles estão varrendo a sujeira no porão.
",0,497
705,manual_data,gpt,prompt4,down in the dumps,deitado na tristeza,1,497
488,manual_data,gemini,prompt4,She took a nap after lunch.,"Ela deu um tempo para o sono depois do almoço.
",0,497
15,manual_data,gpt,prompt4,beggars can’t be choosers,"Quem não tem o que escolher, se contenta com o que tem.",1,496
169,manual_data,gemini,prompt4,be in hot water,"Estar em maus lençóis.
",1,496
227,manual_data,gemma3,prompt4,broad strokes,"Beleza.
",1,496
351,manual_data,gemma3,prompt4,drive me up the wall,Enlouquecer de tanta coisa.,1,495
499,manual_data,gemini,prompt4,They are having a discussion in the classroom.,"Estão a trocar ideias na sala de aula.
",0,495
171,manual_data,gemma3,prompt4,comfort zone,Zona de conforto.,1,494
134,manual_data,gpt,prompt4,bend over backwards,dar o máximo de si,1,493
464,manual_data,gemini,prompt4,They are visiting their friends in the city.,"Eles estão de passagem pela cidade dos amigos.
",0,492
256,manual_data,gemma3,prompt4,They are going to the cinema tonight.,Eles vão se perder nas sombras da tela esta noite.,0,492
31,manual_data,gemma3,prompt4,close to my heart,"No âmago do meu ser.
",1,491
647,manual_data,gemini,prompt4,hit the nail on the head,"Acertar em cheio
",1,491
234,manual_data,gpt,prompt4,get a grip,Tenha firmeza.,1,491
516,manual_data,gemini,prompt4,I made a cup of tea for myself.,"Preparei um chá para mim.
",0,490
671,manual_data,gemini,prompt4,blue in the face,"Falar até ficar roxo.
",1,488
714,manual_data,gpt,prompt4,barking up the wrong tree,Estar no lugar errado.,1,488
440,manual_data,gemma3,prompt4,bring home the bacon,Garantir o sustento.,1,487
693,manual_data,gpt,prompt4,dropping the ball,Deixar a desejar.,1,485
52,manual_data,gemini,prompt4,She went to the post office to send a package.,"Ela foi aos correios despachar um pedaço de saudade.
",0,484
656,manual_data,gemma3,prompt4,hold your horses,Acalme os ponis.,1,484
458,manual_data,gemma3,prompt4,be on cloud nine,Viver no paraíso.,1,483
19,manual_data,gemini,prompt4,She wrote a report for work.,"Ela botou um tijolo no trabalho.
",0,482
340,manual_data,gemma3,prompt4,go down in flames,Réu cair em chamas.,1,482
253,manual_data,gpt,prompt4,chasing your tail,correndo em círculos,1,481
20,manual_data,gpt,prompt4,ace up your sleeve,Ter um truque na manga.,1,480
266,manual_data,gemma3,prompt4,a fish out of water,Pescador em terra.,1,480
482,manual_data,gemma3,prompt4,They went to the zoo with the kids.,Levaram os pequenos para o reino animal.,0,479
141,manual_data,gemini,prompt4,on cloud nine,"Nas nuvens.
",1,479
120,manual_data,gpt,prompt4,change of tune,mudança de tom,1,479
607,manual_data,gemma3,prompt4,red herring,Pista falsa.,1,478
411,manual_data,gemini,prompt4,He is going for a bike ride.,"Ele vai dar uma banda de bicicleta.
",0,477
80,manual_data,gpt,prompt4,She is drinking water.,Ela está se hidratando.,0,477
601,manual_data,gemini,prompt4,She is making a salad for lunch.,"Ela está preparando uma salada para o almoço.
",0,476
240,manual_data,gemma3,prompt4,into thin air,"Em nada.
",1,476
41,manual_data,gemini,prompt4,She made breakfast for the family.,"Ela botou o sol na mesa para a família.
",0,475
446,manual_data,gemma3,prompt4,back on your feet,"De volta à labareda.
",1,474
179,manual_data,gemini,prompt4,He is taking photos with his camera.,"Ele está aprisionando momentos.
",0,474
215,manual_data,gpt,prompt4,fish out of water,fora do seu elemento,1,474
373,manual_data,gemma3,prompt4,bring to the table,Contribuir com.,1,473
689,manual_data,gemini,prompt4,another string to your bow,"Ter outra carta na manga.
",1,472
599,manual_data,gemma3,prompt4,bad apple,"Macieira podre.
",1,472
177,manual_data,gemini,prompt4,He is reading a newspaper.,"Ele está devorando o jornal.
",0,471
143,manual_data,gpt,prompt4,batten down the hatches,Fechar a tampa.,1,471
593,manual_data,gemma3,prompt4,I did the laundry yesterday.,"Eu ajudei as roupas a renascerem ontem.
",0,470
430,manual_data,gemini,prompt4,I am learning how to cook.,"Estou botando a mão na massa.
",0,470
460,manual_data,gemma3,prompt4,They went on a road trip last summer.,"Eles partiram em uma jornada sem rumo naquele verão.
",0,469
205,manual_data,gpt,prompt4,hand in glove,mão na luva,1,469
448,manual_data,gpt,prompt4,They are driving to the countryside.,Eles estão indo para o interior.,0,468
301,manual_data,gemini,prompt4,blood runs thicker than water,"Sangue do meu sangue.
",1,468
119,manual_data,gemma3,prompt4,The kids played in the playground.,"As crianças se esbaldaçavam no reino da diversão.
",0,467
652,manual_data,gpt,prompt4,She is organizing her closet.,Ela está organizando sua vida.,0,467
116,manual_data,gemma3,prompt4,"blood, sweat, and tears","Lágrimas, suor e sangue.
",1,466
260,manual_data,gpt,prompt4,diamond in the rough,gema bruta,1,466
145,manual_data,gpt,prompt4,a fly on the wall,mosca na parede,1,464
559,manual_data,gemini,prompt4,They are going for a run in the morning.,"Eles vão botar o esqueleto pra jogo de manhã.
",0,464
270,manual_data,gemini,prompt4,I visited my parents last weekend.,"Fui visitar meus pais no fim de semana passado.
",0,463
394,manual_data,gemma3,prompt4,They are visiting the zoo.,"Eles estão passeando pelo reino selvagem.
",0,463
350,manual_data,gpt,prompt4,a sinking ship,navio à deriva,1,462
709,manual_data,gemini,prompt4,crying over spilled milk,"Chorar sobre o leite derramado.
",1,462
59,manual_data,gemma3,prompt4,devil's advocate,Defender o indefensável.,1,461
550,manual_data,gemini,prompt4,make a mountain out of a molehill,"Fazer tempestade em copo d'água.
",1,461
124,manual_data,gpt,prompt4,come out of the woodwork,surgir do nada,1,461
147,manual_data,gemma3,prompt4,She bought a new phone last week.,Ela trocou de aparelho na semana passada.,0,460
692,manual_data,gemini,prompt4,bolt from the blue,"Trovão na cabeça
",1,460
645,manual_data,gemini,prompt4,She studied for the test all week.,"Ela mergulhou nos estudos a semana inteira.
",0,459
632,manual_data,gpt,prompt4,blaze a trail,abrir caminho,1,457
581,manual_data,gemma3,prompt4,They met their friends at the café.,Encontraram-se com os amigos no café.,0,457
9,manual_data,gemini,prompt4,They are having a picnic in the park.,"Estão fazendo um piquenique na vida.
",0,456
661,manual_data,gpt,prompt4,go the extra mile,ir além da conta,1,456
276,manual_data,gpt,prompt4,cold feet,arrepios,1,455
364,manual_data,gemini,prompt4,by the book,"À risca.
",1,455
563,manual_data,gemma3,prompt4,bitten by the bug,"Morder do inseto.
",1,454
374,manual_data,gemini,prompt4,crash and burn,"Ir por água abaixo
",1,454
40,manual_data,gpt,prompt4,falling through the cracks,ficar à margem,1,454
338,manual_data,gpt,prompt4,bad blood,rancor,1,453
388,manual_data,gemma3,prompt4,She walked to the store.,Ela trilhou até a mercearia.,0,453
612,manual_data,gemma3,prompt4,She is shopping for groceries.,"Ela está reabastecendo o celeiro.
",0,452
569,manual_data,gpt,prompt4,coming up roses,Tudo indo bem.,1,452
454,manual_data,gemini,prompt4,how the cookie crumbles,"Como a banda toca.
",1,452
439,manual_data,gemini,prompt4,flying high,"Nas nuvens.
",1,451
167,manual_data,gemma3,prompt4,honest as the day is long,Enquanto o dia for longo.,1,451
310,manual_data,gemini,prompt4,She attended a conference last week.,"Ela mergulhou em uma conferência na semana passada.
",0,448
280,manual_data,gemma3,prompt4,cook up a storm,"Cozinhar aos borbotões.
",1,447
144,manual_data,gpt,prompt4,all ears,com os ouvidos atentos,1,446
583,manual_data,gpt,prompt4,She worked on her project all afternoon.,Ela se dedicou ao seu projeto a tarde toda.,0,445
12,manual_data,gemini,prompt4,He is putting the groceries away.,"Ele está guardando as provisões.
",0,445
323,manual_data,gemini,prompt4,He is drawing in his sketchbook.,"Ele está garatujando no seu caderninho.
",0,444
636,manual_data,gpt,prompt4,call the shots,dar as cartas,1,443
704,manual_data,gemini,prompt4,frog in your throat,"Garganta seca
",1,442
76,manual_data,gpt,prompt4,early bird catches the worm,"Quem madruga, Deus ajuda.",1,442
186,manual_data,gemma3,prompt4,bury your head in the sand,"Virar a cara para o problema.
",1,442
567,manual_data,gemini,prompt4,She played tennis with her brother.,"Ela duelou tênis com o irmão.
",0,441
395,manual_data,gpt,prompt4,pull the plug,dar um ponto final,1,440
631,manual_data,gemma3,prompt4,"like father, like son",Herança de pai para filho.,1,439
216,manual_data,gemini,prompt4,over the moon,"Nas nuvens.
",1,439
423,manual_data,gpt,prompt4,big picture,visão geral,1,438
331,manual_data,gemma3,prompt4,She is playing with her children in the garden.,"Ela tece sorrisos no jardim, embalada pelos seus filhos.",0,436
13,manual_data,gemma3,prompt4,fit as a fiddle,Em plena forma.,1,435
489,manual_data,gemini,prompt4,He is watering the plants.,"Ele está regando as plantas.
",0,434
504,manual_data,gpt,prompt4,left out in the cold,deixado na rua da amargura,1,433
400,manual_data,gemini,prompt4,smooth sailing,"Vento em popa.
",1,433
317,manual_data,gpt,prompt4,beating a dead horse,bater em ferro frio,1,432
152,manual_data,gemma3,prompt4,I am traveling to the mountains this weekend.,Estou rumando às alturas neste fim de semana.,0,432
47,manual_data,gemma3,prompt4,I need to buy groceries this afternoon.,Preciso abastecer a despensa nesta tarde.,0,431
441,manual_data,gpt,prompt4,give someone the cold shoulder,dar o tratamento do desprezo,1,431
536,manual_data,gpt,prompt4,dressed to kill,Vestido para arrasar.,1,430
474,manual_data,gemma3,prompt4,They had a barbecue in the backyard.,"Eles armaram um luau no quintal.
",0,427
421,manual_data,gpt,prompt4,by a hair's breadth,por um triz,1,425
616,manual_data,gemma3,prompt4,call it a day,Dar um chega pra lá.,1,425
379,manual_data,gemini,prompt4,She is watching the stars at night.,"Ela namora as estrelas.
",0,425
653,manual_data,gemini,prompt4,She went to the gym for a workout.,"Ela foi à academia para suar a camisa.
",0,422
221,manual_data,gemma3,prompt4,She is gardening in the backyard.,Ela cultiva a alma no quintal.,0,420
521,manual_data,gpt,prompt4,dark horse,cavalo de Tróia,1,419
315,manual_data,gemini,prompt4,She is preparing dinner for the guests.,"Ela está botando a mesa para os convidados.
",0,419
455,manual_data,gemini,prompt4,He played video games all evening.,"Ele devorou videogames a noite inteira.
",0,418
514,manual_data,gemma3,prompt4,He took a walk in the park.,Ele deu um passeio pela vida.,0,418
397,manual_data,gemma3,prompt4,I went to the store to buy some bread.,Fui à mercearia em busca de um pedaço do cotidiano.,0,417
136,manual_data,gemma3,prompt4,I met my friends for lunch.,Encontrei minha turma para um rango.,0,416
579,manual_data,gemini,prompt4,catch lightning in a bottle,"Envasar um raio.
",1,416
38,manual_data,gpt,prompt4,fit as a fiddle,Em plena forma.,1,416
472,manual_data,gemini,prompt4,They have three children.,"Eles têm três rebentos.
",0,415
128,manual_data,gpt,prompt4,cast iron stomach,estômago de ferro,1,414
85,manual_data,gemini,prompt4,They are swimming at the pool.,"Eles estão nadando na piscina.
",0,414
131,manual_data,gemma3,prompt4,They went for a swim at the pool.,"Eles mergulharam no frescor azul.
",0,413
620,manual_data,gemma3,prompt4,man of the hour,A grande figura do momento.,1,412
371,manual_data,gpt,prompt4,She is dancing to the music.,Ela está dançando com a vida.,0,412
589,manual_data,gemini,prompt4,He sent an email to his colleague.,"Ele disparou um e-mail para o colega.
",0,412
387,manual_data,gpt,prompt4,couch potato,pessoa sedentária,1,411
414,manual_data,gemini,prompt4,They are jogging through the park.,"Eles estão passeando no parque.
",0,411
384,manual_data,gemma3,prompt4,hit the books,Dedicar-se aos estudos.,1,409
687,manual_data,gemini,prompt4,airing dirty laundry,"Lavar roupa suja em público.
",1,407
201,manual_data,gemma3,prompt4,He is doing his homework in the study room.,Ele está se dedicando aos seus estudos no refúgio do saber.,0,407
160,manual_data,gemini,prompt4,as good as done,"Quase no forno.
",1,406
226,manual_data,gemma3,prompt4,chill to the bone,Na medula.,1,404
249,manual_data,gpt,prompt4,bottom line,A essência da questão.,1,403
477,manual_data,gemini,prompt4,keep your chin up,"Anime-se!
",1,402
268,manual_data,gemma3,prompt4,happy as a clam,Tranquilo como uma ostra.,1,401
694,manual_data,gpt,prompt4,born with a silver spoon,nascido em berço de ouro,1,401
55,manual_data,gemma3,prompt4,She took a shower in the morning.,Ela lavou a alma pela manhã.,0,400
627,manual_data,gemini,prompt4,bigger fish to fry,"Ter outros galos para cantar.
",1,400
681,manual_data,gemini,prompt4,have the upper hand,"Levar a melhor.
",1,399
243,manual_data,gemma3,prompt4,close to my heart,"No âmago do meu ser.
",1,398
456,manual_data,gpt,prompt4,all bark and no bite,só latido e nenhum ataque,1,398
598,manual_data,gemini,prompt4,She is writing a letter to her friend.,"Ela despeja palavras no papel para a amiga.
",0,398
24,manual_data,gpt,prompt4,color outside the lines,pintar fora das linhas,1,397
207,manual_data,gpt,prompt4,get out of hand,sair do controle,1,395
292,manual_data,gemini,prompt4,They are painting the walls of their house.,"Eles estão dando cor à vida da casa.
",0,395
11,manual_data,gpt,prompt4,hold the fort,manter a posição,1,394
613,manual_data,gemini,prompt4,born with a silver spoon,"Nascer em berço de ouro.
",1,394
424,manual_data,gemini,prompt2,beat around the bush,"Ficar enrolando
",1,394
407,manual_data,gemma3,prompt4,She is putting on her shoes.,Ela está calçando a vida.,0,393
18,manual_data,gemini,prompt4,She is giving a speech at the conference.,"Ela está soltando a voz na conferência.
",0,393
686,manual_data,gpt,prompt4,He worked on his computer for hours.,Ele passou horas mergulhado em seu computador.,0,393
677,manual_data,gemma3,prompt4,chained to the desk,Preso à escrivaninha.,1,392
587,manual_data,gemma3,prompt4,He is taking a walk around the block.,Ele está dando um passeio para clarear as ideias.,0,391
165,manual_data,gemini,prompt2,by leaps and bounds,"A olhos vistos
",1,391
633,manual_data,gpt,prompt4,dare to dream,ouse sonhar,1,391
37,manual_data,gemini,prompt4,She went to the library to study.,"Ela foi à biblioteca para afiar o machado.
",0,391
166,manual_data,gemma3,prompt4,They are practicing their dance routine.,Eles estão ensaiando seus passos.,0,390
465,manual_data,gpt,prompt4,come out of your shell,sair do casulo,1,390
401,manual_data,gemma3,prompt4,She is sending a letter to her friend.,Ela está tecendo palavras para sua amiga.,0,389
297,manual_data,gemini,prompt2,caught red-handed,"De mãos dadas na massa
",1,388
549,manual_data,gemini,prompt2,caught red-handed,"De mãos dadas na massa
",1,388
320,manual_data,gpt,prompt4,caught in the crossfire,pegar no fogo cruzado,1,388
265,manual_data,gpt,prompt4,He cleaned the garage on Saturday.,Ele limpou a bagunça no sábado.,0,386
406,manual_data,gemma3,prompt4,as good as gold,"Tranquilo como um raio.
",1,386
496,manual_data,gemma3,prompt4,burst at the seams,"Explodir de tanta emoção/conteúdo.
",1,385
539,manual_data,gemini,prompt4,She painted a picture of a landscape.,"Ela pintou uma tela de paisagem.
",0,385
57,manual_data,gpt,prompt4,antsy as a cat on a hot tin roof,agitado como um gato em telhado de zinco quente,1,384
289,manual_data,gemma3,prompt4,cast the first stone,Atire a primeira pedra.,1,384
110,manual_data,gemma3,prompt4,finding your feet,Encontrar o caminho.,1,383
568,manual_data,gpt,prompt4,grasp at straws,agarrar-se a palhas,1,381
290,manual_data,gemini,prompt4,call a spade a spade,"Chamar o pão pão.
",1,381
112,manual_data,gemma3,prompt4,have a bone to pick,Ter um osso que roer.,1,380
547,manual_data,gemma3,prompt4,They went for a walk in the park.,"Passearam um pouco na praça da vida.
",0,379
560,manual_data,gemini,prompt4,adding insult to injury,"Piorar o que já está ruim.
",1,379
501,manual_data,gpt,prompt4,She is painting a picture on the canvas.,Ela está pintando um quadro na vida.,0,378
327,manual_data,gemini,prompt4,better half,"Minha cara-metade
",1,377
584,manual_data,gemma3,prompt2,bury the hatchet,Fazer as pazes,1,377
202,manual_data,gemma3,prompt4,They planted flowers in the garden.,"Semearam cores no jardim.
",0,377
420,manual_data,gemini,prompt2,at the drop of a hat,"A qualquer momento.
",1,376
348,manual_data,gemma3,prompt4,They are reading a novel by the fireplace.,"Absorvidos nas páginas, aquecidos pelo abraço da lareira.
",0,376
427,manual_data,gemma3,prompt4,She cleaned the kitchen after dinner.,Ela varreu a bagunça que a noite deixou para trás.,0,375
312,manual_data,gemma3,prompt4,rain on your parade,"Estragar as suas expectativas.
",1,374
518,manual_data,gemini,prompt4,fall through the cracks,"Passar despercebido.
",1,372
503,manual_data,gpt,prompt4,She is typing on her computer.,Ela está digitando no computador dela.,0,372
553,manual_data,gemma3,prompt4,He is waiting for the bus.,"Ele aguarda o ponto.
",0,372
43,manual_data,gpt,prompt4,all bark and no bite,"muito barulho, pouca ação",1,371
708,manual_data,gemma3,prompt4,foot in the door,Primeiro passo.,1,367
461,manual_data,gemini,prompt4,clear the air,"Aclarar as nuvens.
",1,367
558,manual_data,gemini,prompt2,as fit as a fiddle,"Em plena forma
",1,366
585,manual_data,gemini,prompt4,They are watching TV in the living room.,"Estão hipnotizados na sala.
",0,364
36,manual_data,gemma3,prompt4,devil's advocate,Diabo às costas.,1,362
357,manual_data,gpt,prompt4,cool as a cucumber,calmo como um lago,1,360
564,manual_data,gemma3,prompt2,blown away,"Maravilhado(a), impressionado(a), impressionado(a), chocado(a), atônito(a).
",1,359
471,manual_data,gemini,prompt4,"if the shoe fits, wear it","Se a carapuça servir, vista-a.
",1,359
330,manual_data,gpt,prompt4,dead as a doornail,morto como um doornail,1,358
615,manual_data,gemma3,prompt2,black mark,Mácula,1,357
626,manual_data,gemma3,prompt4,The dog ran across the yard.,"O cão cortou o quintal em disparada.
",0,356
89,manual_data,gpt,prompt4,add fuel to the fire,acirrar a situação,1,356
502,manual_data,gpt,prompt4,against the grain,na contramão,1,355
702,manual_data,gemma3,prompt4,in the same boat,"Na mesma enrascada.
",1,355
333,manual_data,gpt,prompt4,cut to the chase,Ir direto ao ponto.,1,354
654,manual_data,gemma3,prompt4,dropping like flies,Caindo como mosquitos.,1,353
248,manual_data,gemini,prompt4,call it quits,"Baixar a guarda.
",1,353
660,manual_data,gemma3,prompt4,back to basics,Voltar ao essencial.,1,352
561,manual_data,gemma3,prompt4,apple of discord,Discórdia primorosa.,1,351
103,manual_data,gemini,prompt4,a diamond in the rough,"Diamante bruto.
",1,350
217,manual_data,gpt,prompt2,once in a blue moon,"uma vez na vida, outra na morte",1,349
566,manual_data,gpt,prompt4,He is cleaning the garage.,Ele está arrumando a bagunça.,0,349
603,manual_data,gpt,prompt4,icing on the cake,cereja do bolo,1,348
182,manual_data,gemma3,prompt4,clean bill of health,Folha limpa.,1,348
700,manual_data,gpt,prompt4,dying to know,morrendo de curiosidade,1,346
609,manual_data,gemini,prompt4,a clean slate,"Folha em branco.
",1,346
232,manual_data,gpt,prompt4,chase rainbows,perseguir ilusões,1,345
623,manual_data,gemini,prompt4,go the extra mile,"Ir além e dar o seu melhor.
",1,344
161,manual_data,gemma3,prompt4,a voice in the wilderness,Uma voz no deserto.,1,343
512,manual_data,gpt,prompt4,hit the ground running,começar com o pé direito,1,342
667,manual_data,gemma3,prompt4,as gentle as a lamb,Doce como um beijo.,1,342
680,manual_data,gpt,prompt4,dive in headfirst,mergulhar de cabeça,1,341
109,manual_data,gemma3,prompt4,He went for a jog in the morning.,"Ele deu um mergulho na manhã.
",0,340
480,manual_data,gpt,prompt2,alive and kicking,vivendo e aprontando,1,340
575,manual_data,gemini,prompt4,I like to read books in the evening.,"Adoro navegar nos mares da noite, embalado pelas palavras dos livros.
",0,340
491,manual_data,gemini,prompt4,The dog is playing outside.,"O cão brinca ao relento.
",0,337
223,manual_data,gemma3,prompt4,call it a day,"Encerre a jornada.
",1,337
638,manual_data,gemma3,prompt4,against the clock,Na corda bamba do tempo.,1,336
634,manual_data,gemini,prompt4,at your wit’s end,"No fim da corda
",1,336
362,manual_data,gemini,prompt4,live to fight another day,"Viver para lutar outro dia.
",1,335
643,manual_data,gemma3,prompt4,a drop in the ocean,"Uma gota no oceano.
",1,334
670,manual_data,gemma3,prompt4,blind leading the blind,Cegos conduzindo cegos.,1,331
605,manual_data,gpt,prompt4,armed to the teeth,Armado até os dentes.,1,331
554,manual_data,gemini,prompt4,better safe than sorry,"É melhor prevenir do que remediar.
",1,330
436,manual_data,gemma3,prompt4,They enjoyed a family dinner together.,"Uniram-se à mesa, nutrindo laços.",0,330
353,manual_data,gemini,prompt2,burn the candle at both ends,"Viver perigosamente
",1,330
199,manual_data,gemini,prompt2,at the end of the day,"No fim das contas
",1,329
299,manual_data,gemma3,prompt4,beyond the pale,"Ultrapassar os limites do aceitável.
",1,329
133,manual_data,gemma3,prompt4,He is drawing a picture of his dog.,Ele está dando vida a um retrato do seu cão.,0,328
565,manual_data,gpt,prompt4,big shoes to fill,Um grande desafio a ser superado.,1,327
97,manual_data,gemini,prompt4,He washed his car yesterday.,"Ontem ele deu um trato no possante.
",0,327
200,manual_data,gemma3,prompt4,can't see the forest for the trees,"Perder a floresta por causa das árvores.
",1,327
151,manual_data,gemini,prompt2,cogs in the machine,"Peças da engrenagem
",1,326
102,manual_data,gpt,prompt4,feast your eyes,Delicie-se com a visão.,1,323
22,manual_data,gemma3,prompt4,She is giving a presentation at work.,"Ela está expondo suas cartas no trabalho.
",0,323
572,manual_data,gemma3,prompt4,He is working out in the gym.,Ele está se moldando na academia.,0,318
555,manual_data,gemini,prompt4,burnt to a crisp,"Torrado(a) como carvão.
",1,315
284,manual_data,gemini,prompt2,get a second wind,"Renovar as energias
",1,313
225,manual_data,gemma3,prompt4,He attended a wedding last weekend.,Ele testemunhou o enlace de almas no fim de semana passado.,0,313
408,manual_data,gemma3,prompt4,built like a tank,Forte como um touro.,1,311
194,manual_data,gemini,prompt4,He is sitting on the chair.,"Ele está sentado no trono.
",0,311
238,manual_data,gemini,prompt4,bite your lip,"Morder o lábio.
",1,309
410,manual_data,gemini,prompt2,burst your bubble,"Estragar a surpresa
",1,308
463,manual_data,gpt,prompt4,as busy as a bee,ativo como uma abelha.,1,307
530,manual_data,gpt,prompt4,cost an arm and a leg,custar os olhos da cara,1,306
337,manual_data,gpt,prompt4,bare your soul,expor a alma,1,305
604,manual_data,gemini,prompt4,She went to the dentist for a check-up.,"Ela foi ao dentista dar um trato nos dentes.
",0,304
492,manual_data,gpt,prompt4,coming full circle,retornar ao ponto de partida,1,304
445,manual_data,gemma3,prompt4,He ate his breakfast quickly.,"Ele engoliu o café da manhã.
",0,303
662,manual_data,gemini,prompt4,carved in stone,"Escrito em pedra.
",1,302
246,manual_data,gpt,prompt4,be a fly on the wall,ser uma mosca na parede,1,301
611,manual_data,gpt,prompt4,finding a needle in a haystack,achar uma agulha no palheiro,1,300
32,manual_data,gemini,prompt4,apple of my eye,"Menina dos meus olhos
",1,298
600,manual_data,gemini,prompt4,apple of my eye,"Menina dos meus olhos
",1,298
157,manual_data,gemini,prompt4,caught in a web,"Enredado na teia.
",1,297
389,manual_data,gemma3,prompt4,like riding a bike,Como andar de bicicleta.,1,296
197,manual_data,gpt,prompt4,as cool as a cucumber,tranquilo como um pepino,1,296
174,manual_data,gemini,prompt4,He went to the airport to catch a flight.,"Ele foi ao aeroporto pegar o voo da vida.
",0,296
308,manual_data,gemmaX,sem_prompt,big league,big league,1,296
73,manual_data,gpt,prompt4,"another day, another dollar","Mais um dia, mais um trocado.",1,295
83,manual_data,gemini,prompt2,a slap on the wrist,"Uma bronca leve
",1,295
261,manual_data,gemma3,prompt2,beat the clock,Vencer o tempo,1,291
467,manual_data,gemma3,prompt4,a tower of strength,"Pilastra de firmeza.
",1,291
10,manual_data,gemmaX,sem_prompt,leave no stone unturned,não deixar pedra sobre pedra,1,290
453,manual_data,gemma3,prompt4,black and blue,"Lívia e roxo.
",1,290
444,manual_data,gemma3,prompt4,eyes in the back of your head,Ter olhos nas costas.,1,289
60,manual_data,gemini,prompt2,burst your bubble,"Estragar a festa
",1,288
392,manual_data,gemma3,prompt4,curiosity killed the cat,A curiosidade matou o gato.,1,287
28,manual_data,gemma3,prompt4,food for thought,"Comida para a mente.
",1,286
619,manual_data,gemma3,prompt4,I worked on my computer for two hours.,Passei duas horas imerso no meu computador.,0,285
146,manual_data,gpt,prompt4,as sharp as a tack,afiado como uma faca.,1,284
507,manual_data,gpt,prompt4,back to the grind,De volta à ativa.,1,283
82,manual_data,gemini,prompt4,hard pill to swallow,"Um osso duro de roer.
",1,283
164,manual_data,gemma3,prompt4,curiosity killed the cat,A curiosidade matou o gato.,1,282
302,manual_data,gpt,prompt4,follow your nose,siga seu instinto,1,281
367,manual_data,gemma3,prompt4,calm before the storm,A calmaria antes da tempestade.,1,280
224,manual_data,gemma3,prompt4,calm before the storm,A calmaria antes da tempestade.,1,280
377,manual_data,gemma3,prompt2,an uphill battle,Uma batalha árdua,1,279
264,manual_data,gpt,prompt4,a penny saved is a penny earned,Um centavo guardado é um centavo ganho.,1,278
233,manual_data,gemma3,prompt4,"hope for the best, prepare for the worst","Aposte no sol, mas carregue o guarda-chuva.
",1,278
86,manual_data,gemma3,prompt4,cat on a hot tin roof,Gato sobre telhado de zinco quente.,1,276
479,manual_data,gemma3,prompt2,full plate,Prato cheio,1,276
125,manual_data,gemini,prompt2,blessing in disguise,"Mal que vem para o bem.
",1,275
303,manual_data,gemma3,prompt2,hard nut to crack,"Pessoa difícil de lidar.
",1,275
44,manual_data,gpt,prompt4,apple of discord,maçã da discórdia,1,275
520,manual_data,gemma3,prompt4,dance with the devil,Dançar com o diabo.,1,274
51,manual_data,gpt,prompt4,back to the drawing board,De volta à estaca zero.,1,271
658,manual_data,gpt,prompt4,blood runs cold,O sangue esfriou.,1,269
335,manual_data,gemini,prompt4,She works as a software engineer.,"Ela constrói pontes de código.
",0,269
404,manual_data,gemini,prompt2,make waves,"Causar impacto
",1,266
139,manual_data,gemini,prompt4,face the music,"Arcar com as consequências.
",1,264
122,manual_data,gpt,prompt4,burnt out,queimado,1,264
372,manual_data,gemini,prompt4,bend the rules,"Flexionar as regras.
",1,263
508,manual_data,gemma3,prompt2,let sleeping dogs lie,Não perturbe a paz.,1,255
343,manual_data,gemini,prompt4,at death's door,"Às portas da morte.
",1,251
184,manual_data,gemma3,prompt4,burn bridges,Queimar as pontes.,1,250
209,manual_data,gemma3,prompt4,He wrote a letter to his friend.,Ele desfolhou um bilhete para o amigo.,0,248
75,manual_data,gemini,prompt2,climbing up the ladder,"Subindo na vida.
",1,247
425,manual_data,gemma3,prompt2,cast in stone,"Escrito em pedra.
",1,244
651,manual_data,gemma3,prompt4,a taste of their own medicine,Um gole do próprio veneno.,1,244
35,manual_data,gemini,prompt4,back to square one,"Voltar à estaca zero.
",1,240
485,manual_data,gemini,prompt4,back to square one,"Voltar à estaca zero.
",1,240
54,manual_data,gpt,prompt4,He is planning his day ahead.,Ele está traçando seu dia.,0,239
591,manual_data,gemini,prompt4,They took a bus to the city center.,"Pegaram o busão rumo ao coração da cidade.
",0,238
62,manual_data,gemini,prompt2,a skeleton in the closet,"Um segredo sujo.
",1,237
274,manual_data,gpt,prompt4,climbing the corporate ladder,subir na vida corporativa,1,234
532,manual_data,gpt,prompt4,carry the torch,carregar a tocha,1,233
242,manual_data,gemma3,prompt2,don't count your chickens before they hatch,Não conte com o que não tem.,1,231
277,manual_data,gemma3,prompt4,a mountain to climb,Uma montanha a escalar.,1,228
311,manual_data,gpt,prompt4,all that glitters is not gold,Nem tudo que reluz é ouro.,1,226
247,manual_data,gpt,prompt4,changing gears,mudar de marcha,1,225
618,manual_data,gpt,prompt4,call it a night,Dar um tempo.,1,224
494,manual_data,gemma3,prompt4,as smooth as silk,Sedoso como a seda.,1,224
540,manual_data,gpt,prompt4,banging your head against a brick wall,bater cabeça na parede,1,222
610,manual_data,gpt,prompt4,feeding the fire,Alimentando o fogo.,1,218
697,manual_data,gemma3,prompt2,change your tune,Mude de ideia.,1,217
172,manual_data,gemini,prompt4,give the green light,"Dar o sinal verde
",1,216
318,manual_data,gpt,prompt4,keep your eyes peeled,fique atento,1,215
46,manual_data,gpt,prompt2,burn your bridges,queimou suas pontes,1,214
573,manual_data,gemma3,prompt4,She is playing with her cat.,Ela tece laços com seu felino.,0,213
378,manual_data,gemma3,prompt4,cast a shadow,Lançar uma sombra.,1,210
29,manual_data,gemma3,prompt4,black as night,"Negro como azeviche.
",1,208
419,manual_data,gemini,prompt4,kill two birds with one stone,"Matar dois coelhos com uma cajadada só.
",1,206
452,manual_data,gemini,prompt4,kill two birds with one stone,"Matar dois coelhos com uma cajadada só.
",1,206
442,manual_data,gpt,prompt4,bite your tongue,morder a língua,1,202
366,manual_data,gemma3,prompt4,busy as a bee,Trabalhando que nem uma colmeia.,1,200
562,manual_data,gemini,prompt2,broken dreams,"Sonhos desfeitos
",1,200
375,manual_data,gemma3,prompt4,They are playing chess at the table.,"Eles estão travando uma batalha de estratégia à mesa.
",0,196
3,manual_data,gemma3,prompt4,They are riding bicycles in the neighborhood.,Eles deslizam sobre duas rodas pela vizinhança.,0,195
107,manual_data,gemini,prompt4,as old as the hills,"Velho como a Sé.
",1,194
14,manual_data,gemini,prompt2,an iron fist,"Punho de ferro
",1,191
296,manual_data,gemini,prompt4,breaking the mold,"Romper barreiras
",1,190
98,manual_data,gemma3,prompt4,cold as ice,Frio como gelo.,1,189
239,manual_data,gemma3,prompt4,live in a glass house,Viver em um aquário.,1,188
7,manual_data,gemini,prompt2,my hands are tied,"Estou de mãos atadas.
",1,185
309,manual_data,gemma3,prompt4,She is packing her suitcase for a trip.,Ela está a reunir as suas memórias numa mala de viagem.,0,185
557,manual_data,gpt,prompt4,as light as a feather,leve como uma pluma,1,183
27,manual_data,gemini,prompt4,change of heart,"Mudar de ideia.
",1,183
381,manual_data,gemini,prompt4,face the music,"Arrumar a mala.
",1,181
241,manual_data,gpt,prompt4,don’t cry over spilled milk,Não adianta chorar sobre o leite derramado.,1,177
359,manual_data,gemma3,prompt4,black as coal,Negro como o carvão.,1,176
325,manual_data,gpt,prompt4,climbing the ladder,subindo na vida,1,171
640,manual_data,gpt,prompt4,don't count your chickens before they hatch,Não conte com o ovo no cu da galinha.,1,170
659,manual_data,gpt,prompt4,don't cry over spilled milk,Não adianta chorar sobre o leite derramado.,1,169
321,manual_data,gemini,prompt4,a blessing in disguise,"Um mal que veio para o bem.
",1,167
416,manual_data,gemini,prompt4,a blessing in disguise,"Um mal que veio para o bem.
",1,167
291,manual_data,gpt,prompt4,a ray of hope,raio de esperança,1,166
251,manual_data,gpt,prompt4,as free as a bird,livre como um pássaro,1,165
513,manual_data,gemma3,prompt4,heart of stone,Coração de pedra.,1,164
624,manual_data,gpt,prompt2,down to earth,pé no chão,1,163
267,manual_data,gpt,prompt2,down to earth,pé no chão,1,163
106,manual_data,gemma3,prompt4,light at the end of the tunnel,Uma luz no fim do túnel.,1,160
257,manual_data,gemini,prompt4,a taste of your own medicine,"Provar do próprio veneno.
",1,160
64,manual_data,gemma3,prompt4,cool as a cucumber,Frio como gelo.,1,154
191,manual_data,gemini,prompt4,blessing in disguise,"Um mal que veio para o bem.
",1,150
438,manual_data,gemma3,prompt4,"blood, sweat, and tears","Lágrimas, suor e sangue.",1,147
602,manual_data,gemma3,prompt4,He repaired the broken chair.,Ele resgatou a cadeira partida.,0,144
655,manual_data,gemma3,prompt4,a taste of freedom,Um sopro de alívio.,1,143
101,manual_data,gemini,prompt4,chasing shadows,"Correndo atrás de fantasmas.
",1,142
685,manual_data,gpt,prompt4,have a heart of stone,ter coração de pedra,1,141
150,manual_data,gpt,prompt4,carrying the weight of the world,carregar o peso do mundo,1,140
698,manual_data,gemini,prompt4,adding fuel to the fire,"Botar lenha na fogueira.
",1,132
676,manual_data,gemma3,prompt4,She reads a book every night.,Ela se alimenta de histórias todas as noites.,0,132
255,manual_data,gemini,prompt2,heart of stone,"Coração de pedra
",1,131
403,manual_data,gemma3,prompt4,an uphill battle,Uma luta de Davi contra Golias.,1,128
272,manual_data,gemini,prompt4,crack the code,"Desvendar o enigma
",1,124
466,manual_data,gemma3,prompt4,a storm in a teacup,Uma tempestade num copo d'água.,1,120
259,manual_data,gemma3,prompt4,cloud of suspicion,"Nuvem de suspeita.
",1,119
324,manual_data,gemma3,prompt2,a new lease on life,Um novo fôlego de vida.,1,113
478,manual_data,gemma3,prompt4,cut from the same cloth,Ser da mesma laia.,1,112
219,manual_data,gemini,prompt4,break the mold,"Romper barreiras.
",1,104
621,manual_data,gemma3,prompt4,from the bottom of my heart,Do fundo da alma.,1,102
534,manual_data,gpt,prompt4,at a snail's pace,a passo de lesma,1,101
212,manual_data,gpt,prompt4,"if you can't stand the heat, get out of the kitchen","Se você não aguenta a pressão, saia da cozinha.",1,100
258,manual_data,gemini,prompt4,break the ice,"Quebrar o gelo.
",1,98
486,manual_data,gemini,prompt4,break the ice,"Quebrar o gelo.
",1,98
526,manual_data,gemini,prompt4,bridge the gap,"Pontear as distâncias
",1,90
156,manual_data,gemma3,prompt4,a heart of gold,Coração de ouro.,1,87
188,manual_data,gemini,prompt4,bridge the gap,"Pontear as distâncias
",1,87
711,manual_data,gemini,prompt4,darkest before dawn,"A noite mais escura precede o amanhecer.
",1,85
148,manual_data,gpt,prompt2,don't put all your eggs in one basket,Não coloque todos os ovos em uma só cesta.,1,84
595,manual_data,gemini,prompt4,a weight on my shoulders,"Um peso nas costas.
",1,81
108,manual_data,gpt,prompt4,break the ice,quebrar o gelo,1,70
198,manual_data,gpt,prompt4,break the ice,quebrar o gelo,1,70
275,manual_data,gemma3,prompt2,all in the same boat,Todos no mesmo barco.,1,66
304,manual_data,gemma3,prompt4,an ounce of prevention is worth a pound of cure,Uma onça de cuidado vale mais que um arroba de remédio.,1,65
115,manual_data,gpt,prompt4,ball is in your court,A bola está com você.,1,57
127,manual_data,gemini,prompt4,bigger than life,"Maior que a vida.
",1,55
468,manual_data,gpt,prompt4,all's fair in love and war,Vale tudo em amor e guerra.,1,49
380,manual_data,gpt,prompt4,don’t put all your eggs in one basket,Não coloque todos os seus ovos na mesma cesta.,1,48
358,manual_data,gpt,prompt4,don't put all your eggs in one basket,Não coloque todos os seus ovos na mesma cesta.,1,48
361,manual_data,gpt,prompt2,don't bite the hand that feeds you,Não morda a mão que te alimenta.,1,46
644,manual_data,gpt,prompt4,big fish in a small pond,grande peixe em um pequeno aquário,1,44
61,manual_data,gpt,prompt4,all eyes on you,Todos os olhares estão voltados para você.,1,41
481,manual_data,gemini,prompt2,a place in the sun,"Um lugar ao sol
",1,36
495,manual_data,gemma3,prompt2,a shot in the dark,"Um palpite no escuro.
",1,33
703,manual_data,gpt,prompt4,better late than never,Antes tarde do que nunca.,1,30
630,manual_data,gemma3,prompt4,like a fish out of water,Um peixe fora d'água.,1,29
447,manual_data,gemini,prompt4,"blood, sweat, and tears","Sangue, suor e lágrimas.
",1,20
74,manual_data,gemma3,prompt4,actions speak louder than words,As ações valem mais que as promessas.,1,11
511,manual_data,gemini,prompt4,a fish out of water,"Peixe fora d'água.
",1,7
67,manual_data,gemma3,prompt4,butterfly effect,"O efeito borboleta.
",1,6
528,manual_data,gemma3,prompt4,actions speak louder than words,As ações valem mais que as palavras.,1,5
470,manual_data,gemma3,prompt4,all the world's a stage,O mundo é um palco.,1,3
505,manual_data,gpt,prompt2,don't judge a book by its cover,Não julgue um livro pela capa.,1,1
21,manual_data,gpt,prompt2,an open book,um livro aberto,1,1
56,manual_data,gpt,prompt2,best of both worlds,o melhor dos dois mundos,1,1
646,manual_data,gpt,prompt2,against all odds,contra todas as probabilidades,1,1
91,manual_data,gpt,prompt2,boiling point,ponto de ebulição,1,1
537,manual_data,gpt,prompt2,all in your head,tudo na sua cabeça,1,1
