indice,ingles_original,portugues_traduzido,label,dataset,modelo,prompt,score_combinado,xcomet_xl,comet22,kiwi_xl
0,crack the whip,"Endurecer, aplicar medidas rigorosas.
",1,manual_data,gemma3,prompt2,0.7474,0.8868244290351868,0.5040579438209534,0.8513306379318237
1,blow off steam,"Soltar a pressão.
",1,manual_data,gemma3,prompt4,0.8061,0.978117823600769,0.8867979645729065,0.5534518361091614
2,let the cat out of the bag,Deixar o gato sair do saco.,1,manual_data,gpt,prompt2,0.9755,1.0,0.9451289176940918,0.9814143776893616
3,They are riding bicycles in the neighborhood.,"Eles estão andando de bicicleta no bairro.
",0,manual_data,gemini,prompt2,0.9862,1.0,0.9516189098358154,1.0069786310195923
4,He likes to watch movies in his free time.,"Ele gosta de assistir filmes em seu tempo livre.
",0,manual_data,gemini,prompt2,1.0136,1.0,0.981781542301178,1.058876395225525
5,She enjoys painting in her free time.,Ela gosta de pintar no tempo livre.,0,manual_data,gemma3,prompt2,1.0173,1.0,0.9824775457382202,1.0693206787109375
6,bite off more than you can chew,morder mais do que você pode mastigar,1,manual_data,gpt,prompt2,0.7716,0.9078538417816162,0.8095579743385315,0.5973093509674072
7,my hands are tied,Minhas mãos estão atadas.,1,manual_data,gpt,prompt2,1.0327,1.0,0.9588432312011719,1.13926362991333
8,dime a dozen,Uma dúzia.,1,manual_data,gemma3,prompt2,0.8715,0.9794355630874634,0.6774871945381165,0.9574719667434692
9,They are having a picnic in the park.,Eles estão fazendo um piquenique no parque.,0,manual_data,gpt,prompt2,1.0168,1.0,0.9804415106773376,1.0700602531433105
10,leave no stone unturned,Não deixe pedra sobre pedra.,1,manual_data,gpt,prompt2,0.8914,0.9903648495674133,0.9064916968345642,0.7772324085235596
11,hold the fort,defenda o forte,1,manual_data,gemmaX,sem_prompt,0.9097,1.0,0.9267252087593079,0.8025228381156921
12,He is putting the groceries away.,Ele está guardando as compras.,0,manual_data,gemma3,prompt2,0.7673,0.9803314208984375,0.9508681893348694,0.37061774730682373
13,fit as a fiddle,em forma como um violino,1,manual_data,gpt,prompt2,0.8586,0.9544636011123657,0.7276504635810852,0.8936147689819336
14,an iron fist,um punho de ferro,1,manual_data,gemmaX,sem_prompt,1.0196,0.9967514276504517,0.9797745943069458,1.0822917222976685
15,beggars can’t be choosers,"""Quem está em necessidade não pode escolher.""",1,manual_data,gpt,prompt2,0.8808,0.9903672933578491,0.668243408203125,0.983691930770874
16,card up your sleeve,cartão na manga,1,manual_data,gemmaX,sem_prompt,0.8602,0.9681761264801025,0.9627515077590942,0.6496034264564514
17,beating around the bush,dar voltas em torno do assunto,1,manual_data,gpt,prompt4,0.6538,0.8627012968063354,0.8043468594551086,0.29424434900283813
18,She is giving a speech at the conference.,Ela está fazendo um discurso na conferência.,0,manual_data,gemma3,prompt2,0.9815,1.0,0.9748256802558899,0.9696955680847168
19,She wrote a report for work.,"Ela escreveu um relatório para o trabalho.
",0,manual_data,gemini,prompt2,0.9137,0.9996652603149414,0.9743129014968872,0.7671240568161011
20,ace up your sleeve,um trunfo na manga,1,manual_data,gemmaX,sem_prompt,0.7277,0.8245719075202942,0.6124162077903748,0.7462446689605713
21,an open book,"Um livro aberto
",1,manual_data,gemini,prompt2,1.0247,1.0,0.9712800979614258,1.1027737855911255
22,She is giving a presentation at work.,"Ela está fazendo uma apresentação no trabalho.
",0,manual_data,gemma3,prompt2,1.014,1.0,0.9747384190559387,1.0672123432159424
23,He went to a birthday party last night.,"Ele foi a uma festa de aniversário ontem à noite.
",0,manual_data,gemini,prompt2,0.9901,1.0,0.9786859154701233,0.9916964173316956
24,color outside the lines,cor fora das linhas,1,manual_data,gemmaX,sem_prompt,0.9448,0.9972819089889526,0.9779171347618103,0.8593342304229736
25,easy as pie,"Fácil como uma torta.
",1,manual_data,gemini,prompt2,1.0034,1.0,0.9702591300010681,1.039799690246582
27,change of heart,"Mudança de coração
",1,manual_data,gemini,prompt2,0.9897,0.9912000298500061,0.9275705218315125,1.0504688024520874
28,food for thought,alimento para a reflexão,1,manual_data,gpt,prompt2,1.0223,0.9969807863235474,0.9849836826324463,1.0849970579147339
29,black as night,preto como a noite,1,manual_data,gemmaX,sem_prompt,0.9753,1.0,0.9748023152351379,0.9510487914085388
30,a chip on your shoulder,um chip no seu ombro,1,manual_data,gemmaX,sem_prompt,1.0022,1.0,0.9319460988044739,1.0746742486953735
31,close to my heart,"Perto do meu coração.
",1,manual_data,gemini,prompt2,1.0047,1.0,0.9360928535461426,1.077988624572754
32,apple of my eye,melhor coisa da minha vida,1,manual_data,gpt,prompt2,0.8679,0.9718141555786133,0.6028798818588257,1.0289872884750366
33,get the show on the road,Colocar o espetáculo na estrada.,1,manual_data,gpt,prompt2,0.9327,0.9635848999023438,0.8847892880439758,0.9496411085128784
36,devil's advocate,Defensor do diabo,1,manual_data,gemma3,prompt2,0.9988,1.0,0.9298215508460999,1.066589593887329
37,She went to the library to study.,Ela foi à biblioteca para estudar.,0,manual_data,gpt,prompt2,1.0058,1.0,0.972459614276886,1.0450249910354614
39,They went to the theater to watch a play.,Eles foram ao teatro para assistir a uma peça.,0,manual_data,gpt,prompt2,1.0103,1.0,0.9762416481971741,1.054599404335022
40,falling through the cracks,Caindo entre as frestas,1,manual_data,gemma3,prompt2,0.8228,0.9444608688354492,0.9469088912010193,0.5770152807235718
41,She made breakfast for the family.,Ela fez o café da manhã para a família.,0,manual_data,gemma3,prompt2,1.015,1.0,0.9728613495826721,1.0722179412841797
42,She is talking on the phone.,"Ela está falando ao telefone.
",0,manual_data,gemini,prompt2,1.0169,1.0,0.9783831238746643,1.0723775625228882
43,all bark and no bite,apenas latido e nenhum ataque,1,manual_data,gpt,prompt2,0.8691,0.9158817529678345,0.86158686876297,0.8299696445465088
44,apple of discord,maçã da discórdia,1,manual_data,gpt,prompt4,0.8158,0.9610481262207031,0.985302746295929,0.5009519457817078
45,spill the beans,revelar o segredo,1,manual_data,gpt,prompt2,0.8885,0.974860429763794,0.6558679938316345,1.0346901416778564
46,burn your bridges,queime suas pontes,1,manual_data,gemmaX,sem_prompt,0.9901,0.9912000298500061,0.9773531556129456,1.0018116235733032
47,I need to buy groceries this afternoon.,Preciso comprar mantimentos esta tarde.,0,manual_data,gemmaX,sem_prompt,1.005,1.0,0.980915904045105,1.034005045890808
48,as bold as brass,"Arrogante como um rei.
",1,manual_data,gemma3,prompt4,0.7571,0.8706144094467163,0.6569339632987976,0.743634819984436
49,close to the vest,Em segredo.,1,manual_data,gemma3,prompt2,0.8318,0.9159670472145081,0.5590992569923401,1.0204682350158691
51,back to the drawing board,de volta à prancheta,1,manual_data,gemmaX,sem_prompt,0.9204,0.9859422445297241,0.9752448201179504,0.7999090552330017
52,She went to the post office to send a package.,Ela foi à agência dos correios para enviar um pacote.,0,manual_data,gemmaX,sem_prompt,1.02,1.0,0.9687079787254333,1.0911462306976318
53,as right as rain,como se estivesse tudo bem,1,manual_data,gemmaX,sem_prompt,0.8744,0.8476861715316772,0.7535585165023804,1.022025227546692
54,He is planning his day ahead.,"Ele está planejando o dia dele.
",0,manual_data,gemini,prompt2,0.9494,1.0,0.9067422747612,0.9415983557701111
55,She took a shower in the morning.,Ela tomou um banho de manhã.,0,manual_data,gpt,prompt2,1.024,1.0,0.9790115356445312,1.0929954051971436
56,best of both worlds,"O melhor dos dois mundos.
",1,manual_data,gemini,prompt2,1.0006,1.0,0.9637900590896606,1.0379412174224854
57,antsy as a cat on a hot tin roof,inquieto como um gato em um telhado de lata quente,1,manual_data,gemmaX,sem_prompt,0.8867,0.93341064453125,0.903127133846283,0.8237113952636719
58,He is building a model airplane.,Ele está construindo um avião de modelo.,0,manual_data,gemma3,prompt2,1.0065,1.0,0.9782246351242065,1.041152834892273
60,burst your bubble,estourar sua bolha,1,manual_data,gpt,prompt2,0.9173,0.9865835309028625,0.9895522594451904,0.7756515741348267
61,all eyes on you,todos os olhares estão em você,1,manual_data,gpt,prompt2,0.9739,1.0,0.932521402835846,0.9891343116760254
62,a skeleton in the closet,um esqueleto no armário,1,manual_data,gpt,prompt2,1.0138,1.0,0.9712516665458679,1.0702849626541138
63,He is attending a business meeting.,"Ele está participando de uma reunião de negócios.
",0,manual_data,gemini,prompt2,0.9734,1.0,0.9785370230674744,0.9416890144348145
64,cool as a cucumber,"Calmo como um pepino.
",1,manual_data,gemini,prompt2,0.986,1.0,0.8974834084510803,1.0605708360671997
65,He took the bus to work.,"Ele pegou o ônibus para o trabalho.
",0,manual_data,gemini,prompt2,1.0113,1.0,0.9736977815628052,1.060231328010559
66,as easy as pie,"Tão fácil quanto uma torta.
",1,manual_data,gemini,prompt2,1.0011,0.9912000298500061,0.9756783843040466,1.0365184545516968
67,butterfly effect,efeito borboleta,1,manual_data,gemmaX,sem_prompt,1.0139,1.0,0.9891905188560486,1.052520990371704
68,They watched a TV show in the evening.,"Eles assistiram a um programa de TV à noite.
",0,manual_data,gemma3,prompt2,0.9808,1.0,0.9195639491081238,1.02298104763031
69,She is brushing her teeth before bed.,Ela está escovando os dentes antes de dormir.,0,manual_data,gemma3,prompt2,1.0268,1.0,0.9775684475898743,1.102954626083374
70,blown out of the water,expulsado da água,1,manual_data,gemmaX,sem_prompt,0.9338,0.9817147254943848,0.8326764702796936,0.9869946241378784
71,He is feeding his pet hamster.,"Ele está alimentando seu hamster de estimação.
",0,manual_data,gemini,prompt2,1.0004,1.0,0.9785323143005371,1.0226317644119263
72,I like to drink coffee in the morning.,"Eu gosto de tomar café de manhã.
",0,manual_data,gemini,prompt2,1.029,1.0,0.9783932566642761,1.1085923910140991
73,"another day, another dollar","Mais um dia, mais um dólar.",1,manual_data,gpt,prompt2,1.024,1.0,0.9578486084938049,1.114096760749817
74,actions speak louder than words,As ações falam mais alto do que as palavras.,1,manual_data,gemma3,prompt2,1.026,1.0,0.9677042365074158,1.1102709770202637
75,climbing up the ladder,subindo a escada,1,manual_data,gpt,prompt2,0.9553,1.0,0.8607469201087952,1.0052765607833862
76,early bird catches the worm,o pássaro que acorda mais cedo pega o verme,1,manual_data,gemmaX,sem_prompt,0.8712,0.9737838506698608,0.7253414988517761,0.9145827889442444
77,She is baking cookies in the kitchen.,Ela está cozinhando biscoitos na cozinha.,0,manual_data,gemmaX,sem_prompt,1.0024,1.0,0.9503341317176819,1.0569864511489868
78,bleeding heart,coração sangrante,1,manual_data,gpt,prompt2,1.0067,1.0,0.9768770933151245,1.043233036994934
79,She is cleaning the kitchen after dinner.,"Ela está limpando a cozinha depois do jantar.
",0,manual_data,gemini,prompt2,1.0082,1.0,0.97198885679245,1.0527286529541016
80,She is drinking water.,Ela está bebendo água.,0,manual_data,gpt,prompt2,1.032,1.0,0.984463632106781,1.1115353107452393
81,They are having coffee at the café.,Eles estão tomando café no café.,0,manual_data,gpt,prompt2,1.0174,1.0,0.9764923453330994,1.0758098363876343
82,hard pill to swallow,uma pílula difícil de engolir,1,manual_data,gemmaX,sem_prompt,1.006,1.0,0.9273374676704407,1.0907284021377563
83,a slap on the wrist,uma palmada no pulso,1,manual_data,gpt,prompt2,0.9869,0.9912000298500061,0.9685525894165039,1.001012921333313
84,They are visiting a museum this afternoon.,Eles estão visitando um museu esta tarde.,0,manual_data,gpt,prompt2,1.02,1.0,0.9793164134025574,1.0806715488433838
85,They are swimming at the pool.,"Eles estão nadando na piscina.
",0,manual_data,gemini,prompt2,1.0197,1.0,0.9542171359062195,1.1050058603286743
86,cat on a hot tin roof,gato em um telhado quente de lata,1,manual_data,gpt,prompt2,0.9498,0.987639307975769,0.9775034189224243,0.8841928243637085
87,She is talking to her friend on the phone.,Ela está falando com sua amiga ao telefone.,0,manual_data,gemma3,prompt2,1.029,1.0,0.9736365675926208,1.113477110862732
88,He is walking his dog in the park.,Ele está passeando com seu cachorro no parque.,0,manual_data,gpt,prompt2,1.0009,1.0,0.9731230139732361,1.0295774936676025
89,add fuel to the fire,acrescentar lenha na fogueira,1,manual_data,gpt,prompt2,0.9776,1.0,0.9807090759277344,0.9519938230514526
90,in hot water,em água quente,1,manual_data,gemmaX,sem_prompt,0.957,0.9912000298500061,0.9921179413795471,0.8878034353256226
91,boiling point,ponto de ebulição,1,manual_data,gemmaX,sem_prompt,1.0264,1.0,0.993129312992096,1.086027979850769
92,beat a dead horse,"Bater em cachorro morto.
",1,manual_data,gemini,prompt4,0.737,0.9786516427993774,0.9181259870529175,0.31422314047813416
93,blind alley,Rua sem saída,1,manual_data,gemma3,prompt2,0.8113,0.8518627882003784,0.6487297415733337,0.9334278106689453
96,chip on the shoulder,chip no ombro,1,manual_data,gemmaX,sem_prompt,0.7451,0.97660231590271,0.8962648510932922,0.36251017451286316
97,He washed his car yesterday.,"Ele lavou o carro dele ontem.
",0,manual_data,gemini,prompt2,1.0182,1.0,0.9817414283752441,1.0728662014007568
98,cold as ice,"Frio como gelo
",1,manual_data,gemini,prompt2,1.0151,1.0,0.9780504107475281,1.0672496557235718
99,He is attending a wedding.,"Ele está indo a um casamento.
",0,manual_data,gemini,prompt2,0.9832,1.0,0.904008150100708,1.0455321073532104
100,He is making a cup of coffee.,Ele está fazendo uma xícara de café.,0,manual_data,gpt,prompt2,0.9927,1.0,0.9687075018882751,1.0093001127243042
101,chasing shadows,perseguindo sombras,1,manual_data,gemmaX,sem_prompt,0.9714,0.9912000298500061,0.9871227145195007,0.935800313949585
102,feast your eyes,"Delicie seus olhos
",1,manual_data,gemini,prompt2,0.9851,0.9640318155288696,0.9715067744255066,1.0196270942687988
103,a diamond in the rough,"Um diamante bruto.
",1,manual_data,gemini,prompt2,0.9377,0.953842043876648,0.8361002802848816,1.0231966972351074
104,He is having breakfast with his family.,"Ele está tomando café da manhã com a família dele.
",0,manual_data,gemini,prompt2,0.9937,1.0,0.9805851578712463,1.000546932220459
105,blind as a bat,"Cego de nascença.
",1,manual_data,gemma3,prompt2,0.9455,0.9947891235351562,0.6691410541534424,1.1724703311920166
106,light at the end of the tunnel,"Luz no fim do túnel
",1,manual_data,gemini,prompt2,1.0187,1.0,0.9584968090057373,1.097502589225769
107,as old as the hills,"Tão velho quanto as colinas
",1,manual_data,gemini,prompt2,0.9797,0.99811851978302,0.976428747177124,0.9645426273345947
109,He went for a jog in the morning.,"Ele foi correr de manhã.
",0,manual_data,gemini,prompt2,0.985,1.0,0.9403389692306519,1.0146901607513428
110,finding your feet,"Encontrar o seu lugar.
",1,manual_data,gemma3,prompt2,0.8855,0.94478440284729,0.7522833943367004,0.9595459699630737
111,give someone a run for their money,"Dar trabalho a alguém.
",1,manual_data,gemini,prompt2,0.8507,0.8844901919364929,0.5796480774879456,1.0878154039382935
112,have a bone to pick,ter uma questão a resolver,1,manual_data,gpt,prompt4,0.8096,0.941524088382721,0.6385576128959656,0.8487436771392822
114,He enjoyed a cup of coffee in the morning.,Ele apreciou uma xícara de café pela manhã.,0,manual_data,gemma3,prompt2,0.9875,1.0,0.9690333008766174,0.9934177994728088
115,ball is in your court,"A bola está no seu campo.
",1,manual_data,gemini,prompt2,0.9811,0.9995623826980591,0.9586830735206604,0.9851107597351074
117,going down in flames,Caindo em chamas,1,manual_data,gemma3,prompt2,0.9001,0.9558777809143066,0.9115925431251526,0.8328233361244202
118,break a leg,Quebrar uma perna,1,manual_data,gemmaX,sem_prompt,0.9224,0.9855719804763794,0.9389410018920898,0.8426599502563477
119,The kids played in the playground.,"As crianças brincaram no parquinho.
",0,manual_data,gemini,prompt2,0.9716,1.0,0.9442712068557739,0.9704800844192505
120,change of tune,"Mudança de tom
",1,manual_data,gemini,prompt2,0.995,0.9912000298500061,0.9161967635154724,1.0776528120040894
121,paint the town red,pinte a cidade de vermelho,1,manual_data,gemmaX,sem_prompt,1.0156,1.0,0.9745609760284424,1.0723670721054077
122,burnt out,queimado,1,manual_data,gemmaX,sem_prompt,0.9579,0.9725841283798218,0.9015299677848816,0.9995002746582031
123,burning the midnight oil,queimar o óleo da meia-noite,1,manual_data,gpt,prompt2,0.8051,0.9613630175590515,0.8831058740615845,0.5708503723144531
124,come out of the woodwork,sair do armário,1,manual_data,gemmaX,sem_prompt,0.8448,0.9184678792953491,0.6628462672233582,0.9529998898506165
125,blessing in disguise,Uma bênção disfarçada.,1,manual_data,gemma3,prompt2,0.9897,1.0,0.9306445717811584,1.0383386611938477
126,He is cutting vegetables for dinner.,Ele está cortando legumes para o jantar.,0,manual_data,gpt,prompt2,0.9824,1.0,0.9760453701019287,0.9711678624153137
127,bigger than life,maior que a vida,1,manual_data,gpt,prompt2,0.9695,1.0,0.989450991153717,0.9189515709877014
128,cast iron stomach,"Estômago de aço
",1,manual_data,gemini,prompt2,0.9062,0.9712340235710144,0.6993109583854675,1.047956109046936
129,arm and a leg,"Um braço e uma perna
",1,manual_data,gemini,prompt2,1.0049,0.9926327466964722,0.9090039730072021,1.1131254434585571
130,as hungry as a wolf,tão faminto quanto um lobo,1,manual_data,gpt,prompt2,0.9491,0.9823263883590698,0.9807646870613098,0.8843245506286621
131,They went for a swim at the pool.,"Eles foram nadar na piscina.
",0,manual_data,gemini,prompt2,1.0072,1.0,0.8959540128707886,1.1255375146865845
132,blow a fuse,queimar um fusível,1,manual_data,gemmaX,sem_prompt,0.8671,0.9823216199874878,0.9825820922851562,0.6362985372543335
133,He is drawing a picture of his dog.,"Ele está desenhando um retrato do seu cachorro.
",0,manual_data,gemini,prompt2,0.9963,1.0,0.9446143507957458,1.0442005395889282
134,bend over backwards,Virar o mundo de cabeça para baixo.,1,manual_data,gemma3,prompt4,0.7631,0.961199164390564,0.5052506923675537,0.822930634021759
135,any port in a storm,qualquer porto numa tempestade,1,manual_data,gemmaX,sem_prompt,1.0154,1.0,0.975788414478302,1.070267915725708
136,I met my friends for lunch.,"Eu encontrei meus amigos para almoçar.
",0,manual_data,gemma3,prompt2,1.0174,1.0,0.981300413608551,1.0709837675094604
138,bottom of the totem pole,fundo da hierarquia,1,manual_data,gpt,prompt2,0.8587,0.9737367630004883,0.5814892649650574,1.0209417343139648
140,chomping at the bit,"Roendo as unhas.
",1,manual_data,gemini,prompt4,0.7443,0.8829060792922974,0.5218488574028015,0.8281355500221252
141,on cloud nine,nas nuvens,1,manual_data,gpt,prompt4,0.7715,0.9369188547134399,0.9858493804931641,0.39187362790107727
142,between a rock and a hard place,"Entre a cruz e a espada.
",1,manual_data,gemma3,prompt2,0.7558,0.7574800252914429,0.519618570804596,0.99037766456604
143,batten down the hatches,"Abaixar as escotilhas.
",1,manual_data,gemini,prompt2,0.8344,0.9531406164169312,0.8040511012077332,0.7460467219352722
144,all ears,tô ouvindo,1,manual_data,gpt,prompt2,0.8458,0.9507523775100708,0.5960662364959717,0.9905268549919128
145,a fly on the wall,"Uma mosca na parede.
",1,manual_data,gemma3,prompt2,1.0019,0.9961655139923096,0.938498318195343,1.071053147315979
146,as sharp as a tack,afiado como uma agulha,1,manual_data,gemmaX,sem_prompt,0.9394,0.9791871309280396,0.8540635108947754,0.9850675463676453
147,She bought a new phone last week.,Ela comprou um telefone novo na semana passada.,0,manual_data,gpt,prompt2,1.0383,1.0,0.9814562797546387,1.133400797843933
149,bottom of the barrel,fundo do barril,1,manual_data,gemmaX,sem_prompt,0.9643,1.0,0.9641140103340149,0.9286601543426514
150,carrying the weight of the world,carregando o peso do mundo,1,manual_data,gpt,prompt2,0.9352,1.0,0.9719570279121399,0.8337411880493164
151,cogs in the machine,peças na engrenagem,1,manual_data,gpt,prompt4,0.8972,0.9878314733505249,0.9725229740142822,0.7311398983001709
152,I am traveling to the mountains this weekend.,Estou viajando para as montanhas neste fim de semana.,0,manual_data,gpt,prompt2,1.0025,1.0,0.9758740067481995,1.0315057039260864
153,They watched a movie on the weekend.,"Eles assistiram a um filme no fim de semana.
",0,manual_data,gemini,prompt2,1.025,1.0,0.976432740688324,1.098678708076477
155,face the music,enfrentar a realidade,1,manual_data,gpt,prompt2,0.9457,0.9808765649795532,0.8109670877456665,1.0452557802200317
156,a heart of gold,um coração de ouro,1,manual_data,gpt,prompt2,1.0109,0.9959825277328491,0.9810587763786316,1.0557841062545776
157,caught in a web,"Preso em uma teia
",1,manual_data,gemini,prompt2,0.9644,0.9808690547943115,0.8709701299667358,1.041487455368042
158,She made a salad for lunch.,Ela fez uma salada para o almoço.,0,manual_data,gpt,prompt2,1.0314,1.0,0.9793736338615417,1.1148709058761597
159,mind over matter,"Mente sobre matéria
",1,manual_data,gemini,prompt2,0.8793,0.9914003610610962,0.9426190853118896,0.7037694454193115
160,as good as done,quase feito,1,manual_data,gpt,prompt2,0.9408,1.0,0.7735179662704468,1.0489503145217896
161,a voice in the wilderness,"Uma voz no deserto
",1,manual_data,gemini,prompt2,1.004,1.0,0.9591014385223389,1.052815556526184
162,He went to the gym to lift weights.,"Ele foi à academia para levantar pesos.
",0,manual_data,gemini,prompt2,0.9989,1.0,0.9705849289894104,1.0260295867919922
163,another one bites the dust,Mais um morre,1,manual_data,gemmaX,sem_prompt,0.8293,0.8185704946517944,0.7467424869537354,0.9226176142692566
164,curiosity killed the cat,A curiosidade matou o gato.,1,manual_data,gemma3,prompt2,1.0011,1.0,0.9189191460609436,1.084267258644104
165,by leaps and bounds,"A passos largos
",1,manual_data,gemini,prompt4,0.7656,0.9610743522644043,0.9369068145751953,0.3987576961517334
166,They are practicing their dance routine.,Eles estão ensaiando a coreografia deles.,0,manual_data,gemma3,prompt2,0.9722,1.0,0.8873798251152039,1.029339075088501
167,honest as the day is long,Honesto como o dia é comprido.,1,manual_data,gemma3,prompt2,0.8942,0.9695063829421997,0.8721080422401428,0.8408763408660889
168,butter wouldn’t melt in their mouth,a manteiga não derreteria na boca deles,1,manual_data,gemmaX,sem_prompt,0.9675,0.9940474033355713,0.9168027639389038,0.9916056990623474
169,be in hot water,estar encrencado,1,manual_data,gpt,prompt4,0.7977,0.9679045677185059,0.8867531418800354,0.5384380221366882
170,by the seat of your pants,pelo assento de suas calças,1,manual_data,gemmaX,sem_prompt,0.8556,0.953142523765564,0.8831784129142761,0.7305620908737183
171,comfort zone,"Zona de conforto
",1,manual_data,gemini,prompt2,1.009,1.0,0.9638678431510925,1.06299889087677
172,give the green light,Dar sinal verde,1,manual_data,gemma3,prompt2,0.9254,0.9912000298500061,0.9695258140563965,0.8153669834136963
173,fingers crossed,"Dedos cruzados
",1,manual_data,gemini,prompt2,1.0178,0.9912000298500061,0.977510392665863,1.0848290920257568
174,He went to the airport to catch a flight.,Ele foi para o aeroporto para pegar um voo.,0,manual_data,gemmaX,sem_prompt,0.9943,1.0,0.9676807522773743,1.0152227878570557
175,as mad as a hatter,tanque de guerra.,1,manual_data,gpt,prompt2,0.7309,0.5618425607681274,0.4923003613948822,1.1384419202804565
176,cracking the whip,quebrando o chicote,1,manual_data,gemmaX,sem_prompt,0.7341,0.9446792602539062,0.8510037064552307,0.40652140974998474
177,He is reading a newspaper.,Ele está lendo um jornal.,0,manual_data,gpt,prompt2,1.0298,1.0,0.9775685667991638,1.1118632555007935
178,as easy as shooting fish in a barrel,"Tão fácil quanto atirar em peixes num barril.
",1,manual_data,gemini,prompt2,0.9766,0.975937008857727,0.9345024824142456,1.0194443464279175
179,He is taking photos with his camera.,"Ele está tirando fotos com sua câmera.
",0,manual_data,gemini,prompt2,0.9877,1.0,0.9692485928535461,0.9937981367111206
180,ants in your pants,formigas nas calças,1,manual_data,gemmaX,sem_prompt,0.8576,0.9842478632926941,0.9663872122764587,0.6222735047340393
181,He is cleaning the windows.,Ele está limpando as janelas.,0,manual_data,gpt,prompt2,0.9485,0.997063398361206,0.9715979099273682,0.8769855499267578
182,clean bill of health,Saúde perfeita,1,manual_data,gemma3,prompt2,0.9813,0.9701398611068726,0.8263092041015625,1.147528886795044
183,cold feet,pés frios,1,manual_data,gemmaX,sem_prompt,1.0187,1.0,0.9810448288917542,1.074920415878296
184,burn bridges,"Queimar pontes
",1,manual_data,gemini,prompt2,1.02,0.9912000298500061,0.9451541900634766,1.1236082315444946
185,cat's out of the bag,O gato está fora do saco,1,manual_data,gemmaX,sem_prompt,0.9573,0.9998224973678589,0.8888444304466248,0.9832314252853394
186,bury your head in the sand,enterre sua cabeça na areia,1,manual_data,gemmaX,sem_prompt,0.9841,1.0,0.9731262922286987,0.9791092276573181
187,He read a book before bed.,"Ele leu um livro antes de dormir.
",0,manual_data,gemini,prompt2,1.0138,1.0,0.9763815402984619,1.0649136304855347
188,bridge the gap,fechar a lacuna,1,manual_data,gpt,prompt2,0.9546,0.9911131858825684,0.8931778073310852,0.9794402718544006
189,He went to the doctor for a check-up.,"Ele foi ao médico para um check-up.
",0,manual_data,gemini,prompt2,0.9861,1.0,0.9709054827690125,0.9872936010360718
190,She is watching the sunset from the balcony.,Ela está assistindo ao pôr do sol da varanda.,0,manual_data,gpt,prompt2,0.9947,1.0,0.9730402827262878,1.0110479593276978
192,a penny for your thoughts,um centavo por seus pensamentos,1,manual_data,gemmaX,sem_prompt,1.0205,1.0,0.9810722470283508,1.080323576927185
193,He is playing the guitar in the living room.,"Ele está tocando guitarra na sala de estar.
",0,manual_data,gemini,prompt2,1.0058,1.0,0.9610684514045715,1.056221842765808
194,He is sitting on the chair.,"Ele está sentado na cadeira.
",0,manual_data,gemini,prompt2,1.0025,1.0,0.9712573885917664,1.0362175703048706
195,come hell or high water,venha o inferno ou a água alta,1,manual_data,gemmaX,sem_prompt,0.7453,0.8704710006713867,0.9855043292045593,0.3798846900463104
196,I went to the beach for vacation.,Eu fui para a praia de férias.,0,manual_data,gpt,prompt2,1.0083,1.0,0.9769195914268494,1.0481189489364624
197,as cool as a cucumber,"Calmo como um pepino.
",1,manual_data,gemini,prompt2,0.963,0.9748151302337646,0.8536591529846191,1.0605708360671997
199,at the end of the day,"No fim das contas.
",1,manual_data,gemma3,prompt2,0.7808,0.9482789039611816,0.7050163149833679,0.6889771223068237
200,can't see the forest for the trees,Não consigo ver a floresta por causa das árvores,1,manual_data,gemmaX,sem_prompt,0.9111,0.9912000298500061,0.9414157271385193,0.8005988001823425
201,He is doing his homework in the study room.,Ele está fazendo sua lição de casa na sala de estudo.,0,manual_data,gemmaX,sem_prompt,1.0112,1.0,0.9739362001419067,1.0595543384552002
202,They planted flowers in the garden.,"Eles plantaram flores no jardim.
",0,manual_data,gemma3,prompt2,1.0313,1.0,0.9763957262039185,1.1174554824829102
203,They are making pizza together.,Eles estão fazendo pizza juntos.,0,manual_data,gemma3,prompt2,1.0069,1.0,0.9862179756164551,1.0343519449234009
204,blown out of proportion,"Fora de proporção
",1,manual_data,gemini,prompt2,0.9388,0.9390129446983337,0.8991515636444092,0.9783200621604919
205,hand in glove,mão no luva,1,manual_data,gemmaX,sem_prompt,0.9511,0.9989198446273804,0.9736819863319397,0.8805679082870483
206,birds of a feather flock together,pássaros da mesma espécie voam juntos,1,manual_data,gemmaX,sem_prompt,0.8896,0.9408658742904663,0.6854022741317749,1.0423938035964966
207,get out of hand,ficar fora de controle,1,manual_data,gemmaX,sem_prompt,0.949,0.9912000298500061,0.92551189661026,0.9301660060882568
208,He called his parents yesterday.,Ele chamou os pais dele ontem.,0,manual_data,gpt,prompt2,1.0137,1.0,0.981137216091156,1.0600143671035767
209,He wrote a letter to his friend.,"Ele escreveu uma carta para o amigo dele.
",0,manual_data,gemini,prompt2,1.0245,1.0,0.9736509323120117,1.0999906063079834
210,She danced at the party last night.,Ela dançou na festa ontem à noite.,0,manual_data,gemmaX,sem_prompt,0.9955,1.0,0.9760428071022034,1.0105446577072144
211,close to home,"Perto de casa.
",1,manual_data,gemma3,prompt2,0.9627,0.9912000298500061,0.8409246802330017,1.0560541152954102
212,"if you can't stand the heat, get out of the kitchen","Se não aguenta o calor, saia da cozinha.
",1,manual_data,gemini,prompt2,0.9959,1.0,0.947243869304657,1.0404270887374878
213,between the devil and the deep blue sea,Entre o diabo e o mar azul profundo,1,manual_data,gemmaX,sem_prompt,0.9463,0.9839458465576172,0.8893494009971619,0.9656164646148682
214,get cold feet,ter os pés frios,1,manual_data,gemmaX,sem_prompt,0.9518,0.9896279573440552,0.8392252326011658,1.026581883430481
215,fish out of water,peixe fora d'água,1,manual_data,gpt,prompt2,1.0042,1.0,0.9819901585578918,1.0305553674697876
216,over the moon,À lua e de volta.,1,manual_data,gemma3,prompt4,0.8585,0.9430755376815796,0.7413088083267212,0.8911331295967102
217,once in a blue moon,uma vez em uma lua azul,1,manual_data,gemmaX,sem_prompt,0.8858,0.9947742223739624,0.9783793091773987,0.6842470169067383
219,break the mold,quebrar o molde,1,manual_data,gemmaX,sem_prompt,0.9808,1.0,0.9664570093154907,0.9758538007736206
220,ace in the hole,"Trunfo na manga
",1,manual_data,gemini,prompt2,0.8404,0.9604740142822266,0.814695417881012,0.7459144592285156
221,She is gardening in the backyard.,Ela está fazendo jardinagem no quintal.,0,manual_data,gemmaX,sem_prompt,1.0053,1.0,0.9740750193595886,1.0417132377624512
223,call it a day,Basta por hoje.,1,manual_data,gemma3,prompt2,0.9239,1.0,0.6952188014984131,1.0765571594238281
224,calm before the storm,calma antes da tempestade,1,manual_data,gemmaX,sem_prompt,0.9944,1.0,0.9865182638168335,0.9967602491378784
225,He attended a wedding last weekend.,"Ele foi a um casamento no fim de semana passado.
",0,manual_data,gemini,prompt2,0.9794,1.0,0.9256616234779358,1.0125681161880493
226,chill to the bone,frio até aos ossos,1,manual_data,gemmaX,sem_prompt,0.9032,0.9697246551513672,0.9349538683891296,0.8048338890075684
227,broad strokes,"Em linhas gerais
",1,manual_data,gemini,prompt2,0.8171,0.8290863633155823,0.6643388271331787,0.9578285217285156
228,She is listening to music while cooking.,"Ela está ouvindo música enquanto cozinha.
",0,manual_data,gemini,prompt2,1.0289,1.0,0.980880081653595,1.1057063341140747
232,chase rainbows,"Correr atrás de arco-íris
",1,manual_data,gemini,prompt2,0.9342,0.9912000298500061,0.9136826395988464,0.8976878523826599
233,"hope for the best, prepare for the worst","Esperar o melhor, preparar-se para o pior.
",1,manual_data,gemini,prompt2,0.999,1.0,0.9567734599113464,1.0402793884277344
234,get a grip,"Mantenha a calma.
",1,manual_data,gemini,prompt4,0.8111,0.9924136400222778,0.6132373213768005,0.827688992023468
235,finger on the pulse,de dedo no pulso,1,manual_data,gemmaX,sem_prompt,0.9556,0.966560959815979,0.9744736552238464,0.9256807565689087
236,ball of fire,bola de fogo,1,manual_data,gemmaX,sem_prompt,0.9829,0.9963271617889404,0.9831183552742004,0.9692761898040771
237,He is making tea in the kitchen.,"Ele está fazendo chá na cozinha.
",0,manual_data,gemini,prompt2,1.0177,1.0,0.9768637418746948,1.0763717889785767
238,bite your lip,Morda o seu lábio,1,manual_data,gemmaX,sem_prompt,0.9269,0.962425947189331,0.9711059331893921,0.8472644090652466
239,live in a glass house,"Morar em casa de vidro
",1,manual_data,gemini,prompt2,1.0179,1.0,0.9238027930259705,1.1298139095306396
240,into thin air,no ar rarefeito,1,manual_data,gemmaX,sem_prompt,0.7899,0.9023340940475464,0.7562387585639954,0.711158275604248
241,don’t cry over spilled milk,Não chore por leite derramado.,1,manual_data,gemma3,prompt2,0.9895,1.0,0.9254968166351318,1.04298996925354
244,He went fishing with his friends.,"Ele foi pescar com seus amigos.
",0,manual_data,gemini,prompt2,1.0153,1.0,0.9790359139442444,1.0668598413467407
245,as clear as mud,Tão claro quanto barro.,1,manual_data,gemma3,prompt2,0.9938,1.0,0.9736531376838684,1.0078366994857788
246,be a fly on the wall,"Ser uma mosca na parede
",1,manual_data,gemini,prompt2,0.9333,0.9517593383789062,0.9017954468727112,0.9462590217590332
247,changing gears,"Mudando de marcha
",1,manual_data,gemini,prompt2,0.8605,0.9912000298500061,0.7954930067062378,0.7946757078170776
248,call it quits,dar um tempo,1,manual_data,gpt,prompt2,0.7719,0.9216365814208984,0.6947194933891296,0.6992475390434265
249,bottom line,"Resultado final
",1,manual_data,gemini,prompt2,0.899,0.9822444915771484,0.6632327437400818,1.0513736009597778
250,bet the farm,apostar tudo,1,manual_data,gpt,prompt2,0.8616,0.9589917063713074,0.6852999925613403,0.940383791923523
251,as free as a bird,Livre como um pássaro,1,manual_data,gemmaX,sem_prompt,0.9843,0.9859673380851746,0.9364293217658997,1.0304256677627563
252,flying by the seat of your pants,tomar decisões com base na intuição,1,manual_data,gpt,prompt2,0.6907,0.5602827072143555,0.5066653490066528,1.005203127861023
253,chasing your tail,"Correndo atrás do próprio rabo
",1,manual_data,gemini,prompt2,0.8983,0.9496332406997681,0.8836179375648499,0.8617175817489624
254,She plays the piano beautifully.,"Ela toca piano lindamente.
",0,manual_data,gemini,prompt2,1.027,1.0,0.9808467626571655,1.1001147031784058
255,heart of stone,coração de pedra,1,manual_data,gemmaX,sem_prompt,1.0078,1.0,0.9774743318557739,1.0457881689071655
256,They are going to the cinema tonight.,Eles vão ao cinema esta noite.,0,manual_data,gpt,prompt2,1.0154,1.0,0.9824109673500061,1.0637775659561157
257,a taste of your own medicine,um gosto da sua própria medicina,1,manual_data,gpt,prompt2,0.9611,1.0,0.9743948578834534,0.9088849425315857
259,cloud of suspicion,Nuvem de suspeita,1,manual_data,gemma3,prompt2,1.0291,1.0,0.9692274928092957,1.1182150840759277
260,diamond in the rough,diamante em bruto,1,manual_data,gemmaX,sem_prompt,0.9333,0.8932875394821167,0.8380549550056458,1.068703532218933
261,beat the clock,vencer o tempo,1,manual_data,gpt,prompt4,0.9047,0.9746599197387695,0.9708823561668396,0.7686426639556885
262,He is repairing the broken chair.,"Ele está consertando a cadeira quebrada.
",0,manual_data,gemini,prompt2,0.9926,1.0,0.9357596039772034,1.0420949459075928
263,She is watching a movie at the theater.,Ela está assistindo a um filme no cinema.,0,manual_data,gpt,prompt2,1.0038,1.0,0.9462471604347229,1.065224051475525
264,a penny saved is a penny earned,Um centavo economizado é um centavo ganho.,1,manual_data,gpt,prompt2,1.0166,0.9866671562194824,0.9560284614562988,1.1070328950881958
265,He cleaned the garage on Saturday.,"Ele limpou a garagem no sábado.
",0,manual_data,gemini,prompt2,0.9342,0.9982528686523438,0.973024308681488,0.8313119411468506
268,happy as a clam,"Feliz como um marisco.
",1,manual_data,gemini,prompt4,0.7927,0.9799737930297852,0.90650874376297,0.4915679693222046
269,He visited the museum with his class.,Ele visitou o museu com sua classe.,0,manual_data,gemmaX,sem_prompt,1.007,1.0,0.9726225733757019,1.0484081506729126
270,I visited my parents last weekend.,"Visitei meus pais no fim de semana passado.
",0,manual_data,gemini,prompt2,1.0235,1.0,0.9820217490196228,1.088486909866333
272,crack the code,quebrar o código,1,manual_data,gemmaX,sem_prompt,0.9832,0.9912000298500061,0.9262483716011047,1.0322552919387817
273,He watched a football match on TV.,Ele assistiu a uma partida de futebol na TV.,0,manual_data,gpt,prompt2,1.0078,1.0,0.9852189421653748,1.0382657051086426
274,climbing the corporate ladder,subindo a escada corporativa,1,manual_data,gemmaX,sem_prompt,0.9803,1.0,0.9780483841896057,0.9628823399543762
275,all in the same boat,todos no mesmo barco,1,manual_data,gpt,prompt2,1.008,1.0,0.967350423336029,1.0565102100372314
277,a mountain to climb,"Uma montanha para escalar
",1,manual_data,gemini,prompt2,0.9832,1.0,0.9700852036476135,0.9796159267425537
278,break the back of it,"Superar a parte mais difícil.
",1,manual_data,gemma3,prompt2,0.8151,0.9219906330108643,0.5737290382385254,0.9494819641113281
279,blowing off steam,"Liberar a pressão.
",1,manual_data,gemma3,prompt4,0.7369,0.9516711831092834,0.7527587413787842,0.5063962936401367
280,cook up a storm,preparar uma grande refeição,1,manual_data,gpt,prompt2,0.903,0.8572651147842407,0.7929612398147583,1.058666706085205
281,dead in the water,morto na água,1,manual_data,gpt,prompt2,0.9988,0.990964412689209,0.9887722134590149,1.0165519714355469
282,bite the big one,"Ir para o andar de cima.
",1,manual_data,gemini,prompt4,0.6414,0.7016623020172119,0.39703449606895447,0.8256392478942871
283,buy a lemon,"Compre uma limão.
",1,manual_data,gemma3,prompt2,1.0337,1.0,0.9632506966590881,1.1379926204681396
284,get a second wind,ter uma segunda oportunidade,1,manual_data,gemmaX,sem_prompt,0.9114,0.9869389533996582,0.7243968844413757,1.0230084657669067
285,He is working on his laptop.,"Ele está trabalhando em seu laptop.
",0,manual_data,gemini,prompt2,1.0153,1.0,0.9852835536003113,1.060614824295044
286,clear as mud,claro como lama,1,manual_data,gpt,prompt2,0.9865,1.0,0.9920006394386292,0.9674288034439087
287,different strokes for different folks,diferentes estilos para diferentes pessoas,1,manual_data,gemmaX,sem_prompt,0.9659,1.0,0.8559486269950867,1.041800856590271
288,She had a cup of soup for lunch.,Ela tomou uma xícara de sopa no almoço.,0,manual_data,gemmaX,sem_prompt,1.0087,1.0,0.9686071872711182,1.057511329650879
289,cast the first stone,lançar a primeira pedra,1,manual_data,gemmaX,sem_prompt,0.9729,0.9912000298500061,0.9353880286216736,0.9921422004699707
290,call a spade a spade,Chamar as coisas pelos seus nomes.,1,manual_data,gemma3,prompt2,0.8298,0.9786189794540405,0.43110212683677673,1.0795634984970093
291,a ray of hope,"Um raio de esperança
",1,manual_data,gemini,prompt2,1.0246,1.0,0.9723144173622131,1.1014394760131836
292,They are painting the walls of their house.,Eles estão pintando as paredes da casa deles.,0,manual_data,gpt,prompt2,1.0214,1.0,0.9730553030967712,1.0910602807998657
293,crash course,"Curso intensivo
",1,manual_data,gemini,prompt2,0.9546,0.9888595938682556,0.8072587847709656,1.0677049160003662
294,The sun rises in the east.,"O sol nasce no leste.
",0,manual_data,gemini,prompt2,1.0266,1.0,0.9789478182792664,1.1008963584899902
295,an arm and a leg,"Um braço e uma perna
",1,manual_data,gemini,prompt2,1.0155,0.9968422651290894,0.9363939762115479,1.1131255626678467
296,breaking the mold,quebrando o molde,1,manual_data,gemmaX,sem_prompt,0.9703,1.0,0.988343358039856,0.9226897954940796
298,blood from a stone,"Sangue de pedra
",1,manual_data,gemini,prompt2,0.8993,0.9532660841941833,0.6868760585784912,1.0578795671463013
299,beyond the pale,"Além do limite.
",1,manual_data,gemini,prompt2,0.9051,0.9729154706001282,0.7490559220314026,0.9934217929840088
300,She is walking through the forest.,Ela está caminhando pela floresta.,0,manual_data,gpt,prompt2,0.9722,1.0,0.9774382710456848,0.9390709400177002
301,blood runs thicker than water,"O sangue é mais grosso que a água.
",1,manual_data,gemma3,prompt2,1.0152,1.0,0.9374107718467712,1.1082388162612915
302,follow your nose,siga seu instinto,1,manual_data,gpt,prompt4,0.8382,0.9592806696891785,0.8418113589286804,0.7133995890617371
303,hard nut to crack,um problema difícil de resolver,1,manual_data,gemmaX,sem_prompt,0.9757,0.9989962577819824,0.8141130805015564,1.1138821840286255
304,an ounce of prevention is worth a pound of cure,"Um grama de prevenção vale um quilo de cura.
",1,manual_data,gemini,prompt2,1.0058,1.0,0.9545185565948486,1.0627970695495605
305,come apart at the seams,desfazer-se pelas costuras,1,manual_data,gpt,prompt2,0.9401,0.9884156584739685,0.9296799302101135,0.9023234844207764
306,She is arranging flowers in a vase.,Ela está arranjando flores em um vaso.,0,manual_data,gemma3,prompt2,1.0152,1.0,0.9756184816360474,1.070077896118164
307,They went shopping for new clothes.,Eles foram fazer compras de roupas novas.,0,manual_data,gemma3,prompt2,1.014,1.0,0.9853906035423279,1.0564602613449097
308,big league,grande liga,1,manual_data,gpt,prompt2,1.0051,0.9768926501274109,0.9934813380241394,1.0447996854782104
309,She is packing her suitcase for a trip.,Ela está arrumando sua mala para uma viagem.,0,manual_data,gemma3,prompt2,1.003,1.0,0.9727013111114502,1.036226749420166
310,She attended a conference last week.,"Ela participou de uma conferência na semana passada.
",0,manual_data,gemini,prompt2,0.9921,1.0,0.9832226634025574,0.9931972026824951
311,all that glitters is not gold,Nem tudo que brilha é ouro.,1,manual_data,gpt,prompt2,1.0249,0.9874324798583984,0.9835637211799622,1.1035921573638916
312,rain on your parade,chuva no seu desfile,1,manual_data,gemmaX,sem_prompt,0.9562,1.0,0.9786547422409058,0.8898794054985046
313,as stubborn as a mule,tão teimoso quanto uma mula,1,manual_data,gemmaX,sem_prompt,0.9536,0.9897111654281616,0.9741699695587158,0.8967866897583008
314,fall on deaf ears,cair em ouvidos surdos,1,manual_data,gpt,prompt4,0.8077,0.9619629383087158,0.9761989116668701,0.48502305150032043
315,She is preparing dinner for the guests.,Ela está preparando o jantar para os convidados.,0,manual_data,gpt,prompt2,1.0054,1.0,0.9721209406852722,1.0439804792404175
316,He is writing an essay for school.,Ele está escrevendo uma redação para a escola.,0,manual_data,gemma3,prompt2,1.0211,1.0,0.9771533012390137,1.0862244367599487
317,beating a dead horse,bater num cavalo morto,1,manual_data,gemmaX,sem_prompt,0.7049,0.9763143062591553,0.9618353843688965,0.1766134798526764
318,keep your eyes peeled,"Fique de olhos bem abertos.
",1,manual_data,gemini,prompt2,0.9497,1.0,0.9585097432136536,0.8905751705169678
319,He visited his grandmother in the hospital.,Ele visitou sua avó no hospital.,0,manual_data,gemma3,prompt2,1.0024,1.0,0.9729135632514954,1.0343844890594482
320,caught in the crossfire,"Pego no fogo cruzado
",1,manual_data,gemini,prompt2,0.923,0.9773902893066406,0.9213395118713379,0.8703970909118652
322,bending over backwards,fazer o impossível,1,manual_data,gemmaX,sem_prompt,0.7393,0.8688219785690308,0.45383819937705994,0.8951171636581421
323,He is drawing in his sketchbook.,"Ele está desenhando em seu caderno de esboços.
",0,manual_data,gemma3,prompt2,0.9864,0.9999266862869263,0.9764092564582825,0.9829589128494263
324,a new lease on life,uma nova chance na vida,1,manual_data,gpt,prompt2,0.9798,1.0,0.8359689116477966,1.1035442352294922
325,climbing the ladder,subindo a escada,1,manual_data,gemmaX,sem_prompt,0.9501,1.0,0.8451130986213684,1.0052765607833862
326,a rolling stone gathers no moss,Uma pedra rolante não acumula musgo,1,manual_data,gemmaX,sem_prompt,0.9682,0.9882267713546753,0.9457101225852966,0.9707202911376953
327,better half,melhor metade,1,manual_data,gemmaX,sem_prompt,0.9627,0.9912000298500061,0.9330188632011414,0.9639792442321777
328,He is eating dinner with his family.,"Ele está jantando com a família dele.
",0,manual_data,gemini,prompt2,0.8388,1.0,0.9526282548904419,0.563774585723877
329,in the bag,No bolso.,1,manual_data,gemma3,prompt4,0.7056,0.9179142713546753,0.9063790440559387,0.2925674617290497
330,dead as a doornail,morto como um doornail,1,manual_data,gpt,prompt4,0.8397,0.9348496198654175,0.9698062539100647,0.6143879890441895
331,She is playing with her children in the garden.,"Ela está brincando com seus filhos no jardim.
",0,manual_data,gemini,prompt2,1.0218,1.0,0.9712027311325073,1.0940836668014526
332,I am playing video games in my room.,"Estou jogando video games no meu quarto.
",0,manual_data,gemini,prompt2,1.0278,0.9912000298500061,0.9818645119667053,1.1102582216262817
333,cut to the chase,Vá direto ao ponto.,1,manual_data,gpt,prompt2,0.9087,0.9479196071624756,0.7272101044654846,1.05105721950531
334,cut the mustardcross that bridge when you come to it,Resolva isso quando chegar a hora.,1,manual_data,gemma3,prompt2,0.71,0.8043380975723267,0.5564486384391785,0.7692036628723145
335,She works as a software engineer.,"Ela trabalha como engenheira de software.
",0,manual_data,gemini,prompt2,1.0175,1.0,0.9809526205062866,1.0714499950408936
336,He is going to the post office.,Ele está indo para a agência dos correios.,0,manual_data,gemmaX,sem_prompt,0.9878,1.0,0.9395731091499329,1.0239561796188354
338,bad blood,sangue ruim,1,manual_data,gpt,prompt2,0.9213,1.0,0.9852794408798218,0.7785005569458008
339,She is playing piano in the evening.,"Ela está tocando piano à noite.
",0,manual_data,gemini,prompt2,0.9855,1.0,0.9151153564453125,1.0413188934326172
340,go down in flames,ir para o chão em chamas,1,manual_data,gpt,prompt4,0.7852,0.9594070911407471,0.9807267785072327,0.4153498411178589
341,get your ducks in a row,Coloque suas coisas em ordem.,1,manual_data,gpt,prompt2,0.8837,0.9510065913200378,0.649848997592926,1.0502690076828003
342,They cleaned the house on Saturday.,Eles limparam a casa no sábado.,0,manual_data,gemma3,prompt2,1.0077,1.0,0.9746971726417542,1.048293948173523
343,at death's door,à porta da morte,1,manual_data,gpt,prompt2,0.8659,1.0,0.8059737086296082,0.7918238639831543
344,cut the mustard,cortar a mostarda,1,manual_data,gemmaX,sem_prompt,0.9183,1.0,0.9777664542198181,0.7772749662399292
346,She played cards with her friends.,"Ela jogou cartas com as amigas dela.
",0,manual_data,gemini,prompt2,1.014,1.0,0.9768989682197571,1.0651321411132812
347,an old flame,uma antiga paixão,1,manual_data,gemmaX,sem_prompt,0.9901,0.9905077219009399,0.865745484828949,1.1141225099563599
348,They are reading a novel by the fireplace.,Estão a ler um romance junto da lareira.,0,manual_data,gemmaX,sem_prompt,0.9861,1.0,0.9710713028907776,0.9872709512710571
349,caught between a rock and a hard place,Preso entre uma rocha e um lugar difícil,1,manual_data,gemmaX,sem_prompt,0.9147,0.9703801870346069,0.930483877658844,0.8432115912437439
350,a sinking ship,um navio afundando,1,manual_data,gpt,prompt2,1.0064,1.0,0.984502375125885,1.0347763299942017
351,drive me up the wall,me deixa louco,1,manual_data,gemmaX,sem_prompt,0.8113,0.9011160135269165,0.6663194894790649,0.8664885759353638
352,I called my friend last night.,Eu liguei para o meu amigo na noite passada.,0,manual_data,gpt,prompt2,1.0243,1.0,0.9790841341018677,1.0937572717666626
353,burn the candle at both ends,Queimar a vela em ambas as extremidades,1,manual_data,gemmaX,sem_prompt,0.9326,0.9803919792175293,0.9205434322357178,0.8967835307121277
354,They are attending a concert tonight.,"Eles estão indo a um show esta noite.
",0,manual_data,gemini,prompt2,1.0006,1.0,0.941003143787384,1.0607191324234009
356,chase your tail,perseguir o próprio rabo,1,manual_data,gpt,prompt2,0.8707,0.9840792417526245,0.7760016918182373,0.8520256876945496
358,don't put all your eggs in one basket,Não coloque todos os seus ovos na mesma cesta.,1,manual_data,gemma3,prompt2,0.9945,1.0,0.9550550580024719,1.0285383462905884
359,black as coal,"Preto como carvão
",1,manual_data,gemini,prompt2,0.9986,1.0,0.9815913438796997,1.0142192840576172
361,don't bite the hand that feeds you,"Não morda a mão que te alimenta.
",1,manual_data,gemini,prompt2,1.0008,0.9912000298500061,0.9234403967857361,1.0876458883285522
362,live to fight another day,Viva para lutar outro dia,1,manual_data,gemmaX,sem_prompt,0.9694,0.9961713552474976,0.9683157801628113,0.9437311291694641
363,cat's meow,miau do gato,1,manual_data,gemmaX,sem_prompt,0.8362,0.9642479419708252,0.9779141545295715,0.5665401816368103
364,by the book,de acordo com o livro,1,manual_data,gemmaX,sem_prompt,0.9145,1.0,0.7939294576644897,0.949445903301239
365,by the skin of your teeth,Por um triz.,1,manual_data,gemma3,prompt4,0.6871,0.865764856338501,0.8641752004623413,0.3314100503921509
366,busy as a bee,ocupado como uma abelha,1,manual_data,gpt,prompt2,0.9769,0.9902257919311523,0.9714615941047668,0.9690788984298706
368,She visited the art gallery on Sunday.,Ela visitou a galeria de arte no domingo.,0,manual_data,gpt,prompt2,1.0188,1.0,0.9734659194946289,1.0828834772109985
369,They went to a restaurant for dinner.,Eles foram a um restaurante para o jantar.,0,manual_data,gpt,prompt2,1.0147,1.0,0.977888822555542,1.0661052465438843
370,all thumbs,todos os polegares,1,manual_data,gemmaX,sem_prompt,0.8487,0.9410438537597656,0.8836702704429626,0.7213598489761353
371,She is dancing to the music.,"Ela está dançando ao som da música.
",0,manual_data,gemini,prompt2,1.004,1.0,0.9727423787117004,1.0391860008239746
372,bend the rules,"Flexibilizar as regras
",1,manual_data,gemini,prompt2,0.8629,0.967602014541626,0.815540611743927,0.8056702613830566
373,bring to the table,trazer para a mesa,1,manual_data,gemmaX,sem_prompt,0.8746,0.9879728555679321,0.9810420870780945,0.6549006104469299
374,crash and burn,quebrar e queimar,1,manual_data,gpt,prompt2,0.905,0.9824000597000122,0.8007169365882874,0.9318124651908875
375,They are playing chess at the table.,Eles estão jogando xadrez na mesa.,0,manual_data,gpt,prompt2,1.02,1.0,0.9704439043998718,1.0896357297897339
376,bare bones,essencial,1,manual_data,gpt,prompt2,0.8778,0.9451278448104858,0.6677204370498657,1.0205295085906982
377,an uphill battle,"Uma batalha difícil
",1,manual_data,gemini,prompt2,1.0149,0.9936751127243042,0.9271007776260376,1.123867392539978
378,cast a shadow,lançar uma sombra,1,manual_data,gemmaX,sem_prompt,0.9403,0.9895097017288208,0.986671507358551,0.8445897102355957
379,She is watching the stars at night.,"Ela está observando as estrelas à noite.
",0,manual_data,gemini,prompt2,0.955,1.0,0.975657045841217,0.8893136978149414
380,don’t put all your eggs in one basket,Não coloque todos os ovos na mesma cesta.,1,manual_data,gemma3,prompt2,0.9919,1.0,0.9535462856292725,1.0221859216690063
382,She is practicing yoga in the park.,"Ela está praticando ioga no parque.
",0,manual_data,gemini,prompt2,1.0337,1.0,0.9778826832771301,1.1230729818344116
383,He made a sandwich for lunch.,Ele fez um sanduíche para o almoço.,0,manual_data,gpt,prompt2,1.0064,1.0,0.9806151986122131,1.0387144088745117
384,hit the books,"Estudar bastante.
",1,manual_data,gemini,prompt2,0.8367,0.9728763103485107,0.6543417572975159,0.8828567862510681
385,close shave,barba feita com cuidado,1,manual_data,gpt,prompt2,0.7635,0.8919003009796143,0.5694308280944824,0.8291888236999512
386,a leopard can't change its spots,Um leopardo não pode mudar suas manchas.,1,manual_data,gpt,prompt2,0.9932,1.0,0.9218940734863281,1.057663083076477
387,couch potato,"Batata de sofá.
",1,manual_data,gemini,prompt4,0.8337,0.9579579830169678,0.8161339163780212,0.7270497679710388
388,She walked to the store.,"Ela caminhou até a loja.
",0,manual_data,gemma3,prompt2,1.0037,1.0,0.9727548360824585,1.0383790731430054
389,like riding a bike,"Como andar de bicicleta.
",1,manual_data,gemma3,prompt2,0.9564,1.0,0.7818729281425476,1.0873517990112305
390,They are playing volleyball at the beach.,"Eles estão jogando vôlei na praia.
",0,manual_data,gemini,prompt2,1.0183,1.0,0.9588100910186768,1.0959702730178833
391,He is playing soccer with his friends.,"Ele está jogando futebol com os amigos dele.
",0,manual_data,gemini,prompt2,1.0095,1.0,0.9793084859848022,1.0491933822631836
393,barking up the wrong tree,Apontando para a árvore errada.,1,manual_data,gpt,prompt2,0.8153,0.9396936893463135,0.7575728297233582,0.7486386299133301
394,They are visiting the zoo.,"Eles estão visitando o zoológico.
",0,manual_data,gemini,prompt2,1.0098,1.0,0.9740951657295227,1.0554025173187256
395,pull the plug,"Desligar o aparelho.
",1,manual_data,gemma3,prompt2,0.9751,1.0,0.7837636470794678,1.141538143157959
396,beat a hasty retreat,deram uma retirada precipitada,1,manual_data,gemmaX,sem_prompt,0.8204,0.9102604389190674,0.7903438210487366,0.7606585025787354
397,I went to the store to buy some bread.,Eu fui à loja para comprar pão.,0,manual_data,gpt,prompt2,1.0183,1.0,0.9523675441741943,1.1025454998016357
398,butterflies in my stomach,borboletas no meu estômago,1,manual_data,gpt,prompt2,0.9936,1.0,0.9801831245422363,1.0005950927734375
399,come up against a brick wall,Encontrar uma barreira intransponível.,1,manual_data,gemma3,prompt2,0.8604,0.9483301639556885,0.5855613350868225,1.0474509000778198
400,smooth sailing,navegação tranquila,1,manual_data,gpt,prompt2,1.0294,1.0,0.9905226230621338,1.097805142402649
401,She is sending a letter to her friend.,Ela está enviando uma carta para sua amiga.,0,manual_data,gemmaX,sem_prompt,1.019,1.0,0.9707185626029968,1.086145043373108
402,He is checking his email.,Ele está verificando seu e-mail.,0,manual_data,gemma3,prompt2,1.0089,1.0,0.9816250205039978,1.0451405048370361
404,make waves,fazer ondas,1,manual_data,gemmaX,sem_prompt,0.9234,0.9912000298500061,0.9861072897911072,0.79291832447052
405,bury the hatchet,"Enterrar a machadinha.
",1,manual_data,gemini,prompt4,0.7735,0.9400954246520996,0.815285325050354,0.5650565028190613
406,as good as gold,tão bom quanto o ouro,1,manual_data,gemmaX,sem_prompt,0.976,0.9845807552337646,0.9889034628868103,0.954563319683075
407,She is putting on her shoes.,"Ela está calçando os sapatos.
",0,manual_data,gemini,prompt2,1.0208,1.0,0.9755738377571106,1.0868951082229614
408,built like a tank,construído como um tanque,1,manual_data,gemmaX,sem_prompt,1.0146,1.0,0.9864946007728577,1.0574421882629395
409,hit the sack,Ir para a cama,1,manual_data,gemma3,prompt2,0.8104,0.8176695108413696,0.5785805583000183,1.0348080396652222
411,He is going for a bike ride.,Ele está indo para um passeio de bicicleta.,0,manual_data,gemmaX,sem_prompt,0.9922,1.0,0.9589726328849792,1.017629861831665
412,bite the dust,morder a poeira,1,manual_data,gpt,prompt4,0.7491,0.9464863538742065,0.9752299189567566,0.32544946670532227
413,falling apart at the seams,caindo aos pedaços nas costuras,1,manual_data,gemmaX,sem_prompt,0.9681,0.993647575378418,0.9811182618141174,0.9295697212219238
414,They are jogging through the park.,"Eles estão correndo no parque.
",0,manual_data,gemini,prompt2,0.9493,1.0,0.861508309841156,0.9864876866340637
415,backseat driver,motorista de banco de trás,1,manual_data,gpt,prompt4,0.9205,0.9605362415313721,0.9852723479270935,0.8155568838119507
416,a blessing in disguise,"Uma bênção disfarçada
",1,manual_data,gemini,prompt2,0.9995,1.0,0.9590034484863281,1.0393739938735962
417,back against the wall,costas contra a parede,1,manual_data,gpt,prompt2,0.9656,0.9909816980361938,0.912676990032196,0.9931182265281677
418,blue collar,colarinho azul,1,manual_data,gpt,prompt2,0.9714,1.0,0.9838992953300476,0.930364191532135
419,kill two birds with one stone,matar dois pássaros com uma pedra,1,manual_data,gemmaX,sem_prompt,0.9427,0.9984891414642334,0.9693499207496643,0.8601361513137817
421,by a hair's breadth,por uma questão de cabelo,1,manual_data,gemmaX,sem_prompt,0.8133,0.9438382387161255,0.5894630551338196,0.9064555168151855
422,They are planning a trip to Europe.,"Eles estão planejando uma viagem para a Europa.
",0,manual_data,gemini,prompt2,1.0136,1.0,0.9789019227027893,1.061916708946228
423,big picture,O quadro geral,1,manual_data,gemma3,prompt2,0.9968,1.0,0.956548273563385,1.0339051485061646
424,beat around the bush,"Ficar de rodeios
",1,manual_data,gemini,prompt4,0.6751,0.9127227067947388,0.9128475785255432,0.19982308149337769
425,cast in stone,"Escrito em pedra
",1,manual_data,gemini,prompt2,1.0161,0.9923049211502075,0.911178469657898,1.1449052095413208
426,They went to the supermarket yesterday.,Eles foram ao supermercado ontem.,0,manual_data,gemma3,prompt2,1.003,1.0,0.9766250848770142,1.0324089527130127
427,She cleaned the kitchen after dinner.,"Ela limpou a cozinha depois do jantar.
",0,manual_data,gemini,prompt2,1.0169,1.0,0.9767002463340759,1.0739939212799072
428,He traveled to Paris last year.,"Ele viajou para Paris no ano passado.
",0,manual_data,gemini,prompt2,0.9929,1.0,0.9829563498497009,0.9957778453826904
429,face like thunder,cara de trovão,1,manual_data,gemmaX,sem_prompt,0.8464,0.9313050508499146,0.812083899974823,0.7957528233528137
430,I am learning how to cook.,"Estou aprendendo a cozinhar.
",0,manual_data,gemini,prompt2,1.0221,1.0,0.9613847136497498,1.1049326658248901
431,She is wearing a red dress.,"Ela está vestindo um vestido vermelho.
",0,manual_data,gemini,prompt2,1.0185,1.0,0.9845478534698486,1.0709102153778076
432,come rain or shine,Mesmo que chova ou faça sol.,1,manual_data,gemma3,prompt2,0.9598,0.9912000298500061,0.8664388060569763,1.0217348337173462
433,get the ball rolling,começar a rolar a bola,1,manual_data,gemmaX,sem_prompt,0.8948,0.9719732999801636,0.869156539440155,0.8431713581085205
434,He went to the gym for a workout session.,"Ele foi à academia para uma sessão de treino.
",0,manual_data,gemma3,prompt2,0.9776,1.0,0.9517210721969604,0.9809828996658325
435,He is drinking tea in the morning.,Ele está bebendo chá de manhã.,0,manual_data,gemma3,prompt2,1.0069,1.0,0.974439799785614,1.046378493309021
436,They enjoyed a family dinner together.,"Eles apreciaram um jantar em família juntos.
",0,manual_data,gemini,prompt2,1.0003,1.0,0.977898359298706,1.0230847597122192
437,They are playing basketball in the yard.,Eles estão jogando basquete no quintal.,0,manual_data,gemmaX,sem_prompt,1.0142,1.0,0.9590446352958679,1.0834320783615112
439,flying high,"Voando alto
",1,manual_data,gemini,prompt2,0.9811,1.0,0.9677116870880127,0.9755638837814331
440,bring home the bacon,trazer o pão para casa,1,manual_data,gpt,prompt2,0.9808,1.0,0.9823120832443237,0.9601123929023743
441,give someone the cold shoulder,dar a alguém o ombro frio,1,manual_data,gemmaX,sem_prompt,0.9913,0.9983440637588501,0.9682740569114685,1.007422924041748
442,bite your tongue,Morda a língua,1,manual_data,gemmaX,sem_prompt,0.9405,0.9608120918273926,0.9535307288169861,0.9072723984718323
443,all in a day's work,"Tudo em um dia de trabalho.
",1,manual_data,gemini,prompt2,0.9835,0.9797326326370239,0.9550060033798218,1.0158008337020874
444,eyes in the back of your head,olhos na parte de trás da sua cabeça,1,manual_data,gemmaX,sem_prompt,0.9023,1.0,0.9411945939064026,0.7657376527786255
445,He ate his breakfast quickly.,Ele comeu seu café da manhã rapidamente.,0,manual_data,gemmaX,sem_prompt,0.9722,1.0,0.9816641211509705,0.9348477125167847
446,back on your feet,De pé novamente.,1,manual_data,gpt,prompt4,0.8942,0.9813961982727051,0.9516150951385498,0.749692976474762
447,"blood, sweat, and tears","Sangue, suor e lágrimas.",1,manual_data,gemma3,prompt2,1.0349,1.0,0.9736478924751282,1.1310433149337769
448,They are driving to the countryside.,Eles estão dirigindo para o interior.,0,manual_data,gpt,prompt2,0.977,1.0,0.9629115462303162,0.9680471420288086
449,She cooked dinner for her family.,Ela cozinhou o jantar para a família dela.,0,manual_data,gemma3,prompt2,1.012,1.0,0.978672444820404,1.0573290586471558
451,hard as nails,duro como unhas,1,manual_data,gemmaX,sem_prompt,0.943,0.982251763343811,0.9906759262084961,0.8561093211174011
453,black and blue,preto e azul,1,manual_data,gpt,prompt2,1.029,1.0,0.9940990805625916,1.0928452014923096
454,how the cookie crumbles,como as coisas acontecem,1,manual_data,gpt,prompt2,0.8476,0.9663209319114685,0.677544116973877,0.8990066051483154
455,He played video games all evening.,Ele jogou video games a noite toda.,0,manual_data,gemmaX,sem_prompt,1.0211,1.0,0.9680101871490479,1.0952616930007935
457,beef up,reforçar,1,manual_data,gpt,prompt2,0.7724,0.908572256565094,0.4925009310245514,0.9160706996917725
458,be on cloud nine,estar nas nuvens,1,manual_data,gemmaX,sem_prompt,0.8307,0.9522465467453003,0.6670307517051697,0.8726908564567566
459,They traveled to the mountains for vacation.,Eles viajaram para as montanhas nas férias.,0,manual_data,gpt,prompt2,0.9966,1.0,0.956134021282196,1.0336178541183472
460,They went on a road trip last summer.,Eles fizeram uma viagem de carro no verão passado.,0,manual_data,gpt,prompt2,0.9898,1.0,0.951689600944519,1.0178180932998657
461,clear the air,limpar o ar,1,manual_data,gemmaX,sem_prompt,0.928,0.9912000298500061,0.9406710267066956,0.8520721197128296
462,cat got your tongue,O gato comeu sua língua?,1,manual_data,gemma3,prompt2,0.951,0.9942845106124878,0.791006863117218,1.067672848701477
463,as busy as a bee,"Tão ocupado como uma abelha.
",1,manual_data,gemini,prompt2,0.9521,0.9380872249603271,0.9292823672294617,0.988910973072052
464,They are visiting their friends in the city.,"Eles estão visitando seus amigos na cidade.
",0,manual_data,gemini,prompt2,1.007,0.9912000298500061,0.9773280024528503,1.0524252653121948
465,come out of your shell,"Saia da sua concha.
",1,manual_data,gemini,prompt2,0.9518,0.9632747173309326,0.951841413974762,0.9404085874557495
466,a storm in a teacup,Uma tempestade num copo d'água.,1,manual_data,gemma3,prompt2,0.9931,0.9993736743927002,0.925629198551178,1.0542752742767334
467,a tower of strength,uma torre de força,1,manual_data,gemmaX,sem_prompt,0.9844,1.0,0.9861269593238831,0.9671326875686646
468,all's fair in love and war,Tudo é justo no amor e na guerra,1,manual_data,gemmaX,sem_prompt,1.0043,1.0,0.9625515341758728,1.0504169464111328
469,She is doing her hair in front of the mirror.,Ela está fazendo o cabelo na frente do espelho.,0,manual_data,gemmaX,sem_prompt,0.9893,0.9795606136322021,0.9665258526802063,1.0218425989151
470,all the world's a stage,Todo o mundo é um palco,1,manual_data,gemmaX,sem_prompt,1.0093,1.0,0.9582616090774536,1.0696256160736084
471,"if the shoe fits, wear it","Se o sapato serve, use-o.",1,manual_data,gpt,prompt2,0.9307,0.9823393821716309,0.9300318360328674,0.8796136379241943
472,They have three children.,Eles têm três filhos.,0,manual_data,gpt,prompt2,1.0277,1.0,0.9865394830703735,1.096514344215393
473,She is preparing for a job interview.,"Ela está se preparando para uma entrevista de emprego.
",0,manual_data,gemini,prompt2,1.0058,1.0,0.9802358150482178,1.037231206893921
474,They had a barbecue in the backyard.,Eles fizeram um churrasco no quintal.,0,manual_data,gemma3,prompt2,1.0061,1.0,0.9753580689430237,1.043075442314148
475,bite the bullet,Encarar a realidade.,1,manual_data,gpt,prompt2,0.881,0.994675874710083,0.575158417224884,1.0732425451278687
476,They went hiking in the mountains.,Eles foram fazer trilha nas montanhas.,0,manual_data,gpt,prompt2,1.0084,1.0,0.9755762815475464,1.0496959686279297
477,keep your chin up,Mantenha a cabeça erguida.,1,manual_data,gemma3,prompt2,0.9686,0.9912000298500061,0.8921305537223816,1.0225260257720947
478,cut from the same cloth,cortados do mesmo pano,1,manual_data,gpt,prompt2,0.9244,1.0,0.9669749140739441,0.8063122034072876
479,full plate,"Armadura completa
",1,manual_data,gemini,prompt4,0.8231,0.979101836681366,0.6808364987373352,0.8094851970672607
480,alive and kicking,"Vivo e forte
",1,manual_data,gemini,prompt2,0.8996,0.9511970281600952,0.76591557264328,0.9816278219223022
481,a place in the sun,Um lugar ao sol,1,manual_data,gemmaX,sem_prompt,0.9959,1.0,0.963469922542572,1.02432119846344
482,They went to the zoo with the kids.,"Eles foram ao zoológico com as crianças.
",0,manual_data,gemini,prompt2,1.0058,1.0,0.9477550983428955,1.0696911811828613
483,I took a photo of the beautiful sunset.,Tirei uma foto do lindo pôr do sol.,0,manual_data,gemmaX,sem_prompt,0.9946,1.0,0.9500065445899963,1.03389573097229
484,bad egg,O ovo estragado,1,manual_data,gemma3,prompt2,0.9122,0.9912000298500061,0.7451856136322021,1.0001952648162842
485,back to square one,De volta à estaca zero.,1,manual_data,gemma3,prompt2,1.0151,1.0,0.9655810594558716,1.0797053575515747
486,break the ice,"Quebrar o gelo
",1,manual_data,gemini,prompt2,1.0016,0.9912000298500061,0.9466816186904907,1.0669844150543213
487,The train arrived at the station on time.,"O trem chegou à estação na hora certa.
",0,manual_data,gemini,prompt2,1.023,1.0,0.9779856204986572,1.09114408493042
488,She took a nap after lunch.,Ela tirou uma soneca depois do almoço.,0,manual_data,gemma3,prompt2,0.9674,1.0,0.980903148651123,0.9212323427200317
489,He is watering the plants.,"Ele está regando as plantas.
",0,manual_data,gemini,prompt2,0.9941,1.0,0.97048419713974,1.0119606256484985
490,at the helm,ao leme,1,manual_data,gemmaX,sem_prompt,0.7237,0.9644632339477539,0.9682808518409729,0.2382718026638031
491,The dog is playing outside.,"O cachorro está brincando lá fora.
",0,manual_data,gemma3,prompt2,1.0267,1.0,0.9758135676383972,1.1043001413345337
492,coming full circle,"Completar um ciclo
",1,manual_data,gemini,prompt2,0.9223,0.9618440866470337,0.7237880825996399,1.081288456916809
494,as smooth as silk,suave como seda,1,manual_data,gpt,prompt2,1.0055,1.0,0.9494194388389587,1.0672155618667603
495,a shot in the dark,"Um tiro no escuro
",1,manual_data,gemini,prompt2,0.9997,1.0,0.9673404097557068,1.0317991971969604
496,burst at the seams,estourar nas costuras,1,manual_data,gpt,prompt2,0.8756,0.9368358850479126,0.930908739566803,0.7590078711509705
497,They went to a concert last night.,"Eles foram a um show ontem à noite.
",0,manual_data,gemini,prompt2,1.0059,1.0,0.9802564978599548,1.0374113321304321
499,They are having a discussion in the classroom.,Eles estão tendo uma discussão na sala de aula.,0,manual_data,gpt,prompt2,1.0137,1.0,0.9785884022712708,1.062653660774231
500,behind the eight ball,atrás da oitava bola,1,manual_data,gemmaX,sem_prompt,0.8206,0.9446392059326172,0.8849900364875793,0.6322215795516968
501,She is painting a picture on the canvas.,Ela está pintando um quadro na tela.,0,manual_data,gpt,prompt2,0.9919,1.0,0.9729944467544556,1.002743124961853
502,against the grain,"Contra a corrente
",1,manual_data,gemini,prompt2,0.8727,0.9376653432846069,0.7027885317802429,0.9777259826660156
503,She is typing on her computer.,Ela está digitando em seu computador.,0,manual_data,gemmaX,sem_prompt,1.0044,1.0,0.9812178015708923,1.0320760011672974
504,left out in the cold,deixado de fora no frio,1,manual_data,gpt,prompt2,0.9466,1.0,0.9867302775382996,0.8531724214553833
505,don't judge a book by its cover,"Não julgue um livro pela capa.
",1,manual_data,gemma3,prompt2,1.033,1.0,0.959353506565094,1.139675259590149
506,bend over backward,dobrar para trás,1,manual_data,gemmaX,sem_prompt,0.745,0.9658557772636414,0.9176310896873474,0.35140228271484375
507,back to the grind,De volta à rotina.,1,manual_data,gemma3,prompt2,1.0241,0.9737918376922607,0.9216047525405884,1.1767820119857788
508,let sleeping dogs lie,Deixe os cães dormirem,1,manual_data,gemmaX,sem_prompt,0.98,1.0,0.8551791310310364,1.0848571062088013
509,a snowball's chance in hell,a chance de uma bola de neve no inferno,1,manual_data,gemmaX,sem_prompt,0.847,0.9783494472503662,0.8380403518676758,0.724657416343689
510,fighting a losing battle,lutando uma batalha perdida,1,manual_data,gpt,prompt2,0.9369,0.9824000597000122,0.9207392930984497,0.907679557800293
511,a fish out of water,"Um peixe fora d'água
",1,manual_data,gemini,prompt2,1.0227,1.0,0.96318119764328,1.1048671007156372
512,hit the ground running,começar de imediato,1,manual_data,gemmaX,sem_prompt,0.8407,0.9106655120849609,0.7083848118782043,0.9030264019966125
514,He took a walk in the park.,"Ele deu um passeio no parque.
",0,manual_data,gemini,prompt2,1.0043,1.0,0.9778249859809875,1.0350971221923828
515,They are enjoying a cup of coffee together.,"Eles estão aproveitando uma xícara de café juntos.
",0,manual_data,gemma3,prompt2,1.0073,1.0,0.975312352180481,1.0465596914291382
516,I made a cup of tea for myself.,Eu preparei uma xícara de chá para mim.,0,manual_data,gemma3,prompt2,1.0128,1.0,0.945885181427002,1.0923815965652466
517,cooking up a storm,cozinhar como louco,1,manual_data,gemmaX,sem_prompt,0.8579,0.9511622190475464,0.6583602428436279,0.9642308950424194
518,fall through the cracks,cair nas lacunas,1,manual_data,gpt,prompt4,0.7855,0.9901645183563232,0.7798212170600891,0.5864778161048889
520,dance with the devil,"Dançar com o diabo.
",1,manual_data,gemma3,prompt2,0.9692,0.981807291507721,0.8671702146530151,1.058686375617981
521,dark horse,cavalo escuro,1,manual_data,gemmaX,sem_prompt,1.0165,1.0,0.9872961640357971,1.0622750520706177
522,She enjoys walking in the park.,"Ela gosta de caminhar no parque.
",0,manual_data,gemini,prompt2,1.0021,1.0,0.9363914728164673,1.069921612739563
524,He is looking out the window at the rain.,"Ele está olhando pela janela para a chuva.
",0,manual_data,gemma3,prompt2,0.994,1.0,0.973869800567627,1.0081852674484253
525,feeling under the weather,"Sentindo-se mal.
",1,manual_data,gemini,prompt2,0.8675,0.9548693895339966,0.6797519326210022,0.9678090214729309
527,clear as crystal,"Claro como cristal
",1,manual_data,gemini,prompt2,1.0132,1.0,0.982745349407196,1.0568978786468506
529,cutting corners,cortar cantos,1,manual_data,gemmaX,sem_prompt,0.7882,0.9843111038208008,0.8846967816352844,0.4954524040222168
530,cost an arm and a leg,custar um braço e uma perna,1,manual_data,gemmaX,sem_prompt,0.8947,0.992431640625,0.9728193879127502,0.7188631296157837
531,a far cry,um grito distante,1,manual_data,gemmaX,sem_prompt,0.9439,0.919709324836731,0.8107305765151978,1.1012108325958252
532,carry the torch,carregar a tocha,1,manual_data,gpt,prompt2,0.9514,1.0,0.971929132938385,0.882222056388855
533,chew the fat,mastigar a gordura,1,manual_data,gemmaX,sem_prompt,0.851,0.9829832315444946,0.9736513495445251,0.5963057279586792
534,at a snail's pace,a um ritmo de lesma,1,manual_data,gemmaX,sem_prompt,0.9985,0.9992117881774902,0.9750942587852478,1.0211275815963745
535,He is taking a nap on the couch.,Ele está tirando uma soneca no sofá.,0,manual_data,gemma3,prompt2,0.9777,0.9998399019241333,0.9605469107627869,0.9727116823196411
536,dressed to kill,vestida para matar,1,manual_data,gpt,prompt2,0.9941,1.0,0.9879860281944275,0.9944289922714233
537,all in your head,Tudo na sua cabeça.,1,manual_data,gemma3,prompt2,1.0152,1.0,0.9255477786064148,1.1199396848678589
538,He is writing a story for school.,"Ele está escrevendo uma história para a escola.
",0,manual_data,gemini,prompt2,1.0016,1.0,0.9777756333351135,1.0270577669143677
539,She painted a picture of a landscape.,Ela pintou um quadro de uma paisagem.,0,manual_data,gemma3,prompt2,1.0023,1.0,0.9774584174156189,1.0293519496917725
540,banging your head against a brick wall,bater a cabeça contra uma parede de tijolos,1,manual_data,gemmaX,sem_prompt,0.986,0.9839228391647339,0.9635074138641357,1.0105959177017212
541,She is visiting her grandmother in the hospital.,Ela está visitando a avó dela no hospital.,0,manual_data,gpt,prompt2,1.0094,1.0,0.9710153937339783,1.057268500328064
542,She had a meeting with her boss.,"Ela teve uma reunião com seu chefe.
",0,manual_data,gemma3,prompt2,1.0119,1.0,0.9708013534545898,1.0647860765457153
543,She is knitting a scarf for winter.,Ela está tricotando um cachecol para o inverno.,0,manual_data,gpt,prompt2,1.0002,1.0,0.9701080322265625,1.03050696849823
544,She took the train to the city.,"Ela pegou o trem para a cidade.
",0,manual_data,gemma3,prompt2,1.0249,1.0,0.9703924655914307,1.1042271852493286
546,They are taking pictures in front of the monument.,Eles estão tirando fotos em frente ao monumento.,0,manual_data,gemma3,prompt2,1.0047,1.0,0.9799908399581909,1.0341507196426392
547,They went for a walk in the park.,Eles foram passear no parque.,0,manual_data,gpt,prompt2,1.0183,1.0,0.9803269505500793,1.0746599435806274
548,below the belt,abaixo da cintura,1,manual_data,gpt,prompt2,0.9,0.9880825281143188,0.681205153465271,1.0306618213653564
549,caught red-handed,pego em flagrante,1,manual_data,gemmaX,sem_prompt,0.8553,0.9180928468704224,0.7302303314208984,0.9176878929138184
550,make a mountain out of a molehill,"Fazer uma montanha de um grão de areia.
",1,manual_data,gemma3,prompt2,0.8408,0.9404768943786621,0.9285354018211365,0.6534610390663147
551,burning bridges,"Queimando pontes
",1,manual_data,gemini,prompt2,1.014,1.0,0.9341097474098206,1.1080259084701538
552,burn a hole in your pocket,"Fazer um buraco no bolso.
",1,manual_data,gemini,prompt4,0.8043,0.981378972530365,0.9297921061515808,0.5018243789672852
553,He is waiting for the bus.,"Ele está esperando o ônibus.
",0,manual_data,gemini,prompt2,0.9817,1.0,0.9721582531929016,0.9728164672851562
554,better safe than sorry,Mais vale prevenir do que remediar.,1,manual_data,gemma3,prompt2,0.9001,0.989456057548523,0.7058534026145935,1.0050901174545288
555,burnt to a crisp,"Queimado até virar carvão.
",1,manual_data,gemma3,prompt2,0.8922,0.9541319608688354,0.8745683431625366,0.8479310870170593
556,They are doing laundry in the basement.,"Eles estão lavando roupa no porão.
",0,manual_data,gemini,prompt2,1.0179,0.9912000298500061,0.9732339978218079,1.0894101858139038
557,as light as a feather,"Leve como uma pluma
",1,manual_data,gemini,prompt2,0.9463,0.9720377326011658,0.8612571954727173,1.0056910514831543
558,as fit as a fiddle,em forma de um violino,1,manual_data,gpt,prompt4,0.8253,0.9563963413238525,0.6915745139122009,0.8278960585594177
559,They are going for a run in the morning.,Eles vão correr de manhã.,0,manual_data,gemmaX,sem_prompt,0.9175,1.0,0.8777009844779968,0.8749059438705444
560,adding insult to injury,Acrescentando insulto à injúria,1,manual_data,gemmaX,sem_prompt,0.9474,1.0,0.919258713722229,0.9228915572166443
562,broken dreams,sonhos quebrados,1,manual_data,gpt,prompt2,1.0156,1.0,0.9845481514930725,1.0622838735580444
563,bitten by the bug,mordido pelo bicho,1,manual_data,gpt,prompt2,0.9486,0.9810216426849365,0.9811751246452332,0.8834844827651978
564,blown away,deixado de lado,1,manual_data,gemmaX,sem_prompt,0.8183,0.9829237461090088,0.5390564799308777,0.9330316781997681
565,big shoes to fill,"Grandes responsabilidades
",1,manual_data,gemini,prompt2,0.8452,0.9567288756370544,0.6591784358024597,0.9196627140045166
566,He is cleaning the garage.,"Ele está limpando a garagem.
",0,manual_data,gemini,prompt2,0.9956,1.0,0.9700957536697388,1.0167419910430908
567,She played tennis with her brother.,"Ela jogou tênis com o irmão dela.
",0,manual_data,gemini,prompt2,1.027,1.0,0.978213906288147,1.1026759147644043
568,grasp at straws,"Aferrar-se a uma palhinha
",1,manual_data,gemini,prompt2,0.7633,0.9310919046401978,0.5528227686882019,0.805979311466217
569,coming up roses,Tudo está indo bem.,1,manual_data,gemma3,prompt2,0.8685,0.8676552772521973,0.6492000818252563,1.0885647535324097
570,The car stopped at the red light.,"O carro parou no semáforo vermelho.
",0,manual_data,gemma3,prompt2,1.0071,1.0,0.9729037284851074,1.0483721494674683
571,They are sitting around the campfire.,"Eles estão sentados ao redor da fogueira.
",0,manual_data,gemini,prompt2,1.0034,1.0,0.9771553874015808,1.0331765413284302
572,He is working out in the gym.,Ele está se exercitando na academia.,0,manual_data,gemma3,prompt2,0.9525,1.0,0.9589912295341492,0.8983891606330872
573,She is playing with her cat.,"Ela está brincando com seu gato.
",0,manual_data,gemini,prompt2,1.0096,1.0,0.976249635219574,1.0525569915771484
574,He is fixing the car.,"Ele está consertando o carro.
",0,manual_data,gemini,prompt2,0.9911,1.0,0.9651122093200684,1.0082321166992188
575,I like to read books in the evening.,Eu gosto de ler livros à noite.,0,manual_data,gpt,prompt2,1.0245,1.0,0.9348077774047852,1.1386107206344604
576,They went to a museum last month.,Eles foram a um museu no mês passado.,0,manual_data,gpt,prompt2,1.0229,1.0,0.9779029488563538,1.090797781944275
577,They went to the library to borrow books.,Eles foram à biblioteca para pegar emprestado livros.,0,manual_data,gemmaX,sem_prompt,0.9935,1.0,0.9728890061378479,1.007665991783142
578,flying off the handle,perder a cabeça,1,manual_data,gpt,prompt2,0.664,0.7611177563667297,0.418972373008728,0.8118101358413696
579,catch lightning in a bottle,"Capturar um raio em uma garrafa.
",1,manual_data,gemma3,prompt2,0.9109,0.9861853718757629,0.8507615923881531,0.8956965208053589
580,bare your soul,revele sua alma,1,manual_data,gpt,prompt2,0.965,0.9900572299957275,0.8672249913215637,1.037655234336853
581,They met their friends at the café.,"Eles encontraram seus amigos no café.
",0,manual_data,gemini,prompt2,1.0208,1.0,0.9728277325630188,1.089510440826416
582,jump the gun,sair na frente,1,manual_data,gpt,prompt4,0.7165,0.883933424949646,0.5856976509094238,0.6797424554824829
583,She worked on her project all afternoon.,"Ela trabalhou no projeto a tarde toda.
",0,manual_data,gemini,prompt2,0.9674,1.0,0.9458512663841248,0.9564957618713379
585,They are watching TV in the living room.,"Eles estão assistindo TV na sala.
",0,manual_data,gemini,prompt2,1.0257,1.0,0.975910484790802,1.10108482837677
586,They are eating lunch together.,"Eles estão almoçando juntos.
",0,manual_data,gemini,prompt2,1.004,1.0,0.9608668088912964,1.0509916543960571
587,He is taking a walk around the block.,Ele está dando uma volta pelo quarteirão.,0,manual_data,gpt,prompt2,0.9442,1.0,0.9683477878570557,0.8643102645874023
589,He sent an email to his colleague.,Ele enviou um e-mail para seu colega.,0,manual_data,gpt,prompt2,1.035,1.0,0.970501184463501,1.1346182823181152
590,carry a torch,carregar uma tocha,1,manual_data,gpt,prompt2,0.9851,1.0,0.9769085049629211,0.9784202575683594
591,They took a bus to the city center.,Eles pegaram um ônibus para o centro da cidade.,0,manual_data,gpt,prompt2,1.0156,1.0,0.9741829037666321,1.072520136833191
592,eat your heart out,Coma seu coração!,1,manual_data,gpt,prompt4,0.754,0.9374823570251465,0.9225046038627625,0.4020363986492157
593,I did the laundry yesterday.,Eu fiz a lavanderia ontem.,0,manual_data,gpt,prompt2,1.0279,1.0,0.9722957015037537,1.1115398406982422
594,They are taking a walk along the beach.,Estão a dar um passeio na praia.,0,manual_data,gemmaX,sem_prompt,0.9968,1.0,0.9431703090667725,1.047179937362671
595,a weight on my shoulders,um peso sobre os meus ombros,1,manual_data,gpt,prompt2,0.9987,1.0,0.9800447225570679,1.0159423351287842
596,can't cut the mustard,não consegue se destacar,1,manual_data,gpt,prompt2,0.7702,0.8471977710723877,0.5574361681938171,0.9060284495353699
597,come down to earth,"Voltar à realidade.
",1,manual_data,gemma3,prompt2,0.9341,0.9824000597000122,0.7830039858818054,1.0368273258209229
598,She is writing a letter to her friend.,Ela está escrevendo uma carta para sua amiga.,0,manual_data,gpt,prompt2,1.0174,1.0,0.9725314974784851,1.0797218084335327
599,bad apple,Uma maçã podre,1,manual_data,gemma3,prompt2,0.7676,0.978965163230896,0.5619942545890808,0.7619742155075073
601,She is making a salad for lunch.,Ela está fazendo uma salada para o almoço.,0,manual_data,gpt,prompt2,1.0235,1.0,0.976865828037262,1.093579649925232
602,He repaired the broken chair.,"Ele consertou a cadeira quebrada.
",0,manual_data,gemini,prompt2,1.0029,1.0,0.9375722408294678,1.0710680484771729
603,icing on the cake,O toque final,1,manual_data,gemma3,prompt2,0.8678,0.9888420104980469,0.7218010425567627,0.8926385641098022
604,She went to the dentist for a check-up.,Ela foi ao dentista para um check-up.,0,manual_data,gpt,prompt2,0.9879,1.0,0.9740048050880432,0.989778459072113
605,armed to the teeth,"Armado até os dentes
",1,manual_data,gemini,prompt2,0.9512,0.9539881944656372,0.9685569405555725,0.9311898946762085
606,Water boils at 100°C.,"A água ferve a 100°C.
",0,manual_data,gemini,prompt2,1.0456,1.0,0.9886383414268494,1.1482065916061401
607,red herring,isca vermelha,1,manual_data,gemmaX,sem_prompt,0.8167,0.9512382745742798,0.7178134918212891,0.7809518575668335
608,have a lot on your plate,"Ter muito o que fazer.
",1,manual_data,gemma3,prompt2,0.8379,0.961890459060669,0.7219347953796387,0.8299763798713684
609,a clean slate,um novo começo,1,manual_data,gemmaX,sem_prompt,0.9515,1.0,0.7774666547775269,1.07716965675354
610,feeding the fire,alimentando o fogo,1,manual_data,gpt,prompt2,0.9185,0.9658223390579224,0.9767115116119385,0.8129104375839233
611,finding a needle in a haystack,Encontrar uma agulha num palheiro,1,manual_data,gemmaX,sem_prompt,0.9588,0.9934009313583374,0.9254155158996582,0.9576141238212585
612,She is shopping for groceries.,Ela está comprando mantimentos.,0,manual_data,gemmaX,sem_prompt,0.9826,1.0,0.9314225316047668,1.0162606239318848
615,black mark,marca negra,1,manual_data,gpt,prompt2,0.9838,1.0,0.9923593401908875,0.958969235420227
618,call it a night,Vamos dar por encerrada a noite.,1,manual_data,gemma3,prompt2,0.8812,1.0,0.7999672293663025,0.8435921669006348
619,I worked on my computer for two hours.,Eu trabalhei no meu computador por duas horas.,0,manual_data,gemmaX,sem_prompt,1.0049,1.0,0.981340229511261,1.0334150791168213
620,man of the hour,"O homem do momento
",1,manual_data,gemini,prompt2,0.927,0.9824000597000122,0.9023950695991516,0.8962037563323975
621,from the bottom of my heart,"Do fundo do meu coração
",1,manual_data,gemini,prompt2,1.0184,1.0,0.9623145461082458,1.0929374694824219
623,go the extra mile,"Fazer um esforço extra.
",1,manual_data,gemma3,prompt2,0.9615,1.0,0.9610846042633057,0.9232943654060364
624,down to earth,"Pé no chão
",1,manual_data,gemini,prompt2,0.9851,0.9879707098007202,0.9547284245491028,1.0124744176864624
625,They are chatting in the living room.,Eles estão conversando na sala de estar.,0,manual_data,gpt,prompt2,0.9973,1.0,0.9280722141265869,1.063742995262146
626,The dog ran across the yard.,O cão correu pelo quintal.,0,manual_data,gemmaX,sem_prompt,0.9659,1.0,0.9374843835830688,0.9603114724159241
627,bigger fish to fry,"Problemas maiores para resolver
",1,manual_data,gemini,prompt2,0.86,0.986885130405426,0.5685113072395325,1.0245846509933472
628,climbing the walls,"Subindo pelas paredes
",1,manual_data,gemini,prompt2,0.9553,0.9912000298500061,0.8819481134414673,0.992779016494751
629,as clear as day,claro como o dia,1,manual_data,gemmaX,sem_prompt,0.9398,0.9894982576370239,0.9715069532394409,0.858484148979187
630,like a fish out of water,"Como um peixe fora d'água.
",1,manual_data,gemma3,prompt2,1.0093,1.0,0.9436777830123901,1.0841031074523926
631,"like father, like son","Assim como pai, assim como filho.",1,manual_data,gpt,prompt2,0.967,0.9912000298500061,0.9430350065231323,0.9667649865150452
632,blaze a trail,abrir um caminho,1,manual_data,gpt,prompt2,0.8871,0.9601342678070068,0.68250572681427,1.0185807943344116
633,dare to dream,atreva-se a sonhar,1,manual_data,gpt,prompt2,0.8191,0.9982752799987793,0.8988140225410461,0.5601750016212463
634,at your wit’s end,à beira de um colapso emocional,1,manual_data,gpt,prompt2,0.8698,0.9746828079223633,0.6283673048019409,1.00641930103302
635,a piece of cake,um pedaço de bolo,1,manual_data,gemmaX,sem_prompt,1.0096,1.0,0.9799816608428955,1.0487697124481201
636,call the shots,"Dar as cartas
",1,manual_data,gemini,prompt2,0.8008,0.939415693283081,0.529138445854187,0.9338038563728333
637,close call,quase acidente,1,manual_data,gpt,prompt2,0.7719,0.9366632699966431,0.6820074915885925,0.6970833539962769
638,against the clock,contra o relógio,1,manual_data,gemmaX,sem_prompt,0.985,1.0,0.9801246523857117,0.9749637246131897
639,eye of the storm,"Olho do furacão
",1,manual_data,gemini,prompt2,0.9739,1.0,0.9425883889198303,0.9790744781494141
640,don't count your chickens before they hatch,Não conte os seus pintinhos antes de eles nascerem.,1,manual_data,gpt,prompt2,0.9725,1.0,0.9326743483543396,0.9847970008850098
641,They are having a family gathering at home.,"Eles estão fazendo uma reunião familiar em casa.
",0,manual_data,gemini,prompt2,1.0085,0.9912000298500061,0.9783932566642761,1.0559650659561157
642,big time,grande estilo,1,manual_data,gpt,prompt2,0.8281,0.8180055618286133,0.7015811204910278,0.9647356867790222
643,a drop in the ocean,"Uma gota no oceano
",1,manual_data,gemini,prompt2,0.899,0.9846806526184082,0.9559746384620667,0.7563643455505371
644,big fish in a small pond,"Peixe grande em lago pequeno
",1,manual_data,gemini,prompt2,1.0264,1.0,0.9549999833106995,1.1242280006408691
645,She studied for the test all week.,Ela estudou para o teste a semana toda.,0,manual_data,gpt,prompt2,1.0092,1.0,0.9741004109382629,1.053594708442688
646,against all odds,"Contra todas as probabilidades
",1,manual_data,gemini,prompt2,1.0162,1.0,0.9517173767089844,1.0970066785812378
647,hit the nail on the head,Acertou em cheio.,1,manual_data,gemma3,prompt4,0.7697,0.9421569108963013,0.9472429752349854,0.41960689425468445
649,They watched the sunrise at the beach.,"Eles assistiram o nascer do sol na praia.
",0,manual_data,gemini,prompt2,0.9992,1.0,0.9591997265815735,1.038402795791626
650,butter wouldn't melt,a manteiga não derreteria,1,manual_data,gemmaX,sem_prompt,0.9314,0.9925121068954468,0.9447210431098938,0.8571135997772217
651,a taste of their own medicine,um gostinho da própria medicina,1,manual_data,gpt,prompt2,0.9272,0.9912000298500061,0.9117228388786316,0.8786885738372803
652,She is organizing her closet.,Ela está organizando seu armário.,0,manual_data,gpt,prompt2,1.0172,1.0,0.9822463393211365,1.0693961381912231
653,She went to the gym for a workout.,Ela foi à academia para se exercitar.,0,manual_data,gemma3,prompt2,0.9955,1.0,0.9229349493980408,1.0635461807250977
654,dropping like flies,caindo como moscas,1,manual_data,gpt,prompt2,0.91,0.9611977338790894,0.8986467123031616,0.8702709674835205
655,a taste of freedom,um gosto de liberdade,1,manual_data,gemmaX,sem_prompt,1.0252,1.0,0.9796101450920105,1.0960321426391602
656,hold your horses,"Calma aí!
",1,manual_data,gemini,prompt2,0.8346,0.9062539339065552,0.5722691416740417,1.0253982543945312
657,The weather is very cold today.,"O tempo está muito frio hoje.
",0,manual_data,gemini,prompt2,1.0193,1.0,0.9781306385993958,1.0796711444854736
658,blood runs cold,o sangue corre frio,1,manual_data,gemmaX,sem_prompt,0.96,0.9559899568557739,0.973750114440918,0.950354278087616
659,don't cry over spilled milk,Não chore por leite derramado.,1,manual_data,gemma3,prompt2,0.9906,1.0,0.9289409518241882,1.04298996925354
660,back to basics,de volta ao básico,1,manual_data,gpt,prompt2,1.0243,1.0,0.9681246280670166,1.1048632860183716
662,carved in stone,"Esculpido em pedra
",1,manual_data,gemini,prompt2,0.9884,1.0,0.9725804924964905,0.9926647543907166
663,She brushed her teeth before bed.,Ela escovou os dentes antes de dormir.,0,manual_data,gemma3,prompt2,1.0219,1.0,0.9803842902183533,1.0854326486587524
664,chip off the old block,Cópia fiel do pai.,1,manual_data,gemma3,prompt2,0.7548,0.7867976427078247,0.45281559228897095,1.0248115062713623
665,cat nap,soneca de gato,1,manual_data,gpt,prompt2,0.7108,0.963101863861084,0.9849133491516113,0.18444287776947021
666,chip on your shoulder,"Complexo de inferioridade.
",1,manual_data,gemma3,prompt2,0.7994,0.9117522835731506,0.39352908730506897,1.0929086208343506
667,as gentle as a lamb,"Tão dócil quanto um cordeiro.
",1,manual_data,gemini,prompt2,0.9325,0.9764727354049683,0.9107967615127563,0.9102985262870789
668,They went to a theme park for the day.,"Eles foram a um parque temático passar o dia.
",0,manual_data,gemini,prompt2,1.0065,0.9911526441574097,0.9765046238899231,1.051748275756836
669,burn the midnight oil,queimar a vela da meia-noite,1,manual_data,gpt,prompt2,0.7572,0.974212646484375,0.9507768750190735,0.34674760699272156
670,blind leading the blind,Cego guiando o cego,1,manual_data,gemmaX,sem_prompt,0.9401,0.9697701930999756,0.9415172934532166,0.909001350402832
671,blue in the face,azul na face,1,manual_data,gpt,prompt2,0.8414,0.9977095127105713,0.9813928008079529,0.5452415943145752
672,She is taking a picture of the flowers in the garden.,Ela está tirando uma foto das flores no jardim.,0,manual_data,gemmaX,sem_prompt,1.0057,1.0,0.960108757019043,1.0571050643920898
673,They are having a barbecue in the garden.,Eles estão fazendo um churrasco no jardim.,0,manual_data,gpt,prompt2,1.0156,1.0,0.979587733745575,1.0673025846481323
675,They are walking through the city streets.,"Eles estão caminhando pelas ruas da cidade.
",0,manual_data,gemini,prompt2,0.9874,1.0,0.9765517711639404,0.9857152104377747
676,She reads a book every night.,Ela lê um livro todas as noites.,0,manual_data,gpt,prompt2,1.0313,1.0,0.9822731614112854,1.111493468284607
677,chained to the desk,acorrentado à secretária,1,manual_data,gemmaX,sem_prompt,0.8794,0.9390276074409485,0.8833898901939392,0.8157281875610352
678,He did some gardening in the afternoon.,Ele fez um pouco de jardinagem à tarde.,0,manual_data,gemmaX,sem_prompt,0.9825,1.0,0.9727361798286438,0.9748086929321289
679,They enjoyed a picnic in the park.,Eles fizeram um piquenique no parque.,0,manual_data,gemma3,prompt2,1.0052,1.0,0.9444157481193542,1.0710480213165283
680,dive in headfirst,"Mergulhar de cabeça
",1,manual_data,gemini,prompt2,0.8122,0.9314778447151184,0.8878081440925598,0.6174224615097046
681,have the upper hand,ter a vantagem,1,manual_data,gpt,prompt4,0.9123,0.9873676300048828,0.9791616201400757,0.7704965472221375
682,She is ironing her clothes.,"Ela está passando suas roupas.
",0,manual_data,gemini,prompt2,1.0031,0.9988720417022705,0.9763264060020447,1.0341509580612183
683,He plays soccer every weekend.,"Ele joga futebol todo fim de semana.
",0,manual_data,gemini,prompt2,1.0145,1.0,0.9869911074638367,1.056413173675537
684,at the drop of a hat,"Imediatamente
",1,manual_data,gemini,prompt4,0.8557,0.9842139482498169,0.9078994989395142,0.674952507019043
685,have a heart of stone,"Ter um coração de pedra.
",1,manual_data,gemma3,prompt2,0.9891,0.9830069541931152,0.9100934267044067,1.0742372274398804
686,He worked on his computer for hours.,Ele trabalhou no computador dele por horas.,0,manual_data,gemma3,prompt2,0.9958,1.0,0.983274519443512,1.004115343093872
687,airing dirty laundry,lavagem de roupa suja,1,manual_data,gemmaX,sem_prompt,0.8985,0.9774892926216125,0.6822975277900696,1.0356712341308594
689,another string to your bow,mais uma corda ao seu arco,1,manual_data,gpt,prompt4,0.8947,0.9772104024887085,0.9703002572059631,0.7366556525230408
690,"easy come, easy go","Fácil vem, fácil vai.
",1,manual_data,gemini,prompt2,0.9517,0.9770402908325195,0.9612589478492737,0.9167485237121582
692,bolt from the blue,relâmpago do céu azul,1,manual_data,gpt,prompt2,0.8705,0.9820412397384644,0.7728488445281982,0.8567354679107666
693,dropping the ball,"Deixar a peteca cair
",1,manual_data,gemini,prompt2,0.8781,0.9705367684364319,0.8485752940177917,0.8152245283126831
694,born with a silver spoon,nascido com uma colher de prata,1,manual_data,gemmaX,sem_prompt,0.9424,0.9980698823928833,0.9729882478713989,0.8559954166412354
695,as plain as day,claro como o dia,1,manual_data,gemmaX,sem_prompt,0.9241,0.9912000298500061,0.922724187374115,0.858484148979187
696,like a fish to water,Como um peixe na água.,1,manual_data,gemma3,prompt2,0.983,0.9914244413375854,0.8800850510597229,1.0774067640304565
697,change your tune,mude sua melodia,1,manual_data,gemmaX,sem_prompt,0.9635,1.0,0.990568995475769,0.9000017046928406
698,adding fuel to the fire,Acrescentando combustível ao fogo,1,manual_data,gemmaX,sem_prompt,0.9829,1.0,0.9419369101524353,1.0068496465682983
699,They are playing board games in the living room.,Eles estão jogando jogos de tabuleiro na sala de estar.,0,manual_data,gpt,prompt2,1.0159,1.0,0.9752779603004456,1.0723434686660767
700,dying to know,morrendo de vontade de saber,1,manual_data,gemmaX,sem_prompt,0.9178,0.9941670894622803,0.9822102189064026,0.7769821286201477
701,She is making a smoothie for breakfast.,Ela está fazendo um smoothie para o café da manhã.,0,manual_data,gpt,prompt2,1.0237,1.0,0.9780049920082092,1.0932444334030151
702,in the same boat,no mesmo barco,1,manual_data,gemmaX,sem_prompt,0.982,1.0,0.9854409098625183,0.9606395959854126
703,better late than never,"Antes tarde do que nunca.
",1,manual_data,gemini,prompt2,1.0231,0.9981635808944702,0.969385027885437,1.1016407012939453
704,frog in your throat,sapo na sua garganta,1,manual_data,gemmaX,sem_prompt,0.94,0.9810354709625244,0.9614179134368896,0.8774528503417969
705,down in the dumps,desanimado,1,manual_data,gpt,prompt2,0.6836,0.9365810751914978,0.4097433388233185,0.7043805718421936
706,blood is thicker than water,"Sangue é mais espesso que água.
",1,manual_data,gemini,prompt2,1.0327,1.0,0.9753132462501526,1.122857928276062
707,as high as a kite,alto como uma pipa,1,manual_data,gpt,prompt2,0.9145,0.9937022924423218,0.9791175127029419,0.7707512974739075
708,foot in the door,"Pé na porta
",1,manual_data,gemini,prompt2,0.9229,0.9640083312988281,0.951873242855072,0.852774441242218
709,crying over spilled milk,Chorando por causa do leite derramado,1,manual_data,gemmaX,sem_prompt,0.9754,0.9972620010375977,0.9556913375854492,0.9733110666275024
710,He is studying for his exams.,Ele está estudando para os exames dele.,0,manual_data,gpt,prompt2,0.9969,1.0,0.9743900299072266,1.0162912607192993
711,darkest before dawn,"A noite mais escura antes do amanhecer.
",1,manual_data,gemma3,prompt2,0.9869,0.9888126850128174,0.9064921140670776,1.065359115600586
712,They are taking a family vacation.,Eles estão fazendo férias em família.,0,manual_data,gpt,prompt2,1.0065,1.0,0.9548322558403015,1.064677357673645
715,bird's eye view,visão de pássaro,1,manual_data,gpt,prompt2,0.9885,0.9912000298500061,0.9607680439949036,1.0136783123016357
716,by a long shot,por uma grande margem,1,manual_data,gemmaX,sem_prompt,0.8037,0.9928665161132812,0.7603220343589783,0.6579774022102356
717,add insult to injury,Adicionar insulto à lesão.,1,manual_data,gpt,prompt2,0.9212,0.9937961101531982,0.919050931930542,0.8508395552635193
