179,560,1325,1484,1800,910,965
110,328,1006,997,496,889,1081
1,560,25,48,578,591,150
259,560,2224,2231,2295,917,1233
126,560,1019,1339,773,2101,951
126,560,921,501,349,114,524
110,560,775,1962,1089,1844,791
122,560,2093,2219,1515,1174,522
190,560,1303,1766,2022,1579,1440
219,560,893,1192,785,664,457
134,560,1928,1939,722,1357,1016
99,560,1196,1061,510,496,121
225,560,2386,1370,1846,1222,444
378,560,2472,2525,2483,1628,1985
190,477,1170,1006,472,894,1
122,560,400,879,398,65,1
119,279,799,866,821,1107,873
313,560,2291,2128,1737,788,1050
153,485,1596,2173,2301,2473,1874
185,462,1175,2252,1403,2450,1904
95,251,1207,1200,1050,1812,363
183,560,1352,1462,1755,715,1486
219,560,2002,1245,1172,1184,655
124,560,1324,1379,863,2007,263
21,560,58,178,335,456,531
383,560,2563,2495,2540,553,1963
147,560,618,738,1385,893,462
111,560,572,1598,2176,2212,1517
129,560,772,1973,2180,1555,1680
72,386,1478,248,1348,2206,912
205,560,2176,2344,2409,1961,1803
258,560,2376,1987,2014,2223,1833
39,560,404,92,313,682,7
190,560,1861,1562,1740,1838,1355
83,560,381,811,1232,1457,1337
123,190,823,361,204,43,1
163,300,1704,1756,2382,2456,1878
90,164,742,2263,1260,1629,1214
247,560,1867,1898,1352,659,704
80,560,538,892,686,1327,530
47,54,85,79,124,1448,795
253,560,1923,1211,1873,515,276
111,362,1151,1786,1478,1539,433
173,560,1088,704,1363,1273,551
134,560,1198,1144,1500,1071,1000
180,560,1942,2167,2275,1848,1504
207,550,1373,1918,1521,165,1696
133,479,1320,1368,1711,1279,1307
190,560,1875,1431,1276,1537,1090
259,560,2098,2065,2113,2259,1805
18,560,82,182,326,201,1
181,560,1663,970,1568,1652,519
339,560,2417,2296,2327,1267,1484
268,560,2065,1495,1817,2260,1721
226,560,2325,2236,1753,674,1543
262,560,2201,1337,1587,1020,534
226,560,2174,2096,2094,1471,971
211,560,1106,837,453,1017,1
64,560,822,845,1061,94,1
204,560,2071,1874,1580,1935,1843
243,560,2149,2221,1850,2001,1775
45,291,1526,1913,1973,1390,1124
212,560,1871,783,574,296,25
43,560,540,830,2033,1589,1122
239,560,1045,544,324,338,297
235,543,1745,1519,2070,2486,1724
277,560,2034,1969,1946,1274,1202
75,225,1608,1453,568,89,100
226,560,1564,1221,1913,2349,1820
369,560,2519,2455,2472,1179,1960
271,560,2328,2324,2304,2448,1769
41,196,79,190,44,171,1
302,560,1980,2247,2097,1893,1655
126,560,2025,1802,650,194,691
111,560,716,706,778,1223,426
111,560,951,620,303,808,150
258,560,1125,1537,1150,1596,1717
179,358,1201,1698,1664,2289,1781
71,560,153,900,461,489,1
75,435,736,537,1990,1482,1023
111,560,941,678,180,1124,1
203,560,1997,1739,2372,2272,1113
120,560,1581,781,703,25,1
297,560,2116,1256,1060,1580,719
142,560,1922,1567,2124,2244,1236
111,262,894,314,368,320,1
219,560,2210,2494,2333,1761,1825
82,560,818,874,1434,823,887
53,560,1312,2114,1967,1774,1409
353,560,2377,2357,2408,2541,1857
203,560,1814,1361,1541,687,306
39,560,643,425,202,528,1
270,560,2232,1894,2287,2104,1599
39,560,613,1224,1783,1857,1633
358,560,2575,2580,2555,2556,2063
237,560,1220,1735,2034,1928,1255
106,243,730,1463,1347,1186,1261
126,560,1239,2364,2161,2409,1640
238,560,1813,2213,2188,1919,1604
267,537,2337,2383,2345,2573,2119
124,560,2164,2274,2302,1437,1328
301,560,2330,1928,2381,2234,1678
111,146,353,538,483,1741,702
274,560,1819,2303,2277,2297,1800
122,393,394,605,577,1720,412
62,560,766,1642,2154,2390,1841
123,560,952,827,979,914,271
229,560,1973,1512,1287,567,1503
191,560,2142,2024,1106,583,110
100,560,1339,2307,2138,1757,1636
87,560,497,735,914,1403,632
361,560,2477,2385,2442,2575,2060
181,560,1883,1380,1040,1557,1093
59,411,1119,660,241,1519,258
47,73,504,680,387,946,822
20,104,454,163,309,1307,694
208,560,1007,1016,870,951,304
309,560,1363,1179,1606,2137,1779
41,100,415,733,723,863,1
62,219,201,644,26,573,1
55,51,167,81,90,1166,46
39,118,593,1498,939,2398,510
111,560,692,545,727,1479,392
165,353,929,1251,481,47,355
161,560,1055,608,1138,530,28
165,560,1744,1981,2142,1233,1295
123,560,1053,768,468,1367,1
26,99,270,1242,541,643,494
63,253,745,1289,480,948,1063
36,560,238,375,1026,1456,219
96,169,876,2378,2285,2489,1704
284,560,2316,2009,2199,2247,1766
199,560,1865,2284,1575,966,1249
71,176,1475,1812,1502,2044,1076
172,560,1684,1040,931,1630,631
286,560,1978,1615,1894,2150,706
238,560,1636,2208,2367,2403,1569
139,560,1278,1871,1197,1341,1032
100,560,1048,1203,2117,782,1115
98,560,579,572,681,648,153
190,533,1782,1636,1845,810,784
181,560,1217,865,1670,349,698
176,560,1533,765,1008,877,105
245,560,1968,2187,2167,2481,1890
162,560,1841,1882,1449,1676,1185
220,560,2266,928,1336,1059,679
152,408,1084,823,1299,1900,1361
228,474,1858,1722,1155,122,941
35,560,378,1507,1879,1415,1421
192,556,1083,1444,1184,576,1157
240,560,1632,2135,2433,2539,2128
176,560,1616,1539,1216,1418,670
106,363,1078,991,1020,309,247
208,560,1933,2149,1928,1257,1293
267,560,2046,1955,1302,2367,1719
25,560,873,1157,110,297,160
47,43,379,414,424,401,533
190,560,2155,1687,1797,1033,1267
162,531,479,1552,750,934,699
39,33,291,116,36,57,150
165,560,2220,2341,2178,1345,1220
208,560,1803,917,1579,360,146
123,560,854,1241,855,476,1
226,560,2177,1146,1397,1691,856
93,140,927,542,176,1168,1
329,560,2392,2441,2330,1806,1855
110,325,1039,1389,334,1012,328
121,560,1065,444,526,996,518
53,560,252,253,655,535,1
131,560,1604,1967,1630,2264,1771
90,236,1714,1994,1110,50,721
41,223,1090,651,1310,1599,811
271,560,2402,2557,2464,2427,1991
142,560,1271,1830,2006,1165,927
282,538,2121,1372,1131,2108,1571
182,560,895,1020,1465,1500,1651
182,560,801,888,769,156,150
89,375,623,169,400,581,77
39,90,103,441,49,819,150
120,560,1419,1505,1013,313,805
323,560,2355,2423,2169,2460,2022
323,560,2137,2259,2081,2014,1462
51,560,372,1136,635,650,371
354,560,2422,2266,2290,2389,1911
229,560,1005,1516,1289,1268,1239
126,560,194,353,1125,312,638
208,560,1286,1564,436,318,330
226,560,1977,1394,2056,2131,1392
313,560,2368,2404,2375,1411,1687
226,560,1441,1662,1954,953,1318
275,560,2042,1669,1853,2242,1814
164,560,1025,1489,1899,1675,1075
90,264,462,350,166,1573,286
80,355,1423,489,976,964,167
53,77,299,285,179,507,1
180,420,1501,1400,1262,1785,1709
100,560,363,298,517,407,1
67,227,249,930,464,252,629
48,560,221,2053,853,1128,1165
219,560,1080,635,1100,1965,787
102,560,1079,1250,1462,706,415
89,560,749,1035,1592,2352,1881
60,560,311,363,1263,53,1
51,90,322,174,228,420,1
122,560,851,887,407,298,1
12,107,456,616,679,593,150
247,560,2310,1959,2182,2353,1791
67,98,364,565,118,1028,151
142,560,980,1268,2197,1183,1395
62,169,594,897,373,10,1
225,560,2035,1984,2011,1826,1659
297,559,2350,2322,2230,1718,1848
122,492,1518,1180,530,286,1
120,560,1838,2108,1916,2016,1703
190,560,1254,532,668,793,246
185,560,1898,1493,1442,949,233
48,210,1270,2182,896,771,438
383,560,2573,2578,2511,2587,2071
277,560,2150,2375,2420,1984,1912
315,560,2404,2407,2482,2502,1984
142,560,2138,2059,2031,2220,1727
302,560,2141,2356,2331,2319,1910
39,560,133,188,1007,569,549
225,560,1433,886,1436,2217,1590
183,560,1673,1132,1164,1065,14
312,560,2353,2087,2228,2120,1944
174,557,1172,1227,1826,1678,1536
84,560,758,734,952,861,18
207,484,1888,1106,1143,1229,131
51,560,568,661,93,275,315
229,560,1531,1704,1569,2279,1425
122,560,526,694,957,2182,934
137,560,1558,1951,1896,2111,1467
164,249,1215,1415,1420,1898,1254
1,560,37,40,272,447,150
1,560,7,45,164,281,286
88,560,805,631,730,925,693
73,530,1345,1805,1822,2255,1666
21,560,39,461,362,897,590
158,336,1534,1236,1372,1951,1342
122,440,478,139,637,503,1
190,560,1553,1494,1212,1244,816
45,560,312,193,614,746,1
173,560,1680,1299,1662,2196,1195
173,560,1646,1183,2046,1347,621
209,560,1063,1123,1376,843,245
106,560,524,1745,1878,2112,996
190,560,1839,999,2087,1655,596
21,8,240,1896,253,1516,1461
83,560,520,916,153,295,75
163,508,1695,1440,1275,1716,752
226,560,1487,1892,1253,1508,1196
74,289,1259,1972,1743,1944,1646
46,36,186,359,206,522,1
86,560,622,1062,1633,915,402
203,560,1285,2097,1620,1614,657
107,488,1035,1854,835,1699,1301
142,560,886,1306,1185,1275,1488
190,343,1969,1819,1798,1540,665
52,86,130,195,543,1878,381
155,560,1881,1658,1974,2298,1343
71,249,814,411,523,787,133
181,560,1126,681,1959,1100,1054
39,560,268,530,138,698,1
157,560,1897,1906,1955,2118,1025
120,560,1833,1697,1230,2372,1515
39,560,973,1102,1086,1915,1490
296,560,2247,1481,1857,419,627
342,560,2434,2540,2463,2445,2031
258,560,2101,1826,1638,1333,471
21,22,107,609,754,561,299
52,120,1368,1991,1931,67,1006
62,560,1651,1825,1570,322,265
1,3,74,36,115,1906,828
215,560,2109,2178,2315,2294,930
183,560,1659,2170,2336,2029,1647
199,560,1721,2363,2370,2232,1682
16,102,537,282,94,984,541
82,560,795,1575,1847,539,1182
1,10,172,215,71,113,1
261,560,2198,2186,2338,2479,1842
110,560,979,1590,1097,841,331
219,560,1903,1899,2103,2405,1296
383,560,2579,2553,2585,2560,2089
1,560,297,418,737,2087,586
232,560,2231,1589,2078,1989,1294
383,560,2551,2589,2584,442,1995
127,280,1032,1647,2074,1255,1097
191,560,1260,504,634,657,1
111,252,481,338,804,336,1
155,560,408,895,1157,1874,1287
123,397,1364,1161,1243,1721,99
32,161,47,77,117,980,113
319,560,2469,1744,2099,18,605
107,82,759,1228,283,433,226
345,560,2461,2400,2503,2010,2008
281,560,1847,913,1037,1392,91
95,181,619,643,418,1074,16
375,560,2549,2561,2497,1092,2124
327,560,2270,2338,2421,2461,1806
122,560,916,1127,553,117,29
1,64,242,83,159,404,1
296,560,2420,2454,2145,2328,1844
383,560,2578,2576,2579,2565,2049
92,374,1118,1506,1405,2079,1545
124,110,584,697,792,501,492
100,560,535,864,734,372,12
146,560,1427,844,697,534,118
203,560,1785,1461,1200,290,150
206,560,1310,1417,1610,1755,1326
295,560,1741,763,1929,1324,1037
31,71,566,1248,644,343,1
146,560,996,1186,820,1316,826
111,560,1269,1706,1235,2387,1463
383,560,2466,2491,2469,1651,1952
151,560,1292,842,1065,729,1
157,424,573,243,417,958,158
73,297,473,1095,1811,2400,1873
290,560,2260,2016,2281,1996,1799
165,560,1562,1729,1926,2366,1575
239,529,1872,1525,1881,2134,1689
173,147,2001,2220,2217,2086,1730
259,560,1964,1950,2058,2276,1695
39,70,480,592,639,333,150
182,560,1779,1869,1736,1082,1106
99,560,871,497,1398,756,1
196,560,2026,2348,2114,1938,1773
111,560,1459,658,990,1490,525
383,560,2521,2526,2481,1308,1981
159,524,1404,1485,998,1125,817
200,560,1793,1388,2194,2180,1614
25,560,317,499,408,1122,555
375,560,2453,2415,2423,1542,2027
120,560,1554,1660,2130,1370,1216
205,560,1669,1772,1719,1442,963
383,560,2566,2591,2582,2511,2047
383,560,2562,2587,2538,2566,2093
219,560,1521,1416,1102,931,647
383,560,2468,2496,2473,2114,1993
126,560,771,716,126,639,1
229,560,1890,1029,1211,1238,1329
53,560,978,1085,950,1693,140
190,560,1638,1777,1988,2194,1584
190,560,2297,2362,2404,2378,1856
176,413,1701,2196,1451,1439,1297
237,560,2126,2158,2271,2401,1930
71,73,409,261,84,459,1
98,560,812,316,944,1633,1283
277,560,2432,2410,2365,2441,1980
49,96,113,294,279,514,1
138,560,1042,863,724,1237,730
202,560,2364,2038,2340,2106,1746
65,437,330,602,799,479,1
126,424,1263,1610,1288,2041,1064
238,560,2274,1427,2203,2061,1528
32,560,71,148,1784,1582,866
219,560,1820,936,1471,1379,754
267,560,2294,2287,2268,1793,1468
349,560,2438,2238,2452,1661,1953
270,560,2394,2164,2202,2066,1652
366,560,2437,2211,2430,2535,1949
181,560,1334,1996,286,340,1
85,123,896,1275,605,992,786
111,317,1892,1491,1688,1866,1070
328,560,2442,2436,2429,2152,1994
270,560,1902,1515,1486,1486,920
327,560,2258,2124,2258,1733,1493
224,560,1188,1508,806,940,150
383,560,2558,2583,2566,1624,2004
383,560,2514,2408,2557,2576,2101
142,560,1357,539,2068,1613,740
291,560,2366,2306,2190,2414,1740
383,560,2524,2480,2523,825,2018
190,560,2140,1997,1810,1304,482
383,560,2569,2563,2518,2551,2067
343,560,2190,1778,1042,680,762
28,560,138,456,641,239,843
292,560,2315,2133,2233,1772,1609
124,560,1606,604,511,172,286
67,263,1095,1438,1328,369,876
25,560,88,61,1104,982,283
110,101,663,1011,1821,1259,880
123,424,610,1315,443,1177,790
382,560,2480,2468,2542,2519,2087
238,560,2122,2100,2041,1529,650
224,560,1755,1406,1636,1698,595
156,560,2074,1384,2036,2333,1686
86,73,669,1239,705,1778,714
87,370,796,1014,488,598,120
46,62,676,935,932,2069,1564
31,17,293,179,63,725,1
246,560,2130,1976,2306,1417,2017
150,554,1304,2237,2326,2269,1858
31,211,512,1331,296,563,150
123,560,790,520,370,526,414
117,388,1446,1365,1114,2327,959
7,560,21,23,100,34,1
289,560,2530,2590,2524,1849,1961
43,417,307,816,964,635,257
127,520,1036,1114,1183,971,745
291,560,2292,2183,2218,2142,1526
129,499,1165,1748,1437,2171,1701
39,78,208,168,13,51,1
163,303,2029,2018,1675,916,1207
122,439,1370,1116,551,167,1
123,560,1347,691,878,854,1
150,560,1863,1271,879,1563,998
383,560,2550,2566,2541,2355,2006
86,383,457,640,620,461,1
111,560,902,385,1272,1627,1619
56,201,1018,397,674,1708,1478
164,560,1783,2353,2064,1749,1137
316,560,2349,2217,2212,1241,1700
111,560,944,1292,440,880,1
313,560,2038,2235,2073,2304,1600
131,560,1074,1167,1268,2205,1538
232,560,1645,1907,2134,2216,1722
120,560,1666,974,1660,1376,764
136,410,1583,1422,1530,2115,1866
98,255,937,303,68,78,1
238,560,1544,730,1713,1817,995
16,30,251,846,485,123,852
203,560,1614,1000,1655,304,142
259,560,2327,2081,1809,1045,1321
225,560,1776,1546,701,1510,937
190,310,423,647,522,1440,365
238,560,2089,2002,1893,2422,1675
370,560,2444,2308,2384,457,1789
116,512,1773,1719,1532,2246,1617
190,560,1730,2265,1897,1918,1786
163,357,1031,1143,761,1146,900
93,427,888,1108,954,704,425
62,129,793,2216,1355,1544,1389
190,560,2096,1876,1543,804,945
231,560,2119,2210,2155,1803,1768
129,560,1844,1893,1949,2225,1190
71,560,1388,1355,1642,1802,1014
204,560,1672,1184,1700,1134,383
172,527,1474,2148,2244,2501,1845
227,539,1489,2151,1228,1884,1459
383,560,2489,2501,2417,718,1990
165,496,1171,1549,1886,2192,1664
59,138,233,458,672,1618,993
293,560,1966,1338,1657,1429,1455
42,130,509,1794,1144,1963,1145
52,560,232,939,1419,278,255
67,560,397,260,573,745,251
137,273,767,591,414,98,1
291,560,1743,2125,2010,2397,1851
317,560,2412,2419,2403,862,1496
66,476,431,1166,437,1061,342
219,560,922,389,219,822,1
210,514,2229,2270,1993,2332,2040
4,560,175,96,310,92,1
266,560,1400,509,234,82,287
177,560,1417,833,688,1639,615
47,80,151,147,220,590,74
80,560,1414,1798,2126,1354,1208
155,560,2086,2273,2376,2377,1718
83,560,702,829,1614,1024,770
185,560,1930,1824,2043,1436,1033
199,560,2222,2312,2445,1907,1752
259,560,2374,2050,2252,2369,1886
114,560,1016,1352,1265,1265,1059
123,560,1305,1019,708,23,207
183,477,1393,1193,1359,1123,772
112,560,1658,1426,1550,2470,1402
215,560,2167,2365,2079,2008,1556
95,560,940,820,1092,758,313
39,560,65,68,162,437,1
220,560,2203,2066,2115,2382,1830
87,560,1068,1908,1998,2394,1315
182,560,910,943,1136,785,339
131,560,1092,791,755,689,429
1,41,273,94,76,610,1
126,560,1281,2381,2035,2138,1632
92,313,313,475,332,418,1
309,560,2303,2409,2280,1987,1929
97,560,1140,2473,2012,1958,1117
81,471,1457,1056,1158,1904,889
205,560,1941,2283,1898,1717,1605
47,560,505,569,875,1032,982
320,560,2428,2568,2510,2537,2054
173,560,1687,1092,647,1194,487
83,116,444,576,817,186,1
154,359,811,1827,1053,684,758
248,560,1728,750,812,1584,186
238,560,1288,656,1495,1983,792
52,159,243,82,304,1112,1
50,28,656,2104,1919,2287,2069
225,560,2189,1683,1932,2025,1180
243,560,1697,2184,2149,1277,1638
66,161,935,1861,1356,803,1353
47,560,56,101,27,311,1
165,560,2117,2497,1981,2305,1750
75,560,522,1060,649,508,483
12,560,32,141,745,719,150
179,545,1829,1329,1080,1551,983
52,560,438,1383,1134,1981,511
344,560,2545,2498,2411,1266,1971
78,178,410,528,493,1865,641
13,560,286,1850,1750,1725,1435
383,560,2576,2543,2571,2485,2036
35,560,733,612,104,391,150
193,560,2282,2077,2342,1531,1692
383,560,2557,2502,2526,2572,2080
112,560,1181,543,825,1828,217
1,5,132,54,30,942,216
190,560,1428,1690,1536,2342,1509
190,560,536,432,224,1150,145
263,560,2268,2328,1514,690,901
87,560,1340,752,1146,2059,1510
260,560,2183,1450,1422,1103,1634
258,560,2276,1470,1384,2375,1201
98,560,1792,2205,1872,876,793
111,560,1679,2015,643,1685,850
190,560,1512,1639,741,370,614
91,136,450,522,365,1776,308
111,560,411,862,430,527,436
226,560,2207,1881,1866,1253,1119
123,560,1164,1231,502,1681,653
183,560,1403,2109,2222,2435,1810
45,560,422,959,213,487,875
344,560,2465,2370,2484,2557,2115
322,560,2436,2402,2444,2496,1951
25,560,12,119,375,1460,380
279,560,2227,2143,1938,2201,1684
232,560,2127,2447,2412,2412,1776
48,560,1621,559,707,806,1
84,560,507,595,1956,1700,573
142,560,1623,789,1001,1388,1026
316,560,1203,883,1147,1355,278
190,508,1949,2007,1400,2048,1582
126,560,420,370,860,1548,416
35,560,743,1017,733,821,781
190,560,1038,679,648,566,1
142,343,1128,905,230,88,254
274,560,2050,2099,1751,1701,1657
331,560,2467,2310,2289,1949,2000
134,415,803,978,342,636,94
52,503,355,206,749,371,1
111,560,499,238,315,853,552
191,560,919,560,624,299,1189
143,560,1022,819,671,1666,677
110,560,967,1399,1204,1349,327
231,560,1578,1499,951,1746,947
166,307,1194,1547,1438,986,343
134,560,821,1288,2004,1594,1376
80,265,626,703,131,198,1
190,560,943,1069,1166,1224,1241
155,444,1661,912,469,208,1
183,560,2031,1593,1499,1086,688
203,560,1366,931,1651,1118,49
111,560,220,1174,1370,872,1350
117,560,494,649,1426,1322,663
173,560,1480,1785,997,1672,1346
122,438,903,187,726,1298,193
179,560,877,722,872,898,750
361,560,2449,2510,2501,1520,1932
60,560,424,599,524,125,382
1,1,3,24,8,716,354
365,560,2506,2542,2567,2580,2120
13,560,95,62,293,736,604
86,560,523,2049,1905,1688,1708
199,560,1599,839,753,851,1
190,560,1988,2359,2391,2360,1674
336,560,2439,2433,2533,2538,2083
142,560,765,867,1668,1323,1251
75,560,904,1430,616,2226,1616
42,180,281,344,549,445,571
40,560,301,341,850,1353,379
197,560,1309,1363,1851,1861,1519
112,331,879,1870,1256,2095,1521
98,560,399,126,784,1010,179
100,560,501,1294,876,954,1132
51,327,386,131,32,130,150
262,560,2158,2233,2122,1937,1336
151,560,931,1716,845,1219,230
173,560,869,1012,457,135,1
139,507,2180,1104,1723,1973,1256
212,560,2018,2269,2185,2278,1861
181,560,2170,1879,1930,1313,697
190,560,746,614,474,249,241
179,560,1975,1214,1831,1167,1193
182,560,1524,646,1852,1635,707
182,560,2054,1808,1994,2190,1598
151,170,1889,2047,2208,1821,1210
165,560,1184,422,345,833,130
223,560,1901,1673,1731,1917,1194
9,137,28,265,242,836,61
277,560,2403,2472,2343,1882,1900
357,560,2539,2474,2451,2491,2110
137,560,1945,1910,2257,2267,979
190,547,1182,907,1186,1426,1306
190,560,1644,911,887,1818,397
162,275,1560,1408,1389,1254,1084
47,560,1502,474,1002,802,1
53,53,542,115,143,255,150
267,560,2389,2405,2371,2329,1847
255,560,1607,1533,1900,1766,1021
51,560,102,310,364,243,1
182,560,820,546,1552,692,859
133,560,666,1172,1254,577,1491
43,560,206,484,1510,374,814
122,449,298,108,306,607,1
191,560,1698,1176,1907,2203,1573
92,560,1197,1151,691,1491,540
383,560,2523,2562,2545,1549,2011
24,19,239,727,852,774,353
22,188,341,1130,261,918,150
11,48,354,244,5,1,1
356,560,2408,2430,2238,1609,1839
155,560,1299,383,2141,776,123
155,560,970,1047,2005,1855,1312
52,446,569,231,307,386,286
21,54,968,1042,328,195,1
372,560,2485,2492,2591,2526,2088
3,24,38,167,12,361,1
101,161,988,1478,743,1031,853
164,416,1336,1367,1046,484,356
157,560,802,443,1250,306,1056
214,560,1817,1158,1678,1769,1531
60,560,1972,1707,1142,1659,1458
126,560,838,483,1602,1969,630
182,560,1729,969,874,1079,731
229,560,1763,2226,2294,2053,1694
237,560,2166,2031,1698,2446,1436
52,560,2139,848,1116,1823,980
190,560,994,1648,2253,2292,1755
122,560,1450,1075,783,1285,1362
224,560,2076,1117,1874,1305,1203
47,560,54,270,905,1724,896
60,560,1351,1532,2048,1588,717
76,560,1857,984,1044,504,150
182,560,1811,1811,2121,1735,1475
383,560,2516,2517,2509,2567,2072
110,205,670,909,525,1189,1
36,498,117,487,628,632,827
120,511,975,813,1178,1744,1
42,47,612,386,545,1003,1
201,560,1369,810,958,1325,419
28,54,64,118,205,380,1
80,560,1174,384,1257,279,318
25,52,601,693,404,1231,925
101,560,715,1286,1749,2174,942
45,69,278,233,278,269,1
47,457,344,980,64,253,1
120,161,2068,1464,1237,922,441
52,560,510,199,455,428,1
266,560,2283,1528,796,486,1
190,560,2160,1554,1690,1196,961
46,560,781,1839,1306,69,746
60,177,546,2243,1433,700,836
110,560,1479,996,1537,1883,1234
310,560,2474,2389,2495,2592,2123
138,560,1297,728,466,899,1
383,560,2486,2398,2492,2569,2113
24,65,963,1628,858,406,529
351,560,2448,2413,2455,2454,1935
74,560,1109,755,1492,1271,1155
75,560,581,937,789,1018,1
122,560,911,803,1056,1290,692
358,560,2537,2539,2491,2097,2007
51,560,190,205,1410,1102,11
80,560,335,568,720,513,689
110,237,783,446,1081,1816,225
149,560,329,183,69,59,1
290,560,2154,2276,1622,2084,1756
229,560,2069,2106,1251,126,260
173,560,275,218,56,402,1
147,470,1535,1858,2165,2358,1286
219,560,1774,1975,2351,2313,1725
28,238,105,104,73,378,150
87,238,674,623,158,661,1
304,560,2451,2195,2299,1036,1926
74,55,440,529,120,218,98
22,18,42,97,43,588,1
74,560,982,1492,602,765,560
142,560,1981,1307,2027,1714,1872
342,560,2540,2499,2546,2170,2109
35,560,225,1025,1249,671,700
25,33,142,46,42,755,1
284,560,2064,1290,1496,1381,598
48,560,500,402,994,223,1
291,560,2388,2264,2436,2536,1901
93,560,582,387,943,143,1
155,560,755,1322,934,1547,678
111,560,639,1449,584,1227,988
7,560,17,29,85,768,1
60,560,146,223,280,347,1
110,558,592,870,1729,1653,757
190,560,961,802,963,985,103
48,58,123,166,382,1936,756
149,560,1555,2180,1699,76,1100
96,560,977,1823,1133,826,1077
102,560,455,1603,383,439,499
383,560,2541,2513,2393,421,1954
111,392,1758,1903,2325,1464,672
25,560,16,43,781,1715,203
18,421,348,87,28,291,1
111,560,351,492,411,708,537
226,560,992,998,1485,2233,1534
48,93,361,1208,247,293,291
111,560,1415,1170,429,210,397
118,560,1990,898,1145,956,284
181,560,1209,2201,1369,1396,1375
110,560,588,1038,980,977,581
298,560,2223,2139,1588,1931,1754
284,560,1962,1911,1472,1504,1183
354,560,2476,2544,2554,2113,2023
123,560,1144,1875,2207,2068,1252
271,560,2427,2456,2066,2471,1796
100,475,1937,1651,942,1684,150
113,560,1908,1723,2055,1530,1645
181,560,1073,1065,1666,332,395
126,560,2131,1674,1152,1300,1266
337,560,2425,2267,2389,2503,1921
383,560,2520,2584,2428,1845,1920
346,560,2415,2429,2309,2482,1838
225,560,2347,2379,2264,1410,1629
23,84,449,891,170,748,150
137,560,1472,1189,1888,1428,977
34,314,195,1407,664,1575,1533
66,200,388,136,178,109,1
190,560,2234,2360,2163,2107,1426
282,541,2200,1988,1673,1311,1363
283,560,2114,1684,1779,1980,1358
215,560,1546,1937,1480,2013,1498
71,560,326,395,975,1899,898
151,560,2125,2008,1533,405,628
51,398,1014,964,1937,1742,1269
122,560,2079,1671,1819,254,634
190,552,1432,1490,2195,2265,1824
99,560,753,191,518,368,1
126,560,784,1472,940,775,785
52,560,1685,1948,1122,1206,767
18,106,109,175,52,221,1
37,125,30,267,771,1506,948
261,560,1786,1601,1313,1587,916
87,560,668,152,171,425,1
304,560,2240,2110,2323,2271,1828
219,560,1909,1409,1942,1085,885
348,560,2375,2417,2386,1444,1957
165,560,647,405,590,557,1
35,121,76,69,16,262,1
110,560,678,415,719,1200,332
64,501,1379,766,735,556,86
190,560,694,1216,539,968,150
275,560,2104,1544,2457,649,619
14,549,154,293,926,1163,545
105,319,862,618,222,603,1
100,560,857,1169,1754,2291,1670
120,377,1500,1734,1353,1837,405
71,208,885,923,1406,711,489
333,560,2336,1754,1802,1824,1595
103,560,574,273,689,784,1
134,560,2237,1650,1869,2189,1522
70,560,141,132,802,995,452
98,560,1800,1586,1643,798,1456
163,560,1711,1891,2305,1888,1729
146,370,1640,1763,1577,1220,972
225,560,1751,1921,1481,1859,1551
126,518,995,1036,1453,1620,1209
39,560,395,1031,465,498,788
142,560,547,1164,1210,1451,188
120,560,587,442,995,85,1
98,197,744,463,109,283,41
93,560,637,1051,1149,543,858
190,560,1195,514,1504,1416,1153
40,117,1277,1295,1672,1126,668
51,560,331,33,748,840,1
246,560,2239,2482,2456,2530,1888
99,560,837,1039,692,1252,132
156,560,1401,795,1084,382,1
296,560,1886,2072,2242,2316,1691
190,560,1295,926,1582,1901,1067
172,560,747,448,217,734,1
181,560,1862,1609,1393,1759,1123
155,560,1667,2277,2357,2303,1903
173,560,1499,1584,1619,1449,964
65,153,548,1565,2205,2175,1586
212,560,1987,1580,2353,2273,1870
74,560,930,1281,1615,1493,929
237,560,2236,1685,1586,1466,840
165,222,1906,2438,2007,2533,1437
98,560,934,1666,758,1800,696
207,454,2123,1446,1623,1386,1407
288,560,2173,2088,2019,2432,1784
177,290,1884,1479,1790,1360,1240
326,560,1864,2138,2076,2339,1148
368,560,2393,1841,2368,2462,2078
111,560,1020,780,1218,2235,1281
313,560,723,890,547,1293,809
99,560,244,596,884,267,1
173,560,1843,1582,2210,1435,890
98,560,1061,464,559,87,229
215,560,1515,1840,1968,615,1151
181,560,2073,2155,1323,2005,1356
199,560,1852,2129,1952,2022,1714
1,560,274,250,777,733,156
7,174,1206,1191,121,601,204
275,560,2128,2141,2300,2438,1891
219,560,2015,1310,1715,1155,851
207,560,1878,2131,2225,2407,1871
99,560,779,308,460,663,1
129,534,1050,1804,2098,1926,1749
133,473,948,1724,1467,1750,986
162,374,1967,2189,1319,1632,846
25,560,216,51,244,483,51
266,560,1725,1916,2356,1705,1597
31,81,254,406,58,646,286
100,560,1082,812,295,731,183
239,560,1960,2030,1910,1228,1215
1,560,83,1,288,42,1
280,560,2007,1943,2206,1068,1523
131,560,1276,1311,864,1478,921
137,560,1650,1556,709,1369,726
35,560,230,297,1685,1116,584
67,521,614,309,888,146,150
51,145,91,59,29,153,1
72,135,1044,1448,1497,1894,1476
111,191,475,228,174,518,286
237,560,1371,801,1432,1503,727
47,186,98,158,388,111,1
131,560,1412,1032,1201,696,32
39,560,224,107,336,1611,833
126,560,1257,1360,1524,1694,290
370,560,2498,2458,2513,2559,2081
177,560,1442,583,1220,525,1
248,560,1733,1457,2077,1822,1697
149,560,1253,708,891,1889,486
52,98,214,123,221,1038,1
11,343,383,975,339,60,150
111,560,2070,1439,2053,2075,1235
239,560,1880,1702,1904,879,1383
15,26,61,78,72,519,1
80,560,556,410,473,520,1
33,207,262,262,337,1314,496
31,560,166,621,540,642,428
111,447,834,1905,1350,1740,1080
47,560,41,342,238,1377,302
19,478,464,513,1238,1120,155
111,560,376,736,45,735,224
291,560,2345,1577,1395,1412,1042
146,560,998,394,1209,373,54
40,525,932,1173,1077,478,259
314,560,2245,2020,2270,2380,1940
111,560,760,672,585,353,286
191,560,1240,1796,1924,1923,1660
100,351,688,701,626,331,1
51,33,55,197,10,485,178
89,560,606,327,622,334,1
47,560,382,221,372,70,1
66,200,158,278,122,337,1
51,560,150,28,249,7,1
126,560,1482,1775,1377,1650,1325
329,560,2313,2358,1972,2302,1764
21,16,5,18,11,550,170
185,560,1683,1958,1793,1927,845
89,560,405,1147,1025,1939,918
319,560,2505,2487,2378,1453,2035
71,560,315,274,803,411,24
290,560,2423,1834,2151,2383,1218
20,560,23,85,807,29,1
165,560,2013,1828,1637,149,659
365,560,2491,2460,2462,582,1931
289,560,2424,2519,2550,2425,1875
329,560,2314,2281,1648,2085,1576
86,560,699,726,1085,1545,286
330,560,2431,2374,2479,2062,2104
62,176,1389,637,818,1896,116
190,560,2205,2225,1747,1270,293
1,560,59,30,331,270,1
256,560,2033,1695,1188,1297,1171
71,560,1627,1212,1531,83,122
182,560,1258,408,983,271,58
173,560,1682,1985,2198,1663,1494
209,560,2129,1003,763,1042,723
238,560,2111,2052,2030,2362,1408
149,560,1449,1432,2047,2395,1615
62,67,806,627,570,1626,1018
55,245,181,225,163,668,1
22,509,135,19,305,288,1
246,560,2037,531,929,381,616
126,560,1992,840,696,546,292
111,560,1162,433,670,820,1
236,560,2199,1346,1598,1394,994
47,268,375,291,146,564,266
51,560,577,798,566,1565,197
169,560,595,841,1374,310,129
89,560,585,472,1399,246,44
229,560,1821,1067,2020,989,749
41,15,611,1159,1141,1507,435
52,560,357,603,974,1067,364
199,560,2242,2425,2366,2423,1834
219,560,1358,1600,805,119,542
305,560,1822,982,1975,1050,837
190,560,1932,2197,2214,2240,1883
18,42,50,172,65,436,152
99,560,516,460,231,580,1
147,444,1343,1080,1135,976,236
13,29,250,401,86,245,1
87,174,228,922,1024,1261,933
248,560,2265,1940,2003,613,1406
58,97,210,170,223,226,150
151,560,1004,1459,965,697,477
133,560,841,1237,2293,1619,958
83,560,1142,302,1654,1069,868
32,122,1193,1013,1068,665,1017
219,560,2317,2229,2201,2311,1832
47,185,1100,814,600,1615,775
274,560,2279,2185,2313,2004,1525
71,560,1204,1058,1070,945,652
106,560,1600,2371,2143,2165,1673
169,560,1899,2334,1479,1477,1401
190,560,831,305,1203,721,464
42,560,769,1141,731,790,666
74,560,1139,481,791,206,424
47,266,258,299,33,44,1
90,560,684,1342,1219,1276,577
110,560,707,611,1468,1351,720
30,419,377,112,129,235,1
325,560,2471,2177,2504,2518,2003
71,284,223,536,237,1201,1
66,234,1099,2191,1856,1711,1348
258,560,1963,1070,1792,1181,572
179,560,1153,1974,1214,157,269
48,560,533,858,809,654,481
4,216,145,162,501,1521,1049
111,154,545,921,710,896,375
120,140,1759,2160,1734,1149,1369
339,560,2202,1653,2128,683,625
3,560,365,109,1855,2162,922
71,560,200,655,665,1960,774
271,560,1947,1229,2401,2436,1620
220,560,1574,1443,2008,1790,1512
60,441,739,1259,1055,1606,618
138,299,2082,2112,2092,1767,1511
40,91,638,676,1330,1366,377
120,486,1407,1456,1103,1002,838
131,560,1374,1135,470,809,305
189,422,1511,952,1059,713,80
134,352,1771,1644,1394,1467,1405
108,560,1134,1672,1128,688,460
199,542,2163,1816,2029,37,1127
98,332,800,284,101,177,1
331,560,2058,2174,2259,1798,1785
129,308,529,1477,851,1912,967
147,560,1629,1447,1762,1799,1540
60,560,652,854,298,1568,205
261,560,1784,1920,2227,2443,1319
183,560,1874,1977,1808,2181,1112
156,560,1314,581,1466,1430,516
1,560,2,14,134,54,1
151,522,2261,2393,1724,578,1763
134,560,1293,668,711,453,150
383,560,2501,2479,2458,516,1885
142,560,1114,498,379,219,150
201,449,1921,2165,1388,154,1192
80,88,1510,1659,862,330,418
163,560,855,869,892,630,493
126,560,1642,1323,1566,1820,946
4,6,112,351,17,359,1
320,560,2057,1936,2332,2392,1341
284,560,2259,2255,1962,2202,1849
289,560,2343,2224,2454,2457,1882
261,560,1436,1475,1756,1897,857
35,469,1223,1319,2135,1245,955
164,560,1437,2250,2308,2386,1917
110,560,1047,885,1498,619,1121
28,560,180,58,619,341,1
233,370,1983,1836,1635,1831,1274
48,560,340,372,175,190,1
165,560,1823,2058,1977,900,1125
84,560,506,304,1082,2018,1008
145,560,899,419,1609,1272,215
48,560,246,1048,973,465,150
363,560,2463,2556,2544,2589,2121
266,560,1738,1737,2192,2281,1420
175,560,1936,1675,2091,2288,1720
1,560,62,53,257,247,1
90,83,205,875,376,394,286
112,560,589,1792,947,605,341
47,560,389,86,654,346,218
383,560,2495,2483,2514,2554,2096
177,560,2112,1619,2223,2227,2046
24,560,207,55,462,902,1
13,217,576,506,442,1218,150
225,560,2172,2193,1789,1875,1370
111,560,1506,2147,289,724,185
99,560,891,1285,996,207,864
41,160,1002,2044,1320,695,491
298,560,2380,2340,2350,2006,1798
309,560,2257,2437,2329,1278,1762
99,560,591,321,252,363,1
47,560,343,266,612,424,253
110,399,434,256,200,441,1
47,560,289,201,916,754,275
86,560,1265,1021,1445,1797,1147
111,560,554,1324,1964,2376,1271
7,240,471,391,23,888,1
74,173,296,880,416,307,539
75,560,534,547,1029,757,1
151,560,1473,2034,1963,1932,1539
83,179,171,424,127,1638,175
16,560,63,56,133,21,1
215,476,1395,343,617,641,150
111,560,962,712,1918,1282,708
35,39,560,1686,172,189,150
383,560,2574,2512,2556,2588,2100
13,560,294,144,819,2060,279
163,560,867,1573,1273,2139,1079
111,560,590,834,1443,1905,974
157,560,925,1374,1418,1472,776
122,560,664,683,838,217,150
80,192,173,269,155,342,1
111,311,1212,378,233,2151,813
259,560,1593,973,1360,257,1
271,560,2419,2354,2406,2351,1610
363,560,2536,2577,2561,2314,2016
1,7,72,22,114,58,1
199,502,708,1088,700,1561,769
149,560,366,283,831,222,384
100,560,677,1414,1733,488,1273
190,560,1150,1330,2162,1397,984
383,560,2529,2484,2560,1807,1918
128,560,695,1442,1632,1892,1411
134,560,878,1128,1833,1727,1581
39,560,1338,2042,1841,2476,1310
238,560,2248,2337,2179,2032,1950
182,560,2213,2105,2118,1481,1264
63,560,868,2011,2243,1485,1191
137,560,1812,2349,1983,1682,1499
183,498,1205,889,292,869,316
126,560,486,2062,2127,1768,1340
175,560,2088,1240,1889,2214,1744
51,200,1070,494,768,1230,329
48,560,489,1122,1493,1895,557
239,560,1740,1359,1233,927,420
1,375,227,149,55,173,1
125,560,222,462,652,510,286
1,1,2,5,2,473,1
226,560,1416,685,484,163,1
142,560,845,577,680,308,1
51,148,1122,1965,744,184,422
66,112,161,380,25,434,150
311,560,2426,2118,1985,1141,1403
74,155,646,2111,991,1747,1103
86,560,1486,2057,890,903,903
265,560,2339,1630,2410,2483,1966
122,560,858,251,508,364,1
66,50,549,1779,245,778,150
358,560,2454,2508,2498,2300,2125
155,560,681,587,78,214,150
62,560,1508,2123,1824,2274,1593
152,395,615,852,356,627,150
181,560,1329,1376,1151,1144,932
246,560,2358,1713,1895,2026,1046
185,467,1631,1264,1969,1358,1057
99,560,1859,2335,1767,1030,1379
221,560,1490,1033,521,625,244
220,560,2011,1864,1448,1512,862
130,560,1315,1572,1901,2167,1544
47,486,461,1053,871,357,1
190,560,1850,1550,2494,2243,1656
324,560,2499,2559,2488,2514,2045
173,560,1579,806,555,994,406
119,224,81,254,268,390,1
302,560,2356,2305,2209,2296,1444
268,560,1818,1378,1771,975,467
219,560,1799,1110,1549,1581,1500
383,560,2478,2461,2512,1476,1997
89,560,1096,751,917,678,96
42,271,493,311,808,1911,176
11,560,139,1358,378,2036,919
1,560,53,12,591,9,1
89,560,1161,2198,1915,548,1159
179,560,918,613,1064,1159,1
304,560,2263,2190,2394,2495,1913
316,560,2430,2514,2465,962,1884
151,560,488,437,675,116,1
39,194,129,157,18,855,109
123,560,782,713,906,241,1
289,560,1781,1787,1854,151,669
67,214,945,619,801,1576,732
35,43,94,540,587,317,111
209,333,1409,1620,1625,2073,710
182,560,1657,1835,1645,707,923
273,560,2043,1302,1843,1251,888
75,293,1505,2025,1830,1972,1135
83,560,110,129,319,238,1
163,560,1491,1258,1049,1213,820
83,560,917,1257,1063,120,874
363,560,2508,2523,2516,2582,2097
1,86,1,8,47,204,68
87,560,842,323,40,814,312
296,560,2365,2292,2100,1836,1641
142,206,1003,1225,554,1546,987
118,560,599,145,495,592,10
138,339,390,482,1224,1909,1260
190,560,1185,977,946,1558,1253
84,560,1179,872,2013,1726,1386
280,560,2184,2027,2111,544,990
89,367,713,770,907,1009,495
60,560,852,296,538,723,150
209,560,1335,1952,1461,1076,1088
155,560,924,524,953,1621,150
87,560,628,379,1641,677,169
183,560,1224,566,352,1043,1
47,284,923,348,563,1535,834
60,342,212,275,232,355,161
151,560,1455,1185,1565,494,639
47,560,104,186,487,875,1
251,544,1914,1526,1564,1443,1160
124,560,1507,1909,1490,35,1
5,560,68,35,428,193,1
53,560,864,1441,977,2028,1414
137,560,1221,1856,823,1232,607
86,79,726,2202,868,1487,1452
332,560,2329,1938,2054,743,1840
229,560,1677,1357,1912,1299,645
190,560,1869,2181,1649,521,968
65,560,496,377,1057,973,324
202,560,1541,1782,1885,2027,1934
252,560,2090,2464,2416,435,1733
383,560,2462,2581,2532,2204,2013
190,276,1264,1884,1194,1499,1587
38,173,374,836,148,511,1
21,560,179,41,173,183,1
212,560,936,671,673,356,350
275,505,2371,2154,2359,2224,1879
289,560,2005,925,1187,653,345
86,127,1300,1045,1270,1052,1422
52,95,1261,357,752,139,1
71,182,402,439,1554,19,463
246,560,1996,1511,1667,1264,1472
7,21,49,153,53,127,286
1,560,8,9,454,358,1
65,551,1298,2204,2284,2469,1705
262,560,972,1063,1511,1303,526
21,560,128,73,596,464,378
110,461,1447,2169,1716,2070,1442
168,560,2148,2239,2224,1484,1029
48,128,734,626,363,766,1
225,560,1853,1720,1694,1393,878
126,560,1289,1960,839,827,739
103,448,1342,1305,695,1049,1
87,560,735,1030,615,1968,1432
52,337,1013,1551,1428,13,393
145,560,1845,1848,1903,1641,1380
89,381,543,295,669,1668,403
151,483,1523,1335,1995,2121,1492
48,560,86,76,441,656,1
112,401,1177,1655,902,179,1027
126,560,2178,2432,2493,2521,2001
90,516,202,600,1148,2350,1359
100,198,1011,1366,556,1113,64
212,560,2099,2036,1680,2505,1893
209,560,1765,1574,1603,266,85
111,560,1592,1522,1583,2102,1250
100,560,700,1041,1440,1178,507
103,560,1232,403,1058,767,150
229,560,1610,993,593,741,150
100,560,1984,2355,1825,2451,1795
280,560,2286,2258,2083,1131,1663
60,560,913,407,77,93,1
141,560,565,465,320,462,357
383,560,2494,2392,2519,2543,2056
151,560,1912,1883,1722,1764,1323
101,560,1348,2242,2125,2082,1335
309,560,2322,2361,2283,1636,1053
341,560,2401,2234,2476,2419,2102
74,244,1028,1579,140,912,512
195,560,1713,796,1752,1577,282
303,560,2208,2395,2318,1902,1846
122,320,786,851,401,1023,340
146,560,1040,1266,1357,1808,744
74,560,840,756,1624,874,1
126,560,1138,1313,1175,1350,635
289,560,2397,2485,2385,673,1906
142,560,661,786,579,751,172
238,560,2051,1373,2051,1986,1497
145,560,1552,1919,2059,1997,1639
7,560,217,140,412,1342,150
124,560,2115,2232,2216,2293,1837
122,202,1062,1314,397,536,469
271,560,2062,1872,2267,2168,914
120,560,993,1181,1213,1075,612
277,560,2066,2070,1458,1842,1748
215,560,792,1148,1048,319,408
383,560,2571,2579,2574,2542,2059
142,481,1762,1843,2157,2136,1351
157,560,1056,932,1332,868,1104
203,560,1485,1924,1887,2433,1433
58,560,118,277,448,228,150
151,560,1443,1503,1738,1148,594
158,452,2081,1845,1689,572,642
259,560,2333,2218,2156,2381,1757
142,560,1301,503,235,256,1
87,560,990,1119,1618,737,223
383,560,2547,2582,2586,2577,2073
51,560,1517,1023,458,3,376
142,560,1589,2075,1761,1562,1276
133,560,965,1760,1812,2003,1466
164,560,1317,1849,1795,2284,1594
143,560,872,413,746,549,1
179,560,1279,1424,1182,1765,1272
60,560,1752,1585,1043,251,321
244,523,1542,652,993,2368,1699
96,560,256,194,690,540,70
86,560,644,1728,918,1877,1382
163,560,1399,1604,2346,2452,2061
219,560,2244,2382,2196,1513,1738
74,560,385,222,395,4,1
129,560,1665,1454,1871,726,1354
379,560,2555,2532,2502,1395,2051
61,72,435,1561,666,2266,479
51,131,833,1043,1193,2031,895
151,560,295,877,423,882,127
232,560,1226,1752,2049,1751,1111
284,560,2092,1555,1674,106,644
376,560,2572,2529,2528,2548,2099
1,116,237,71,3,883,63
272,560,2165,1423,1892,1787,936
25,211,439,790,715,1671,1257
199,560,641,1297,1525,824,578
75,560,259,259,854,1016,1
266,560,2300,2013,1308,937,1284
237,560,1935,1741,1505,1248,547
142,560,1585,919,740,1517,780
51,560,182,989,847,938,182
86,46,989,1942,1030,159,286
112,560,839,1232,813,813,53
251,560,2161,1274,1115,987,311
72,560,1033,821,1119,860,187
123,560,1716,1846,1775,800,844
362,560,2532,2518,2581,2545,2068
126,560,2156,2352,1444,2088,1074
297,560,2433,2477,2413,2512,2030
52,126,1244,2137,1137,1872,1055
190,560,2241,2254,1837,1205,1331
47,560,11,37,317,234,150
173,560,1868,2207,2082,2334,1618
169,560,425,207,38,33,1
232,560,1736,1265,1501,1834,1003
142,560,1681,968,988,728,112
47,560,108,210,982,555,421
156,560,2153,1269,2352,2520,1469
311,560,2457,2452,2447,2500,1988
51,560,349,467,658,850,585
75,560,1827,2146,1684,1339,1712
142,560,1637,2168,1407,1722,1279
205,560,2169,2023,2361,2466,1557
126,560,1772,1774,826,48,649
219,560,2206,2325,2296,2527,1862
112,351,636,510,434,640,189
204,475,2097,2448,2303,2373,2002
272,560,1168,687,659,750,1
329,560,2287,1762,1283,1055,779
1,560,36,2,185,694,1
72,560,768,258,656,1829,285
151,560,1152,1385,1127,1525,970
48,560,333,457,1159,1796,119
215,560,1689,1726,2235,2406,1583
82,560,598,1209,1012,32,8
248,560,2136,2145,2234,2285,1794
147,560,1916,1559,1585,857,835
137,560,679,324,209,1625,144
126,560,1654,1721,2183,2166,1508
191,486,2252,2206,2348,1315,1280
151,394,1344,1803,491,1338,150
275,560,2006,1397,1206,170,374
74,188,272,555,498,1574,173
356,560,2464,2535,2521,1037,1999
112,158,710,1145,586,1216,349
190,560,1836,1912,1801,1302,778
238,560,1323,1815,1573,2033,1102
312,560,2255,1153,1303,633,62
348,560,2361,2121,1727,612,1092
182,560,1430,2159,2060,2176,1371
138,445,1940,2268,1452,1736,1178
47,190,567,662,260,128,286
169,560,897,817,1371,2270,1140
83,560,1247,1769,919,240,114
90,560,437,1980,1616,1157,863
39,560,890,468,972,1398,703
38,20,45,271,106,66,1
383,560,2533,2463,2506,2550,2112
52,560,683,1052,1296,1840,766
142,560,828,534,262,285,150
72,38,671,1474,832,815,952
99,258,1210,1889,849,348,568
237,560,1794,1863,1507,2325,1804
18,316,1832,824,300,175,430
257,560,2304,1934,2148,231,1009
226,560,1311,1066,1417,1054,957
134,234,983,1895,1858,846,536
271,560,2041,2434,2443,2077,1869
71,560,1595,666,552,1447,884
239,560,1775,1396,1818,2399,1015
138,560,1970,1949,2050,2055,1391
138,560,750,365,992,185,150
180,560,1885,1468,1456,1153,1345
220,560,724,1215,629,963,797
67,560,751,300,924,666,1
173,560,1067,420,1072,327,589
383,560,2548,2538,2576,2504,2092
181,560,2124,2320,1735,1990,1621
133,528,856,584,1192,1306,802
129,533,1453,1165,1778,1777,1441
157,560,1796,1076,1867,542,872
182,560,2019,2061,1245,2002,1073
263,560,1798,1371,1640,1203,252
111,477,2000,2227,2093,596,150
95,560,580,1150,1052,1235,909
86,560,1727,689,536,1240,165
1,560,26,38,384,1021,272
190,498,1976,1545,1880,2326,1711
134,560,1282,585,1246,1294,1
211,560,2214,2475,2102,2506,1623
155,560,1756,855,986,376,19
204,560,1840,1001,663,1199,437
53,376,60,64,660,1488,200
383,560,2543,2549,2489,345,1936
101,232,1322,1308,1189,1438,1385
155,560,933,1152,1404,1762,470
137,560,859,476,208,681,150
205,560,1624,1682,1297,1114,310
219,560,1670,1570,1368,705,928
47,560,255,1220,678,1147,455
191,560,1528,1800,1322,1689,626
112,560,551,645,1047,792,682
100,318,1176,1810,921,393,1044
111,270,1117,1633,1457,2318,685
60,249,596,102,98,232,1
212,560,1694,1162,1278,470,303
225,560,2254,2466,2272,509,1914
313,560,2411,2435,2418,2459,1948
21,560,950,1356,1693,523,609
117,372,2048,1676,1706,1423,599
253,560,1824,1247,1291,617,734
163,560,1461,1679,2181,1745,1366
103,560,609,1814,1746,2177,2021
212,560,1911,843,389,475,1
110,483,436,523,856,1154,337
201,560,1956,1638,786,1950,385
138,560,1568,1081,1944,1871,1854
263,560,2063,2246,2240,1843,1529
119,490,1072,1300,1280,2221,1964
75,560,1148,502,160,1096,832
154,560,433,1109,1842,2416,1606
232,560,1855,1926,1132,56,458
111,560,741,366,184,565,150
157,560,1492,1054,948,351,400
86,560,557,334,699,551,180
74,495,1211,955,949,2199,1417
40,215,519,1336,717,647,550
190,560,1483,2260,1876,2453,1741
62,70,370,578,265,24,1
122,560,621,971,1590,1454,1143
383,560,2512,2451,2478,2508,2065
110,560,1540,650,130,907,296
48,216,634,573,344,568,157
182,560,1834,1657,2039,150,509
75,560,705,236,341,747,222
286,560,2181,1661,2266,2472,1905
238,560,1626,1226,1126,997,991
64,560,419,459,1612,1136,476
203,560,1717,1351,1309,1051,1173
190,560,1703,1701,1661,1966,1036
1,560,2,13,188,166,1
123,560,1656,950,608,1501,528
177,560,417,1614,1325,1925,1237
138,299,720,491,183,187,1
258,560,2262,1688,2173,1940,1156
110,391,602,1091,797,1151,575
74,274,633,426,132,289,1
208,531,1913,1077,638,602,78
47,560,682,517,386,248,194
44,560,336,292,960,832,1
211,466,1766,1725,1267,887,1246
51,560,846,1821,751,1158,574
67,560,654,942,1168,1608,709
43,259,680,1005,1269,1739,602
48,35,914,1320,399,1047,1
212,560,1444,1238,1414,622,640
165,560,1532,1957,1344,316,1384
77,280,712,1199,767,1631,523
155,560,1406,1071,848,1534,761
110,451,1160,1986,1859,1552,943
151,560,1268,2134,2311,760,1086
378,560,2511,2490,2520,2591,2114
40,143,342,1277,895,1212,538
238,560,1982,2319,2448,2051,1654
83,560,762,724,599,81,1
165,560,1649,1868,1088,1019,548
183,560,1503,1915,1999,1459,1868
190,560,2211,2326,2120,2384,1473
270,560,2311,2391,2065,2465,1743
101,560,484,1190,1247,2021,1120
100,560,352,290,500,828,1
110,560,794,1121,1022,1143,431
151,560,1790,1133,1295,1602,763
247,560,2250,1111,1544,413,338
111,560,552,434,567,95,1
60,286,696,480,1069,926,543
147,560,1294,630,834,1041,107
359,560,2565,2575,2575,2063,2019
362,560,2450,2453,2349,1404,1924
119,387,731,556,321,722,150
94,560,780,804,1036,152,90
165,560,1149,653,2171,1846,891
216,560,1136,1963,1547,74,1110
71,560,452,948,712,763,369
383,560,2473,2401,2383,1644,1976
229,560,1991,2397,2399,2532,1962
111,560,1238,690,898,1280,651
11,281,31,65,22,197,150
111,560,2032,1809,1714,1087,935
90,560,511,331,194,45,150
234,560,1989,1923,2105,2122,1760
111,560,2017,2333,1799,1310,1778
29,23,77,211,571,1763,1
89,560,1706,2116,2009,1862,1667
183,242,1398,1381,971,1498,162
239,560,1613,1759,1710,1063,1206
83,560,458,924,515,844,1300
154,560,1951,2245,2123,2039,1821
225,560,2344,2321,2249,2052,1865
1,4,122,146,46,155,1
361,560,2458,2421,2369,1011,1938
322,560,2441,2394,2426,1040,1495
126,560,391,774,41,430,150
184,560,1724,606,910,446,150
75,256,1582,1718,653,586,461
89,560,709,1137,1176,1597,865
137,380,1307,607,87,63,1
111,366,1633,2329,1996,2229,1728
137,560,770,1527,1720,2145,1628
190,560,1383,1592,1365,981,738
39,127,196,217,60,606,1
376,560,2446,2302,2269,1239,2033
24,560,199,773,1526,720,831
168,560,1854,1531,1484,1971,1565
104,560,1350,2000,2025,1646,1378
296,560,2299,1678,2146,1908,1129
142,560,539,526,542,1841,611
86,350,1787,1318,770,14,886
138,560,1904,1941,1745,1433,789
71,222,261,268,151,449,65
110,323,502,988,657,474,962
110,519,908,1118,1555,2046,869
51,368,387,381,348,1543,391
275,560,2243,1880,1860,1247,794
126,560,1870,2166,2335,2249,1483
185,560,1123,593,1195,834,1
123,476,1576,1362,391,608,1
284,560,721,561,343,1014,1
111,560,991,987,1341,1138,565
92,560,956,809,201,392,1
232,560,1087,1120,911,967,617
383,560,2535,2588,2588,2447,2037
25,14,169,471,103,858,150
60,560,369,287,503,211,1
333,560,1570,447,597,323,1
256,560,1891,2028,794,1922,905
63,329,441,571,96,452,1204
156,352,1549,2271,2080,2155,1826
53,560,174,209,793,856,372
72,85,236,173,192,339,1
71,560,148,477,494,350,741
232,560,1536,1640,1396,1814,1416
52,57,75,374,338,2124,975
54,229,472,564,627,1083,908
353,560,2538,2572,2459,2574,2052
123,560,1115,272,1229,1680,126
119,412,1027,2026,1705,1933,1116
73,152,292,240,139,965,1
126,560,1647,1799,1378,699,648
1,560,144,128,181,68,150
109,403,1302,1405,1934,2312,1928
134,560,777,400,867,558,38
157,560,2152,1989,1412,1643,1797
157,560,1462,1386,645,709,847
281,560,2302,1887,1939,2023,1224
225,560,1557,1244,1741,1709,1007
1,560,96,675,492,701,1
22,77,51,67,99,242,1
217,560,1943,1230,2071,1967,1172
155,560,1509,1765,662,1340,842
78,390,288,368,499,1536,212
181,365,1167,1072,2016,2317,1302
149,560,1520,784,1617,1781,569
96,328,905,737,800,1145,505
111,560,1620,1621,1957,15,450
59,560,513,686,1236,1319,899
336,560,2335,1860,1459,2188,1428
70,183,319,469,899,1242,1357
40,166,198,99,684,691,106
117,560,1104,1665,2170,1419,1726
86,560,939,2261,1096,2074,1553
90,218,810,1795,562,1137,367
320,560,2219,2200,2297,2418,2020
229,560,1538,1602,1346,961,562
52,560,115,281,357,423,1
39,258,34,122,136,158,1
156,560,1041,1234,846,491,221
215,560,2272,2396,2324,2492,1894
239,560,1905,1873,1512,835,563
181,334,657,155,97,140,1
289,560,2410,2376,2405,2507,2058
364,560,2552,2500,2517,2117,2009
35,75,189,66,9,250,1
110,560,1424,1857,1787,2428,654
242,504,1326,629,569,147,443
285,560,2146,1831,1791,1810,1767
1,560,73,42,311,259,92
47,560,518,143,299,324,1
155,560,2044,1597,1712,2128,1589
134,560,1808,2215,2298,2364,1668
215,407,1995,732,966,618,1
229,560,2168,1730,1803,531,579
149,560,1202,2001,1976,2132,1188
100,477,525,590,1019,738,658
122,560,1452,1403,2312,1890,1661
156,548,1037,718,2062,2011,999
93,421,1120,1026,1686,2219,1397
147,540,1494,2084,2119,1704,1710
191,560,1860,2029,1665,2324,1624
122,560,860,868,1153,1956,1289
106,560,1405,2176,2116,2057,1559
25,11,121,247,4,52,150
214,560,1895,1096,2107,1095,1579
39,560,791,288,380,1868,322
212,560,1465,1064,824,859,544
357,560,2502,2573,2548,866,1955
93,560,1362,951,1199,1505,671
90,277,448,1149,925,1455,736
38,76,234,239,128,1696,907
257,560,2306,2330,1902,950,1765
119,356,798,794,742,1833,1324
124,560,2047,2367,2344,2277,1853
339,560,2204,2298,2231,2149,1322
157,560,2151,1852,2040,467,729
190,560,1527,1954,1807,2498,1650
307,560,1846,1073,227,174,17
1,560,3,10,75,400,1
122,220,691,1178,721,1674,1270
212,560,1262,2304,1997,2430,1927
152,389,1764,1451,764,305,184
381,560,2544,2531,2522,2584,2106
179,560,797,815,1120,2434,871
110,560,515,1436,1098,1292,1480
239,560,2225,2316,1687,2207,1222
86,560,1378,1393,575,979,742
120,560,1009,1282,1205,1703,800
60,560,119,382,243,1135,1
321,560,2209,1902,1978,1458,1078
80,364,1488,1740,1196,2295,906
246,560,1965,2048,1696,2144,1453
60,560,443,758,830,1496,1
22,59,101,57,281,599,1
60,560,1274,508,396,575,445
1,49,2,4,207,1326,724
143,560,1768,2069,1707,1483,1285
52,560,740,648,788,533,4
116,535,2024,1624,1317,1202,1706
62,560,825,1711,214,263,166
181,560,1573,1930,1717,2449,1487
205,560,1280,1099,736,928,150
31,75,271,665,7,191,150
263,560,2215,2073,1979,2323,1688
25,33,248,185,725,55,1
43,83,571,947,885,2065,1040
335,560,2527,2507,2549,2581,2066
297,560,2053,1693,2075,2179,1438
66,449,675,633,358,811,174
173,560,1674,1375,2061,1226,1332
122,560,553,212,677,604,317
383,560,2564,2522,2527,2487,2057
203,560,1166,782,941,162,108
257,560,2293,2301,2174,2331,1822
1,560,18,80,203,121,1
177,491,1218,1262,1307,2067,1238
52,227,1426,1142,346,303,1
190,560,1900,1246,1868,849,1138
1,560,114,52,601,1130,423
266,560,1477,1171,873,1119,264
5,560,13,72,377,444,1
111,560,1354,2249,1314,1452,759
25,560,583,1780,1431,584,351
383,560,2481,2541,2487,1707,2005
354,560,2509,2548,2583,2561,2117
290,560,2264,2351,2380,2050,1592
290,560,2147,1387,1093,517,344
124,560,321,451,405,1677,566
312,560,2435,2564,2438,2467,2043
47,249,689,1576,1032,1876,202
69,560,485,622,978,913,587
98,560,754,1049,1639,878,502
65,94,850,1433,246,379,1
124,560,685,562,683,1732,829
51,90,325,113,119,455,1
361,560,2510,2554,2500,264,1992
66,560,191,617,810,1600,867
27,228,380,50,62,892,1
100,453,1618,1844,1691,873,136
340,560,2447,2440,2466,2570,2107
119,456,384,639,255,1225,1
103,560,1551,1501,1595,1328,1061
141,560,892,700,271,616,295
47,560,89,39,471,685,319
48,560,756,1175,774,213,150
234,560,1484,1100,1726,1176,633
99,560,99,120,79,237,48
364,560,2560,2505,2563,2555,2075
289,560,2106,1961,1920,1346,1002
180,511,926,1510,1922,890,1146
212,560,1801,1218,1966,2071,1977
99,340,1208,1022,1011,730,459
39,560,460,103,623,387,66
42,186,608,818,866,1656,821
253,560,2036,2327,2236,2463,1915
355,560,2490,2345,2439,2253,2062
198,338,1349,1340,1794,1873,1212
156,354,1545,2130,2108,2191,1787
1,2,29,16,102,229,1
36,432,1337,346,322,609,72
124,278,183,234,157,99,1
224,560,2340,2465,2453,1572,1702
185,560,984,1139,1162,1962,1228
7,60,703,904,938,1034,248
147,347,1954,1817,1676,2344,1876
220,560,2162,1770,1702,1089,656
215,560,1831,1591,2000,1867,1381
190,516,2027,1253,782,1053,1133
215,560,1169,1344,1629,2361,1555
137,428,1958,1569,1362,412,473
35,560,427,93,816,842,83
232,560,1556,719,1226,1387,413
88,487,1319,1784,729,1301,940
58,560,469,332,479,28,1
134,519,1186,1521,1227,904,760
313,560,1410,2113,1446,1782,15
2,560,4,34,420,145,1
225,560,2196,2469,2398,2484,1819
124,560,490,757,426,415,1
35,145,829,1263,841,46,97
119,560,1192,972,811,1941,877
220,560,1611,1260,1571,1578,956
185,560,1915,1703,1416,2322,1983
87,560,1327,1578,1354,1378,1298
133,560,1440,1437,1545,1869,894
86,170,752,1401,687,1073,286
199,483,949,715,780,1117,404
219,560,1402,929,1113,497,286
39,53,155,759,191,669,439
244,560,2045,2156,1986,2417,1229
65,312,764,319,956,921,662
359,560,2496,2450,2553,1974,1972
75,560,264,486,1476,1413,93
32,560,358,171,360,20,1
45,560,1222,1413,844,1081,517
122,394,267,349,512,1586,335
237,513,1569,1807,1945,2488,1731
18,122,253,409,74,102,150
285,560,2372,1838,2237,1669,1612
173,560,1746,2203,1776,1425,1464
271,560,2023,2094,2358,2464,1783
191,560,816,720,1345,280,102
190,560,1397,1755,1560,2164,1176
122,560,987,1044,1960,1208,1303
78,463,629,521,1076,1193,250
100,560,827,1333,1556,2090,1020
80,560,428,181,598,80,150
258,560,1807,1529,757,817,242
296,560,2369,2387,2415,2477,1867
239,560,2113,1956,1917,2222,1429
72,560,954,326,1241,742,683
182,560,1929,1681,1838,1408,1082
173,378,1213,1420,1304,1056,893
51,560,887,352,67,739,1
242,560,1959,1124,1429,1284,323
82,115,627,808,1315,1560,1013
33,392,211,224,236,1494,1163
21,560,35,330,438,943,267
190,560,2212,1904,2260,2299,1737
67,213,517,427,318,1048,456
90,560,672,1105,594,1173,570
87,261,665,347,865,1730,753
297,560,2398,2162,2373,2396,2026
32,59,231,154,225,463,82
48,360,407,124,275,972,150
177,445,1024,2092,1383,2042,1563
111,560,1974,2126,1909,1234,1546
62,144,732,1497,1054,923,89
383,560,2497,2467,2547,2172,2028
147,497,1971,1197,1031,799,1
184,560,2061,994,1261,547,506
91,254,432,1354,1316,1372,1149
83,560,531,711,2045,2135,879
21,16,10,74,6,73,1
78,371,300,313,105,272,1
205,560,1777,1486,1671,1942,1567
80,560,1396,1999,2144,1975,1690
179,375,928,1855,937,2215,1265
21,560,48,84,519,471,1
138,560,883,748,1604,1976,1360
383,560,2528,2515,2537,2568,2055
84,341,1653,1160,1208,1362,1393
107,257,1049,976,149,786,1
116,402,541,396,1105,885,150
58,560,570,642,1599,1432,768
126,560,1421,1757,1626,1170,801
35,107,451,1530,1534,2286,1245
289,560,1851,949,1758,1591,558
267,560,2309,981,1732,1332,39
318,560,2475,2524,2531,2546,2094
217,560,1612,1587,1849,1607,1200
186,560,1652,992,1848,1880,320
181,560,1547,336,422,181,1
162,560,1178,1284,1117,752,407
45,560,445,2004,2168,2218,1317
322,560,2281,2366,1508,1585,1445
190,560,1229,1543,1567,1712,1304
39,560,1227,2152,1324,1886,806
31,560,630,438,625,1375,690
9,424,152,138,135,124,1
151,560,1603,1138,1361,2130,978
197,560,1386,933,1004,1078,501
179,560,2083,1517,1477,988,989
229,560,2341,1998,2255,2335,1514
172,560,1245,2010,706,990,243
90,560,722,364,1129,1070,27
146,560,1071,657,1380,1180,883
131,560,1625,747,509,216,150
42,111,134,88,81,105,1
111,560,776,957,759,326,1
208,560,1805,1243,2112,1985,1413
383,560,2400,2509,2186,1657,1850
128,379,1893,1767,1494,110,1330
103,560,1565,2223,1832,1887,1792
53,142,1015,1004,1708,2037,1665
123,560,942,1750,2018,2497,1368
122,560,986,953,1067,1175,960
190,560,1789,1700,1941,2169,1818
323,560,2421,2565,2536,2517,2034
376,560,2522,2493,2529,2252,2122
124,560,853,1829,1806,2356,1707
62,560,52,180,211,732,164
101,386,728,828,1066,233,576
104,171,882,1008,1005,749,240
182,298,1434,1968,1883,1738,1069
225,560,1757,1125,1584,490,924
364,560,2409,2478,2292,2094,1933
238,560,2021,1790,1813,2499,1880
247,560,2080,1837,2291,2306,1683
181,560,1866,1656,1381,1648,1443
122,560,482,525,1402,1731,904
126,322,1129,1901,935,1080,695
356,560,2542,2550,2392,17,1815
219,560,1076,1182,1071,1468,1107
213,560,785,470,945,506,1
142,560,1917,1751,1408,552,1197
190,560,1918,1983,1028,574,636
38,560,157,360,409,667,209
80,119,304,769,544,132,9
102,161,884,1947,1091,1414,804
155,450,1131,664,1454,1004,427
302,560,2373,2403,2037,1343,1809
71,100,693,160,144,1773,414
181,560,1731,944,1769,1719,1205
229,560,1761,2244,1653,1603,1211
48,459,900,235,1284,983,206
299,560,2233,2017,2363,2442,2012
277,560,1341,2093,572,1994,1471
163,397,1622,1465,1557,1329,1352
350,560,2456,2331,2402,2531,2090
142,560,1723,2262,1827,2040,1807
164,560,848,861,869,1373,1030
287,560,1664,2064,2017,1801,1162
182,560,659,688,756,458,150
97,500,1189,1710,1271,2140,1130
89,560,1408,1689,1111,1210,733
141,377,906,1563,1358,1930,1177
66,560,714,1764,1628,1109,1278
111,560,946,2019,2265,2310,1501
137,560,337,213,535,839,1
111,560,804,511,1180,740,370
383,560,2517,2528,2471,623,1943
100,296,863,367,190,655,281
72,560,345,230,1321,502,60
103,560,1328,1188,1285,947,830
142,250,1380,598,256,96,1
383,560,2570,2520,2587,2590,2111
270,560,1749,1473,1338,1424,1232
6,367,9,27,152,398,1
21,34,46,746,529,1133,976
191,560,2059,1488,2247,1368,1038
383,560,2515,2439,2535,2586,2108
133,560,773,956,912,164,1
45,560,334,1126,1921,1771,1477
264,560,2039,1990,1551,2347,1895
35,108,84,505,210,594,603
111,560,1137,1398,2164,1835,1217
13,105,43,276,199,637,325
45,560,470,317,981,1105,373
72,404,649,1018,1331,2256,1126
285,560,2078,1540,1764,2123,716
1,560,2,15,359,8,1
123,560,508,355,371,31,286
135,346,787,452,381,831,301
36,311,808,428,969,2268,1390
264,560,1615,2043,2187,2047,1549
313,560,2348,2339,2450,2510,1679
111,560,616,466,630,512,1
93,560,393,1219,330,1035,1219
201,560,1712,882,790,399,485
92,433,624,1781,1768,2254,1596
137,560,849,1278,1423,2081,773
215,560,1590,1090,1663,1953,1011
156,560,1726,1773,1890,1334,1043
189,560,2143,1867,2505,2251,1978
173,560,1998,2462,2261,2404,1782
229,560,1313,552,1191,818,52
190,560,1879,2311,2160,1982,1753
53,116,1496,1993,1870,1959,1181
377,560,2534,2527,2551,1924,1970
59,133,346,518,89,675,1
234,372,1356,1187,1130,1283,277
225,560,1346,356,1274,621,181
185,560,1979,1317,1562,2009,1114
199,560,2008,1419,1816,1686,1347
38,560,1422,856,1539,1654,718
343,560,2395,2489,2229,1538,1852
147,560,1081,1316,1411,354,360
343,560,2379,2390,2475,2540,2014
201,560,1069,788,2150,1885,1282
149,560,1628,1641,1266,1331,171
283,560,1577,1862,1522,2321,1489
165,560,1753,1832,1965,1756,1058
191,560,1471,762,1923,1612,799
58,560,561,1168,1017,2275,484
134,560,660,940,314,796,401
136,560,1605,1103,1033,1858,1404
184,560,1931,2032,1463,12,705
71,560,447,485,814,79,1
293,560,2418,2286,2279,2038,2044
36,506,279,575,772,2092,728
62,219,177,130,459,1683,150
190,560,2256,2119,1774,1461,1277
110,327,308,142,34,108,1
79,560,667,742,1721,1679,1735
155,431,1290,1469,1475,2098,1507
18,367,1361,241,116,302,1
247,560,2326,1608,2133,2072,1230
239,560,1372,1353,1342,795,454
112,560,1617,2457,2177,2494,1916
264,560,2235,2083,2486,2509,2127
98,315,1413,749,1161,1647,1449
232,560,2175,2313,2470,2402,1774
165,560,690,838,259,282,227
238,560,1530,902,1464,2056,1642
100,560,807,1291,369,924,446
354,560,2484,2521,2570,2583,2098
175,517,2171,1476,1927,2230,1662
178,532,1705,963,1171,1058,190
90,560,498,1156,1107,1108,37
209,560,1200,567,1163,529,214
53,560,1454,2275,1759,1795,1377
95,89,651,597,355,1236,1243
248,560,1597,1093,1391,628,751
243,560,2049,1731,1835,2183,1005
220,560,2191,2055,1695,1099,1060
284,560,1944,1343,795,1470,1299
87,63,310,362,70,1748,67
224,560,957,860,367,367,1
181,560,1575,979,1409,714,150
75,150,1026,990,909,1407,488
202,560,889,717,1318,936,532
16,560,93,60,775,703,150
269,560,1999,1645,2175,2163,1142
309,560,2022,1345,1773,597,1031
151,560,2246,2136,2096,1649,1184
165,560,2157,2446,1739,2228,1591
31,560,163,196,893,1489,139
122,279,719,1392,1340,2186,953
300,560,2351,2280,2211,2089,1909
111,560,748,339,350,712,1
181,560,2193,2350,2104,1758,1626
126,560,1715,1727,2219,2475,1676
147,326,875,985,693,365,361
182,560,2120,2212,2307,2444,1812
291,560,2094,1094,1382,1970,848
187,560,2134,1932,2377,2193,1877
48,560,938,2300,1760,2213,1558
165,560,1806,2098,2278,2030,1527
231,560,2321,2122,1836,2078,1388
107,560,1214,1204,1730,847,1166
98,560,290,165,141,805,228
211,560,2221,2037,2226,2338,1022
87,560,907,1502,1644,1610,1242
371,560,2567,2567,2592,2558,2074
75,560,704,776,1207,2083,396
98,560,603,1421,1392,1110,390
105,212,1493,1668,1326,1879,1631
36,560,1537,1134,901,1567,475
143,341,1856,1978,2241,1929,1308
155,560,1228,1851,1982,1784,1068
60,560,843,1325,1078,287,237
169,560,1598,743,1239,1706,812
101,560,673,831,1516,1475,711
374,560,2483,2445,2334,644,1860
83,560,306,1483,667,1664,1164
111,304,1688,1708,1627,2099,1179
270,560,2014,2056,2172,1729,1334
165,560,865,249,961,26,1
277,560,2091,1273,1828,2490,1759
271,560,2030,1847,1704,1526,559
111,560,282,1309,1003,329,561
243,560,1435,1348,1728,871,613
326,560,1742,625,1123,1921,1136
122,560,1946,1391,2137,1753,849
126,560,1230,1334,607,884,366
68,312,468,586,1181,1809,735
326,560,2357,2285,2063,2493,2116
205,560,1058,632,561,1077,1
313,560,2342,2418,2490,2528,2091
247,560,2346,1696,2067,1243,1580
62,560,467,164,112,1098,23
368,560,2479,2459,2440,2563,2085
90,560,725,1222,1863,1318,1065
207,560,1648,654,1594,791,1071
367,560,2452,2449,2530,1365,1941
310,560,2391,2257,2152,1015,1919
38,560,97,289,123,999,88
142,560,245,570,1517,1964,1091
33,560,204,237,1980,1191,307
334,560,2414,2411,2407,1830,1502
344,560,2387,2318,2425,1786,2038
111,189,774,582,312,180,1
16,13,24,110,250,1497,163
177,560,1043,1709,1984,2348,1761
72,163,1046,1445,682,1687,1052
303,560,2323,2241,2388,2385,1956
182,560,1296,1252,923,148,1
141,560,1017,1692,1744,1854,722
80,375,453,857,829,2158,1622
92,373,156,961,1079,1566,1012
92,560,1103,1140,1190,328,1451
83,61,1107,1797,264,39,1
190,560,1609,1553,2131,1839,1570
117,560,1283,1055,1906,1623,1314
53,560,1008,416,880,933,567
38,560,442,516,631,929,1
66,335,1231,1791,1558,1182,917
152,560,1466,920,1073,1622,915
173,560,1124,1235,676,1204,593
37,172,429,376,456,203,1
110,149,1284,1677,903,1850,624
1,255,33,17,1281,2017,398
309,560,2385,2424,2347,2359,1887
60,113,265,554,92,600,150
190,560,2085,1833,2339,2424,1897
331,560,2440,2431,2496,2160,1975
35,113,69,127,14,294,1
111,560,635,1037,1300,1728,1434
149,560,465,739,576,409,150
128,560,1584,1428,1908,1593,1109
281,560,2251,1717,1293,196,902
238,560,1559,2095,2015,2012,1577
226,560,1586,2380,2273,2127,1470
289,560,2320,2054,1634,2197,1574
155,282,1235,805,557,49,1048
181,560,1052,1971,1101,1401,1227
239,560,2103,2406,2396,2195,1801
298,560,1750,1027,1991,1060,411
149,560,1539,1945,1989,2365,1793
185,560,1183,1059,1041,1405,1231
107,536,1460,1733,1375,2080,1550
270,560,2195,2102,1992,1088,1572
215,560,1548,1635,1951,1399,1168
60,43,600,390,290,1091,150
172,560,836,1217,1781,1025,1474
250,560,2253,2142,2136,1780,1513
180,560,1191,1206,984,1446,1161
18,560,658,264,186,352,150
35,360,1641,1304,1038,652,249
165,560,2004,1504,1427,2516,434
111,560,1086,1034,1489,797,1419
177,560,1159,1086,1450,1344,137
185,560,1445,881,505,1250,535
177,560,1513,500,1305,1286,667
64,560,648,873,1506,1013,76
270,560,2108,1680,1914,2231,1732
205,560,1187,563,1292,1495,468
21,560,6,70,431,693,1
60,560,276,226,694,335,1
293,560,2290,1500,1823,1978,1154
45,560,266,184,215,1104,6
130,560,971,1210,1487,1642,1099
271,560,2362,2299,2355,1779,1892
202,560,1907,1842,2314,1162,747
111,560,650,1705,1631,1427,1248
190,531,1709,779,432,560,1
1,560,2,6,37,5,150
126,560,1321,550,1282,1465,358
373,560,2445,2534,2477,2043,2053
194,560,2280,2006,2140,2468,1831
150,560,1802,2314,2028,2257,1945
181,560,1476,1471,1386,2547,1387
201,560,1054,1699,1424,1164,1320
47,560,203,388,1439,1570,646
277,560,2383,2074,2023,1957,1062
7,560,976,404,583,443,1
60,560,1057,1279,1748,941,1367
74,560,1377,551,928,1385,661
121,560,1381,1953,1259,2408,1364
183,560,544,741,1258,1409,298
99,560,1029,699,285,626,1
108,560,1248,725,1099,300,1
6,11,14,26,20,389,1
100,560,653,705,467,909,150
22,175,564,454,294,77,1
246,560,2295,1877,2263,2261,1418
232,560,1365,682,366,292,1
140,560,1458,723,1294,1142,465
190,526,1180,995,962,1195,289
334,560,2406,2369,2200,1737,1898
67,560,1023,663,425,91,150
284,560,2016,1024,463,2345,138
168,560,1720,1434,1785,1374,1313
111,560,1156,1917,1679,1995,1259
90,560,1250,1321,955,1431,273
156,546,1236,847,1016,1511,592
100,560,1734,1395,1169,104,748
190,560,1668,1382,1240,265,497
66,560,632,2003,859,1856,1415
202,560,2145,1966,2321,1541,1349
205,560,1828,1946,2109,1185,1291
231,560,2269,1995,2084,1695,1460
39,87,371,832,329,1026,208
43,560,215,245,930,769,47
35,560,401,800,1413,1336,148
122,560,1739,2251,2132,2413,1450
165,560,1498,2192,2129,1710,1681
124,560,2075,2279,632,1523,1004
383,560,2556,2585,2580,2534,2077
3,9,15,20,54,1863,608
316,560,2249,1276,2090,1832,1603
179,560,1737,1749,1529,230,386
63,560,2132,1612,1770,660,687
31,560,184,98,882,545,1
111,560,1692,2101,1891,2320,1541
131,560,662,1747,2153,2103,1139
181,560,1113,826,333,761,326
133,560,1367,2076,1559,2116,1889
62,560,20,44,154,215,1
74,246,421,204,83,136,1
92,370,789,1595,897,1616,1430
126,424,192,208,340,1321,1
31,204,898,2035,506,499,600
35,287,185,393,277,930,504
110,560,761,553,1039,744,1
271,560,1141,729,1006,426,1
291,560,1696,2040,1513,1667,926
112,426,1110,1296,920,1554,1105
285,560,2285,2132,1709,2391,1979
284,560,1699,1115,1950,1101,1374
101,466,1051,954,1215,919,508
106,305,514,431,229,410,150
309,560,2308,1418,1574,325,368
66,560,738,1885,1415,1406,409
348,560,2352,1667,2232,679,1398
7,560,176,32,266,537,1
71,560,1497,1625,1474,1662,1305
165,560,1111,878,394,466,286
277,560,2359,2511,2397,2513,1863
302,560,2384,2228,2446,2426,1986
70,560,413,825,1591,1690,810
10,74,226,615,833,1913,881
99,560,1089,1771,1840,2241,1424
31,235,127,100,59,388,1
7,31,147,111,489,1249,515
13,560,126,47,513,812,1
99,560,1077,1287,1766,2209,1290
360,560,2488,2516,2515,2524,2079
229,560,1376,1202,1286,1335,1457
347,560,2470,2471,2424,176,1982
270,560,1394,906,1538,2421,1653
281,560,2230,2297,2362,2337,1896
326,560,2273,2291,2274,1805,1585
60,394,87,106,189,852,1
155,560,2135,1207,1875,2330,1095
261,560,2179,2039,1509,1847,1485
367,560,2460,1970,2221,492,1751
276,560,2289,2323,1777,2340,1167
177,560,1237,1267,2220,2076,1561
267,560,2318,2161,2288,2357,1899
284,560,1955,1050,861,227,13
119,560,1591,515,1742,1422,1035
163,500,1732,1496,1083,1006,280
147,560,1267,901,1173,1337,256
233,560,1438,1349,1656,1139,1643
146,411,1693,2171,2021,2045,1423
248,560,2107,1627,1815,1528,1198
100,560,563,670,1018,244,1
111,221,1101,2051,1953,2283,1802
284,560,2405,2546,2437,2429,2039
90,409,874,580,595,1211,684
71,383,120,252,1112,571,150
163,560,1291,692,392,495,715
290,560,2060,2079,2101,2147,1635
100,560,959,1163,565,559,1118
190,560,1769,2214,1351,1152,1327
83,560,1550,2248,2246,1993,1648
42,560,116,91,156,161,1
319,560,2267,2090,2250,2515,1829
126,222,1199,1520,787,1057,825
52,141,140,49,24,375,1
83,560,302,589,1154,1891,882
16,560,430,899,1045,129,1
90,180,1418,2199,1277,1617,782
111,560,2100,1261,987,224,1
238,560,2378,2571,2485,2371,1969
295,560,2194,2175,1333,1553,954
331,560,2455,2428,2364,62,1788
241,560,2187,2342,2337,1946,1658
122,560,1112,1254,1390,1813,1150
142,560,1234,1618,1948,1129,798
9,32,27,202,15,366,1
383,560,2513,2570,2590,2346,2010
39,560,586,435,308,107,1
248,560,2367,2346,2414,2411,2048
41,560,260,176,195,209,150
133,560,1391,876,1298,1312,474
162,560,2067,1452,718,1380,765
302,560,2360,2444,2431,2415,1816
155,560,1273,983,989,1363,680
51,560,165,318,80,1420,389
22,449,90,75,604,1258,57
274,560,2363,2157,1940,2035,1716
115,489,1154,1732,1725,1645,1562
133,193,1143,2033,1682,1601,839
191,430,1219,1581,1349,482,944
83,560,1085,986,1121,944,490
278,560,2307,2209,2166,1864,1627
5,13,80,95,108,801,1
173,560,1093,896,1179,1583,913
75,560,1986,2347,1861,1916,1808
71,25,149,242,57,1062,150
102,560,687,754,1379,1296,870
128,294,826,915,766,260,150
228,560,1543,962,1961,1592,1152
45,560,909,1341,589,2262,1446
126,560,1102,778,196,587,1
96,285,597,2022,1608,2143,1400
51,560,416,709,451,779,1
248,560,1873,1736,1829,2125,1790
383,560,2487,2488,2499,2579,2118
215,560,1747,787,1000,1160,520
80,560,392,255,642,182,1
134,560,1470,1758,1987,1022,1066
226,560,2278,2470,2316,2148,1780
126,443,1985,1369,1223,1783,1344
74,560,159,135,497,952,1
162,455,819,1558,2158,1121,1671
194,560,1919,1605,2106,2198,1672
91,493,328,340,527,905,211
230,560,1718,2295,2193,2049,1864
137,385,686,159,446,422,261
111,560,1662,702,1581,1008,231
108,560,1133,2091,2057,1851,1817
110,560,1216,1865,1198,115,1333
190,560,1331,1560,1597,1289,660
228,560,2217,2290,2468,2523,1959
248,560,1816,1992,1669,2156,1996
190,269,1849,1806,1337,1860,997
297,560,2332,1663,1600,1492,583
124,560,1953,1929,1703,1665,1399
181,301,1952,2041,1865,71,938
296,560,2305,2060,1528,2258,1373
100,560,1643,1859,1165,133,824
248,560,1021,1112,282,451,150
147,491,1075,1611,836,702,417
151,460,406,429,1248,1269,514
182,560,1571,914,354,1197,87
80,560,398,320,815,314,213
254,560,2228,2272,1882,2474,911
122,446,953,430,490,1046,150
142,560,1516,1866,1970,1634,1465
227,560,1563,1886,2427,1948,1096
271,560,1384,399,1051,960,84
287,560,2095,2063,1805,1952,1505
133,560,981,1596,894,1550,1175
124,400,1700,1509,537,138,1
342,560,2312,1878,1971,2133,1524
24,231,562,771,325,493,198
270,560,2218,1568,1518,1364,1083
153,560,2188,2067,1460,1590,1396
309,560,2338,2442,2262,1356,1394
110,560,1060,775,592,935,1
71,560,257,1328,1483,2211,1223
42,47,359,761,450,1000,69
124,560,1158,1888,1542,1514,783
218,560,1675,1914,2184,1945,1131
129,560,1157,1429,883,886,195
215,560,1804,1768,1589,864,1028
38,560,106,306,198,427,1
41,92,164,216,216,957,50
60,560,218,1028,922,1027,819
32,167,187,893,347,6,150
199,464,832,1107,580,1870,1410
151,560,997,220,274,837,33
74,247,1678,1931,1576,727,664
126,560,332,731,169,1359,610
225,560,2056,1649,1553,1384,1542
116,209,604,1177,908,1072,755
171,560,2118,1742,2139,2058,1939
225,560,2003,2172,1936,86,1338
120,345,287,527,1658,1660,841
264,560,2382,2144,1757,1852,1089
80,396,1098,1712,1613,1697,1454
74,560,403,369,1118,97,1
31,560,305,1087,439,631,42
28,324,78,89,301,848,1
133,560,835,850,581,993,1
252,560,1848,1714,1804,1943,1532
123,560,1287,533,532,991,35
88,515,550,421,351,658,81
51,162,958,1455,776,870,686
191,560,1246,918,1561,199,580
100,560,1360,822,927,1214,681
220,560,2028,1606,1225,781,591
270,560,1275,1312,2044,2173,1431
119,520,1635,1927,1546,1262,981
133,560,815,849,1021,1702,713
43,230,575,669,714,1527,931
213,560,1241,1694,1343,1571,1019
232,560,1529,960,967,395,196
100,195,316,1002,82,1811,1
124,560,706,1015,1252,541,1
80,560,318,624,716,1246,177
252,560,2020,2150,2387,1281,854
47,560,1469,307,732,1569,701
57,157,477,1332,449,1792,807
239,560,1411,601,402,134,1
110,302,912,594,475,1106,414
83,343,503,423,528,16,362
197,560,1116,1460,621,1066,1247
383,560,2580,2592,2562,1291,1968
87,560,1525,745,704,1473,1134
173,260,1242,1634,1455,2315,1568
131,560,617,512,212,258,448
95,330,1249,1272,1864,1827,1262
52,407,459,473,410,906,620
380,560,2492,2476,2449,920,1967
9,560,213,1196,187,41,1
383,560,2531,2552,2569,2185,2042
122,285,1034,659,452,651,352
378,560,2443,2443,2435,2525,2084
88,168,1127,1098,564,978,399
165,560,813,507,1677,101,1
177,560,1877,1513,1782,2248,1010
8,12,178,63,66,773,36
224,560,1566,1435,1430,2119,1087
52,560,269,150,1023,932,124
71,80,193,325,19,112,1
98,203,532,1458,640,1198,336
383,560,2577,2545,2589,2562,2105
83,560,320,156,61,1450,22
157,560,1467,2230,1718,1955,1736
226,560,2072,1643,1156,27,546
96,560,338,219,353,783,1
98,560,763,358,323,645,31
232,560,1938,1298,1217,315,737
16,351,483,1412,738,1910,1258
124,309,1000,1205,240,225,388
110,560,881,667,514,90,1
348,560,2493,2586,2552,2370,2024
85,560,717,2240,2095,2154,1535
248,560,1957,1249,1877,178,1
132,555,1306,1089,1329,1658,606
51,560,844,557,877,276,447
126,176,830,541,618,268,1
185,560,1691,1007,1177,1637,855
231,560,1671,1083,1425,1111,1339
96,560,960,1776,1469,277,1630
137,560,426,279,167,236,1
224,560,1572,1101,1334,1288,1051
144,560,727,894,762,1361,503
151,560,1382,1213,1009,1920,803
209,560,1837,777,560,408,334
83,560,303,764,1202,838,235
183,560,1385,1480,610,676,564
1,560,3,7,267,168,1
191,560,1522,744,1491,1469,1101
188,494,1155,1270,1578,2019,1685
111,369,1355,2309,2251,2478,1811
60,560,235,634,904,794,192
48,425,487,392,1087,770,1
175,560,1660,1524,1786,686,675
165,560,1580,1594,1683,1084,521
62,560,1359,1303,582,480,150
66,50,125,908,534,2200,1244
222,560,2009,1900,2276,2431,2032
181,560,1939,1632,1335,1977,1481
111,135,528,257,435,830,1
146,560,1993,1623,842,1559,985
183,560,2010,1789,2072,1209,910
247,560,1896,1818,1701,1903,1739
383,560,2526,2506,2572,1097,1987
360,560,2284,1425,1301,780,104
41,43,170,412,91,816,309
366,560,2553,2555,2578,2585,2076
126,560,1266,1404,1255,1127,1047
60,186,309,227,276,385,1
190,560,1587,1283,1935,1295,1041
1,90,347,198,88,61,150
26,44,136,90,197,460,34
111,304,558,628,728,1480,143
259,560,1754,1534,2032,2157,1427
142,560,1481,1566,1473,2091,432
123,424,1676,1280,1062,1754,622
111,560,1163,519,2248,416,286
60,180,360,371,147,383,45
111,206,350,638,177,468,1
149,560,1332,1637,970,911,674
182,560,2077,2140,2310,2159,1608
177,560,1809,2071,1844,1524,1942
293,560,2238,2045,2239,2307,1566
262,560,2102,2332,2320,2210,1745
134,560,1561,1964,1548,1947,1169
21,560,1091,2078,1470,672,725
97,361,2087,2422,1540,2100,1199
281,560,2288,1390,2089,1383,1158
1,560,1,21,302,1934,1
112,560,555,579,702,764,150
137,480,861,760,698,1421,300
107,418,414,1588,284,384,150
73,226,1010,710,651,579,601
124,560,559,549,161,1169,973
74,134,1387,2288,1697,1604,1698
111,327,701,2194,1796,1775,808
38,66,209,853,263,1171,220
183,560,1135,1154,968,1819,1045
100,560,1835,1293,1503,589,743
182,560,1791,450,915,403,30
112,560,1030,965,1572,1998,1288
92,184,463,286,415,1789,478
302,560,1842,1801,2328,2064,1225
11,27,100,696,445,2129,1024
111,560,1001,927,828,955,286
275,560,2370,2399,2286,2458,1693
239,560,1504,1746,1839,2110,1412
185,560,985,496,316,524,1
104,472,1780,2014,1327,662,333
52,560,655,1198,840,448,1
131,349,999,1542,1174,414,347
93,560,605,1097,1520,969,818
157,560,1390,966,251,454,286
122,414,1256,1129,1659,1640,1187
74,560,1105,373,520,1794,1
111,560,92,335,35,829,150
190,560,1064,695,1139,1309,288
92,560,143,232,507,500,150
100,560,356,753,226,895,513
52,560,280,398,165,614,154
40,132,57,114,218,554,150
233,560,1770,2373,2374,2054,1734
111,144,284,117,95,1260,387
71,109,955,1377,1312,2290,1447
21,16,162,1255,1242,2187,1186
156,560,1464,1982,1535,1474,1226
110,560,645,478,486,772,168
100,560,1130,1715,933,717,673
220,560,2084,2163,2390,2440,1922
80,560,219,574,822,1172,1
66,560,817,558,477,1001,815
380,560,2561,2547,2564,2552,2086
253,560,2160,2368,2467,2410,1902
352,560,2429,2384,2422,1348,1973
96,560,241,807,444,30,150
71,199,620,445,385,1217,150
296,560,1887,1822,1090,2309,1747
252,560,1448,2289,2245,1673,1758
270,560,1708,772,1010,1595,1072
383,560,2525,2377,2400,2549,2103
238,560,1690,1082,1421,998,472
87,560,418,488,633,1320,582
298,560,2416,2486,2507,2437,2126
122,560,1994,2372,2379,2439,1813
110,442,578,1113,765,777,449
146,560,788,1411,1646,974,1221
153,233,1108,417,478,881,1
66,560,697,610,239,301,1
306,560,2459,2481,2508,2336,2015
295,560,1594,2294,1527,2393,1742
261,560,2396,2416,2395,2093,1772
89,560,809,345,273,1064,1
205,560,2144,1793,1943,2374,1637
136,405,1514,2080,1862,2239,1677
125,239,1927,2103,1947,1999,949
124,394,1330,1518,1820,1352,554
173,468,1825,1753,1074,538,394
177,560,1094,958,1160,1192,950
97,344,966,1783,374,38,73
271,560,2159,1853,1596,1502,1085
146,560,1795,1487,1911,2184,1275
104,560,197,354,1681,845,234
342,560,2275,2504,2434,40,1723
211,560,1788,1466,1124,1605,1034
149,560,1431,2256,1593,1533,1448
124,292,847,1944,1035,2343,1777
65,523,323,229,433,891,1
352,560,2413,2426,2460,2571,2050
298,560,1826,2085,1605,1005,1925
138,560,314,134,107,64,150
249,560,1719,1326,1488,1188,71
220,560,2185,2179,2215,2245,1965
315,560,2301,2115,2461,2015,1908
122,110,718,884,613,1743,1
183,560,2197,1788,1435,1044,771
177,483,1519,1691,1814,1825,1174
111,560,1316,835,913,624,147
142,272,1375,1514,857,1954,210
134,560,521,714,111,1791,150
156,465,824,946,550,959,274
65,156,642,495,558,1215,191
167,434,1251,1201,1221,638,1098
122,560,1760,1616,936,396,588
181,560,974,674,427,417,556
29,68,263,641,297,1389,314
191,560,947,1074,760,2308,1560
41,40,277,455,145,670,20
150,267,1925,2046,1650,1330,1823
291,560,1924,1925,827,2208,1548
291,560,2381,2293,2002,1187,1715
365,560,2568,2503,2565,2544,2070
270,560,1797,1410,1611,1391,992
224,560,2271,1738,2256,2178,1372
28,323,44,133,533,908,150
149,560,2055,2315,1763,1598,1001
148,436,969,799,1339,2105,1263
196,560,1748,1743,2110,1991,1554
104,560,327,1010,254,481,1
87,560,711,453,999,273,134
63,560,160,1922,1015,1509,1309
237,560,1830,1631,1958,1317,897
36,483,368,1622,1264,142,3
308,560,2507,2551,2480,620,1669
151,560,915,767,1244,532,40
219,560,1934,1933,2147,1770,1520
146,560,1272,636,1401,397,1
215,560,1702,1646,482,789,115
99,206,625,436,327,1090,2
124,560,964,859,113,629,59
17,560,111,200,636,1039,270
52,560,168,189,390,205,1
51,179,373,280,39,432,1
47,560,631,333,1364,1734,597
231,560,1602,793,747,762,43
60,560,1121,910,611,2020,1537
111,384,1655,1654,1290,1532,1108
110,560,247,246,403,1093,135
137,187,1308,1670,886,1692,294
214,560,1429,1350,959,1140,861
358,560,2518,2560,2539,200,1937
209,560,2226,2012,1652,570,623
134,560,1961,1548,1441,1115,346
179,295,1634,1009,1027,1445,1039
248,560,1926,740,1601,141,149
123,560,901,1617,1884,1462,1316
96,321,412,337,447,865,5
62,182,737,677,269,1190,451
328,560,2390,2120,2001,939,1835
71,560,362,1890,1765,1992,1506
69,560,870,2278,2525,2238,1923
44,560,495,1194,1311,1371,1
311,560,2216,2343,2052,1804,1602
137,560,1639,263,1780,1713,1213
165,560,1456,329,798,72,1
47,139,1468,1629,1109,1256,777
181,560,1619,1078,1222,2363,1552
214,560,2110,1897,1563,131,128
162,423,1451,1084,1034,377,125
215,560,1707,1223,2038,202,527
315,560,2407,2388,2441,2146,1974
110,165,476,322,258,36,1
151,449,1420,792,548,1029,232
181,406,1567,1583,1387,611,498
243,560,2277,2021,2026,710,1713
179,560,1495,2127,413,2000,1547
279,560,1810,1813,2322,2237,1578
128,560,1894,2089,661,11,1439
289,560,1948,1571,1692,75,1479
277,560,2040,2188,1234,505,637
183,560,1333,301,1075,1881,453
126,560,1243,934,531,759,553
62,560,67,105,603,438,1
1,560,2,11,419,469,466
225,324,2192,2317,2317,2388,1644
170,560,1132,945,1014,1263,442
124,560,1255,1057,1170,1382,480
1,429,285,203,287,84,1
173,560,757,967,1772,1522,939
123,553,527,490,361,634,79
78,348,1233,1195,1108,1788,1094
280,560,2105,2082,2254,1463,1649
110,482,1722,2068,2069,1515,823
182,560,1463,2117,1621,1760,1292
383,560,2500,2574,2577,2236,1947
35,560,474,315,248,118,1
155,560,1190,1761,2024,2109,1770
183,288,1767,1536,1447,1853,1268
111,248,1145,938,588,1441,500
229,560,1059,684,646,477,201
116,560,1876,1538,2189,867,676
9,53,70,151,193,344,286
98,560,396,1155,609,220,238
120,560,607,1327,1607,1564,969
185,560,729,903,1140,1670,440
18,114,66,137,21,440,1
275,560,1950,1664,1647,1094,1365
289,560,2331,2420,2341,2529,1958
120,325,492,312,51,321,1
9,560,124,721,168,1156,150
1,1,2,3,1,2,1
274,560,2298,2222,2204,2522,2041
237,560,2012,1535,1279,1815,643
71,560,188,548,1231,807,150
383,560,2504,2536,2558,2301,2029
370,560,2482,2530,2559,2564,2064
183,560,1225,1541,1788,2250,1611
111,560,530,1233,843,585,199
48,306,491,673,779,1007,410
383,560,2546,2537,2543,2553,2082
53,56,1097,1347,900,1402,348
157,458,1173,2427,2319,2455,1836
294,560,2296,2086,1925,2096,1827
191,560,1252,871,837,1207,21
221,560,2319,1626,2191,2161,1482
287,560,2334,1523,1933,2379,1530
21,560,19,449,516,1556,268
134,560,229,440,985,1161,101
111,560,640,707,2042,2282,1946
190,560,778,1046,476,1132,55
47,560,698,1557,1373,1518,1518
120,477,1318,1364,504,1434,359
53,560,324,177,393,450,1
173,560,1686,2107,2159,2354,1516
338,560,2503,2558,2573,2578,2095
42,151,131,125,291,169,1
222,560,1601,588,881,1287,1
209,560,1778,1820,2213,2126,1613
160,382,1147,785,421,188,150
222,560,2182,2253,2474,2141,1859
181,560,1710,1467,606,431,159
6,31,40,31,50,1752,117
18,37,1012,328,48,100,1
165,560,446,121,137,274,1
247,560,2133,2153,2086,2153,1601
38,45,137,161,31,22,1
211,560,1425,2005,1482,1400,1625
51,103,283,214,125,103,1
352,560,2559,2569,2534,144,1989
220,560,1910,2282,2360,2420,1170
225,560,1815,1652,1366,970,892
72,150,466,192,142,753,1
111,124,339,698,270,429,1
147,560,367,493,406,362,1
119,560,1066,1068,1167,137,141
112,560,2052,2336,2088,1988,796
227,560,2186,1935,2354,2024,1588
155,560,1735,797,1523,562,95
226,560,1882,1607,1367,1979,1128
86,180,866,1131,546,901,712
182,560,1439,1402,1094,284,860
209,283,1588,1979,1834,1723,1141
7,560,22,535,182,595,1
239,241,1920,1613,1095,1914,1311
71,560,1146,479,685,261,26
1,322,2,25,150,160,1
311,560,2399,2412,2419,2480,2025
205,560,920,1482,2085,2034,1144
137,560,1630,1079,889,192,56
383,560,2554,2533,2568,2280,1998
226,560,1392,941,713,472,262
295,560,2324,2386,2432,2341,1607
277,560,2354,2414,2282,2263,1907
215,370,1353,1301,739,212,239
190,510,880,1599,1519,1221,966
