194,654,455,730,1936,1387,1718
380,654,2585,2588,2591,2444,2487
69,654,304,184,770,282,197
316,654,2420,1533,2057,1759,1858
236,654,874,1024,1068,1259,27
19,654,11,7,258,125,3
355,654,2551,2523,669,2580,2052
30,137,969,1703,702,428,20
107,654,717,962,1637,1637,1139
291,654,1359,1297,597,205,675
167,654,2243,1280,395,302,979
264,654,2411,2447,2445,2179,2230
30,51,105,15,128,1545,167
121,638,1972,2100,2228,672,2365
320,654,2386,2297,1978,1484,2030
163,428,952,1699,1236,1339,1014
182,541,1740,985,516,483,592
167,654,1268,1241,1207,2064,1837
78,157,1508,2044,2212,2340,2209
335,654,2244,1866,2030,978,2377
68,217,1164,1106,975,722,788
186,654,897,1253,2058,1198,1383
146,654,1297,1266,204,1275,1022
223,654,1827,1853,1762,1274,1587
116,654,179,185,554,333,1
94,302,1532,1210,1165,711,904
239,654,1467,1813,1821,1233,1630
142,654,2198,1301,1816,1117,603
105,327,669,673,1522,1919,1411
143,654,2025,1268,959,950,341
243,654,1752,2370,2398,2428,2149
368,654,2531,2495,2540,2549,2507
175,654,1331,1113,1644,1236,251
218,654,2128,2174,1725,1208,1445
237,654,2201,2372,2487,1612,2105
39,184,192,114,20,349,1
35,437,200,1325,1532,1601,562
109,654,1192,775,1113,1511,1558
282,654,928,882,644,530,649
115,322,387,983,1517,2110,920
115,654,479,226,692,730,1051
108,654,992,1520,2352,1829,1277
164,524,1046,690,667,872,335
373,654,2436,2359,1743,1577,2358
123,654,1537,309,1768,981,320
234,654,2149,2452,2207,2083,2373
95,304,38,308,717,535,264
240,654,1713,1469,1502,846,1608
151,654,1798,1971,1761,1724,1874
309,654,2133,1495,2514,2440,2207
178,654,1487,1820,2134,2438,1911
169,654,1835,1096,376,84,179
351,654,2186,1575,1097,1337,692
149,654,1290,1383,1051,340,292
39,78,212,204,66,329,72
69,430,559,1282,760,251,440
233,654,1765,1008,1034,447,682
236,654,1865,1728,1530,1905,1259
308,552,2562,2527,1792,2574,1821
177,654,1370,1084,1423,1531,1948
328,654,2403,2317,2210,2061,2300
116,435,1145,1534,1381,1897,1282
234,654,2051,385,632,597,272
154,654,1482,667,1338,797,642
256,654,1534,507,783,304,261
134,654,1842,2171,1684,614,1212
185,654,203,331,576,485,77
38,471,345,896,1179,576,695
310,654,2210,2072,2318,1695,2189
153,654,1593,2429,2370,2539,2327
84,267,644,1193,1301,1929,1723
153,654,957,606,1314,101,23
229,654,1511,2378,2412,1056,1898
176,654,1138,1372,945,1136,1582
93,654,989,957,1383,417,1213
213,654,2283,1463,1718,729,1381
255,654,1305,624,1210,319,437
295,654,2384,2267,1993,2239,1434
160,654,107,699,193,257,403
263,654,1785,1433,1796,1663,1743
131,654,1480,894,725,1800,1032
340,654,2537,2574,2549,1817,2413
149,488,1234,2096,1327,1243,1628
116,404,588,476,71,395,114
100,654,1203,2122,1594,2236,1511
210,654,1916,2086,2184,1412,1825
210,654,2082,2131,1945,1923,1488
116,441,1073,511,931,1027,871
104,654,852,926,625,517,1284
287,654,2470,2280,2248,1085,2305
153,654,803,1101,1748,694,1091
84,654,1134,1834,889,1365,1758
167,654,2209,1892,2087,1946,2277
194,654,1458,656,1577,1237,1028
185,654,1700,2441,2411,2230,2359
39,257,163,174,165,1108,1010
98,272,1377,1089,677,907,824
223,654,1813,1725,1278,2243,1589
365,654,2557,2585,2592,1872,2489
128,544,986,738,768,143,281
195,654,2022,2066,2156,947,1302
256,654,2228,2313,2229,1867,2333
145,551,530,872,445,647,1305
188,654,1866,2248,2073,1693,1887
125,576,582,474,865,494,1023
57,654,1105,2167,1954,2247,2223
55,654,617,1977,2251,2533,2160
263,654,2510,2480,1424,2204,1889
247,654,1920,2242,1772,1981,1881
78,654,1302,1329,712,615,303
176,654,1133,804,1378,1231,969
39,654,206,126,323,1087,47
264,654,2125,1747,1098,1302,1027
77,654,569,301,123,1945,900
34,98,476,1086,311,795,1713
97,168,1059,1927,968,2092,2072
277,654,1346,221,315,46,1
294,654,2108,2077,1911,1954,2315
90,409,1190,798,1622,1543,528
158,654,1585,1318,1052,320,319
221,654,870,781,619,2150,207
131,654,1673,1850,1415,2317,522
186,654,984,1189,903,1909,1268
116,124,851,2275,1105,2408,2085
186,654,1093,676,1166,1884,1357
99,250,1416,1172,1385,2028,1479
19,98,446,570,37,243,44
90,136,276,1436,756,299,688
50,91,1319,2092,810,1889,1897
38,182,170,963,119,2025,2063
23,20,431,1163,838,2432,1337
212,654,2338,1323,2105,986,1641
57,654,796,1149,1170,2174,1770
63,368,175,242,1118,455,518
272,654,1730,2260,1699,1549,1584
207,654,1131,591,1147,1211,366
194,654,892,429,1828,1642,1084
145,405,1151,1609,1767,2481,2281
128,654,722,710,739,261,604
64,257,809,1217,917,1758,1192
35,181,576,1017,1698,1439,1885
183,654,1518,1921,2128,2183,1516
178,654,1395,438,1085,708,826
153,654,932,969,1823,1633,1119
317,654,2535,2579,2584,1706,2469
151,654,1998,1053,1074,2530,1783
255,654,2165,1426,1892,2166,2360
163,654,904,655,879,281,787
255,654,1741,2462,2531,2117,2239
151,448,1020,2141,1575,2333,2309
128,305,501,1869,1646,1683,1281
141,654,612,341,411,774,57
151,564,1230,1649,1336,942,1612
116,396,836,1231,2046,1860,1530
70,654,159,751,1704,2503,1784
39,654,985,1470,372,450,1407
77,654,408,810,1282,2324,1609
160,505,1385,1976,1454,1487,1180
190,654,1573,1893,1746,2221,2106
64,171,570,275,53,471,906
210,654,2093,2182,2148,1763,1637
9,143,12,5,13,551,605
210,462,1613,1772,1997,1842,1970
194,654,1758,1882,1889,2072,1936
149,557,1510,922,191,540,242
320,654,2406,2490,2443,2148,2352
380,654,2573,2547,2416,2435,2448
153,544,853,1816,1161,1598,1754
74,332,55,172,287,1137,989
96,654,1435,1263,1359,1520,1521
51,158,637,605,419,940,1002
104,654,1640,1945,1719,1624,1699
205,654,1745,2252,2102,1168,1498
77,654,1146,1803,2098,1708,1935
213,654,1564,993,1953,1978,1620
361,654,2380,2340,2518,317,2496
125,654,1118,1407,1178,862,697
341,654,2493,2383,2532,1158,1507
243,654,533,1028,1088,516,585
71,654,979,470,997,566,743
183,654,1663,1251,1609,2088,1001
209,654,2001,2162,2188,1010,1809
181,654,2015,2424,2259,2335,1585
380,654,2563,2548,2567,1250,2482
146,440,1024,1568,1203,1813,1761
281,654,944,1148,1661,1721,1607
116,298,1106,1338,1061,83,1288
263,654,1855,2012,1576,1563,1958
115,586,1273,1006,1319,1252,1473
194,298,650,880,1292,747,557
185,654,1083,992,1374,710,896
234,654,1681,1639,1734,431,1057
153,302,910,645,413,1267,245
70,654,691,379,1146,1163,1433
133,503,434,238,449,141,182
73,436,840,585,198,794,515
288,654,1820,1510,948,703,1348
32,315,407,525,344,350,297
311,654,1942,1839,1304,1406,1292
106,654,1019,478,894,1890,493
125,654,1329,1585,1127,1942,993
176,654,1204,1359,1542,2039,1873
104,654,1078,1826,2076,1961,2125
131,654,1079,1240,1451,1716,556
166,654,1362,1285,510,479,213
52,275,624,2022,1938,1754,1929
203,654,2358,2278,2508,2493,2428
186,608,1928,1500,816,1643,201
348,654,2530,2493,1916,2555,2329
1,10,177,35,665,1436,551
166,654,1191,405,967,879,538
158,485,1686,1966,2077,1866,2221
246,654,1893,1061,706,1351,1436
123,654,1501,1674,1612,995,1619
116,374,616,282,338,445,381
115,654,1710,1781,1663,1304,1290
38,182,1749,1346,470,616,917
22,209,37,150,428,2232,1134
247,654,1171,500,435,171,411
339,654,2315,2329,2525,2387,2296
335,654,2450,1637,2003,920,1321
131,483,1847,1365,1200,1509,1309
84,654,1209,768,1476,1838,1166
287,648,2033,2068,2294,2543,2415
194,465,1816,1252,1067,1156,1945
308,654,2559,2572,2559,1806,2470
116,356,402,457,613,613,318
194,465,1984,1894,1205,2069,1745
41,96,267,143,480,2305,2113
183,654,2075,1234,594,334,823
146,654,1427,685,662,542,870
25,113,556,561,348,1586,563
57,654,447,386,741,414,399
228,654,1773,1968,1300,1557,1176
105,654,1448,825,1190,301,417
142,654,1491,913,1298,1827,691
47,211,343,626,458,461,200
190,654,991,715,915,351,484
303,654,2392,2384,2367,2482,2425
181,513,529,199,610,288,12
149,591,1325,597,1513,297,193
60,307,265,210,467,367,65
99,654,262,584,256,1006,146
269,654,1216,902,1884,1478,1077
90,654,834,733,590,946,912
278,654,1810,1496,1345,1120,908
194,654,1608,1602,2262,2268,1016
158,654,1891,1542,1039,1104,1000
1,15,82,20,3,18,114
355,654,2399,2560,2551,2527,2446
30,23,20,138,325,2390,864
116,654,1449,1100,835,854,914
79,572,1245,1258,1244,1502,892
2,16,93,86,112,322,114
223,440,469,1959,2392,2312,2056
239,654,2204,2505,2475,2384,2241
201,654,1212,2262,1837,2354,2354
39,101,392,790,16,1172,617
74,243,831,512,64,384,1
116,654,761,815,709,458,122
286,654,2238,2137,2399,2297,2293
116,654,1717,1810,2315,1671,1543
229,419,296,2231,2224,2144,1805
151,654,1052,1352,986,378,189
30,261,319,333,521,400,1138
188,654,1826,566,855,806,591
183,654,1536,1060,1976,996,1421
116,184,709,353,481,1112,951
316,654,2254,1946,1848,1582,1594
185,654,2148,2081,1544,1584,2173
125,536,427,688,1120,743,1616
116,361,847,766,674,856,199
209,654,2272,1570,2147,1951,1304
19,62,67,79,185,2564,1075
350,654,2497,2498,2515,250,2450
370,654,2545,2584,2575,2397,2443
181,289,1619,1860,1693,980,1866
82,654,1152,217,440,467,231
63,99,1161,2097,1795,1617,1598
47,654,470,2009,993,426,706
307,654,2314,1300,2329,623,1296
247,654,2527,2451,497,2567,1596
255,654,2311,2482,2569,2202,2363
115,590,868,1046,2040,1868,1392
55,654,488,531,111,1524,828
160,654,2020,1191,906,1318,1190
229,654,2327,2503,2536,2511,2339
197,654,1455,1362,2191,1295,1949
106,654,242,670,641,469,136
90,230,331,378,2138,1655,1509
306,654,2363,2397,2447,2053,2218
50,336,219,133,772,1393,651
31,27,74,42,40,360,423
138,465,511,145,787,252,81
158,400,1082,1054,463,845,685
132,654,2132,2164,2382,2242,2395
194,654,2117,2107,1910,2329,2131
12,67,191,161,187,525,220
323,654,2500,2341,2253,917,2029
181,654,1401,1374,910,2026,755
363,654,2468,2136,2426,2065,2495
64,395,2066,1967,2044,2389,1413
106,257,377,501,797,1731,703
106,654,473,608,832,420,1074
163,654,1628,1709,1731,1940,1772
210,654,1468,1988,1523,2180,1506
106,654,602,1236,586,514,659
200,654,1528,2125,2109,1821,1341
255,615,2292,2221,1043,598,1446
294,654,1949,1742,1406,2027,2216
128,654,1279,550,940,370,120
138,445,1808,2358,2335,2407,2225
277,654,2040,1375,2010,1019,1092
131,654,695,784,1899,2108,1876
276,654,2203,2468,2448,2459,2394
166,604,694,356,1063,1785,129
131,654,456,452,39,753,362
238,654,1925,1299,1373,1171,1390
281,654,2388,2156,2351,611,1194
116,654,1328,650,556,965,608
59,165,613,538,553,707,834
305,654,1861,1558,1979,2147,1991
277,654,2474,2254,2498,2502,2417
277,654,1969,1505,1266,1600,1495
85,165,347,560,574,236,363
74,654,449,254,1121,1298,797
188,654,1479,834,1399,769,975
8,654,1053,396,690,2020,999
143,654,1173,2060,1643,2287,1476
221,654,1888,1626,2362,2443,2342
63,229,843,289,1167,1508,1035
133,654,1287,1155,1638,2200,1798
205,654,1772,1603,2064,1685,1781
75,274,525,319,761,2573,578
247,654,1668,1435,983,1141,1130
116,422,711,1138,1481,1303,812
111,654,1247,1528,2074,2445,1773
339,654,2336,2204,2203,364,1064
349,654,2488,2497,2581,1690,2504
307,654,1450,898,818,1357,977
312,654,1994,1185,1919,1205,1038
194,654,2147,2058,1987,2402,1983
315,654,2513,2576,2527,2388,2294
205,654,1973,2101,1449,1024,1490
316,654,1624,1199,1685,2075,1204
125,654,673,822,423,464,1059
106,137,1716,932,545,392,570
84,654,174,794,365,1083,1029
14,324,213,197,184,1665,597
21,37,15,59,47,188,45
105,654,492,503,298,957,1060
116,226,328,989,2289,2260,2036
304,654,2398,1791,2036,1694,1877
204,654,1860,1786,1859,1790,1681
49,103,826,1544,2141,1001,1406
259,654,1402,999,2162,1674,1993
274,654,1667,661,2423,2275,2122
356,654,1966,2135,1275,2358,2314
128,574,1137,475,182,1463,375
115,302,2182,1686,1928,2056,1376
205,391,1223,433,2067,1911,1580
39,654,1058,576,63,213,306
302,654,1742,1192,935,618,1245
153,654,1570,1863,1181,1939,2164
13,115,69,338,829,1569,1005
158,386,1142,2293,1453,786,1859
104,654,1208,1530,2020,1717,1470
146,654,409,929,388,1035,867
141,173,1026,1354,793,1364,1539
273,654,2293,2037,1952,2077,2381
243,654,1611,824,1344,952,677
105,310,1214,1446,2169,2436,1782
99,654,1985,1613,1630,1287,1447
223,654,1381,1881,1783,1124,860
169,654,2188,1657,2470,2029,1682
213,654,2136,2229,1554,2078,2175
6,58,130,53,85,451,686
92,192,838,1080,1285,1389,1164
273,654,1601,1996,1174,624,1663
138,654,581,1460,990,1680,1642
39,654,149,40,1499,106,90
57,159,205,134,836,1891,882
166,654,1558,2133,806,1555,1443
380,654,2533,2555,2547,2455,2488
324,654,2044,2316,2428,2496,2372
357,654,2421,2215,2231,1062,1660
125,654,2145,1598,1991,1505,1172
50,149,65,178,408,962,805
59,654,330,1085,526,1063,1358
72,359,537,345,430,1128,559
89,178,917,337,116,696,125
310,654,2375,2568,2572,2552,2503
75,425,433,1288,1580,2000,2049
30,366,1147,1551,422,2487,1322
249,623,1670,1802,2422,810,1481
185,654,1068,372,790,837,789
131,193,731,1344,1001,1845,625
127,568,1016,1281,713,820,1377
51,261,609,2033,1602,1164,1953
72,312,604,853,841,612,653
127,654,1981,1005,1232,532,641
59,460,775,1032,507,835,897
39,214,468,245,169,150,114
176,463,2434,2251,2242,832,1826
56,296,22,127,329,448,127
185,654,1992,2115,2049,1526,2095
194,654,1892,759,310,64,367
12,14,321,1063,1131,2352,2066
34,440,58,85,714,194,63
374,654,2543,2557,1366,293,629
61,106,1072,1013,615,878,317
123,654,937,1726,2180,1972,1440
294,654,2309,2444,2195,2385,2215
116,654,863,1186,382,242,159
328,654,1494,1076,362,1226,1223
353,654,2539,2577,2564,2521,2500
194,654,2140,2201,2360,1239,1571
291,654,2412,994,2099,937,1278
51,307,111,168,247,1021,953
287,654,2279,2374,1863,984,1831
362,654,2407,2024,2193,2307,2011
107,654,583,852,342,254,228
210,654,2089,1645,2488,1844,1913
78,99,166,961,686,1522,1065
375,654,2560,2382,2533,1481,2371
183,654,1452,1025,726,1558,750
107,487,1724,1088,1615,2141,1721
30,64,255,716,409,1312,994
252,654,2072,1317,1561,1713,1649
202,654,1807,1576,1649,1517,1762
223,654,1693,2087,1162,1474,1465
70,581,1429,2223,1758,1491,1451
78,237,1021,368,934,2217,114
50,117,1384,1392,824,2413,2307
218,654,2414,2481,2579,2566,2499
39,332,84,1137,651,1723,1276
348,654,2459,2500,2480,2561,2444
243,654,2364,2496,2520,2415,2306
141,654,565,988,1909,2015,1867
189,601,1779,2154,1727,1500,1725
64,427,1253,2004,1434,1367,1595
98,506,975,958,1158,1330,474
312,654,2316,2043,1591,2508,2273
344,654,2556,2512,2496,2412,2427
143,489,413,1903,788,1737,1384
219,654,790,900,921,506,615
56,291,356,294,854,926,1293
153,437,1950,1482,1151,155,505
254,654,1800,1513,1531,1277,1568
244,575,1996,1572,1651,1238,1247
44,654,1123,1404,872,1194,807
63,654,499,196,51,2314,464
353,654,2548,2592,2502,137,2445
22,654,99,271,807,180,389
255,654,1762,536,568,15,33
150,654,1369,1424,1386,2097,1950
207,654,1595,450,1732,1360,1424
22,654,954,432,1562,1835,620
246,654,2430,2067,2430,1796,2210
23,654,305,2230,2033,1984,560
115,213,518,1462,1018,757,107
83,559,912,1117,1483,1956,1841
214,654,2141,1951,2035,1560,2205
168,450,1712,1336,1209,1052,2112
30,654,182,465,215,536,848
51,291,489,407,523,518,172
219,654,881,933,1962,2308,1755
56,434,922,2046,1387,2135,1777
154,654,1609,1801,1402,1512,1753
84,328,642,1312,1831,2472,2208
176,654,1967,1093,482,66,793
142,309,349,359,1183,1715,1148
176,654,730,827,1307,2360,1814
248,531,1970,1242,218,38,123
15,254,291,46,46,85,502
84,654,955,1347,1069,1571,1491
96,495,493,394,206,122,202
183,482,1957,1917,2012,2349,2018
298,654,2452,2403,2255,183,1183
153,654,1828,2304,647,741,1099
116,194,1478,1332,1797,1974,1715
106,366,1446,846,373,91,321
133,654,1649,2380,758,760,1187
160,654,1507,877,351,146,174
47,654,416,208,307,269,152
131,458,552,202,520,661,106
312,654,2043,1990,1361,1173,1115
176,599,1355,646,972,678,30
185,271,2472,2487,2123,2524,2257
119,354,749,1624,1171,1256,1227
106,216,1293,1472,1830,791,1562
109,366,551,325,698,1191,233
38,190,1077,498,1395,89,177
116,455,924,778,190,1096,558
315,654,2255,1734,2024,1568,1503
213,654,2012,1267,1862,1498,1329
150,654,607,2055,2495,2235,2228
172,654,1168,888,1095,1953,1264
96,654,776,845,1286,1634,1537
62,654,1577,1294,1842,1327,1250
58,265,981,1226,977,1641,1441
75,165,658,718,621,1687,1915
365,654,2435,2455,2517,2351,2264
290,654,2256,2146,2333,2490,2490
180,626,1850,2050,1865,2199,2219
271,654,1198,732,1055,1167,1127
107,488,930,300,1041,2080,825
44,303,46,62,61,1437,404
237,654,2168,2474,962,887,2058
176,654,269,179,140,444,1
169,505,1358,1283,830,2032,1962
194,654,1335,1230,2081,2022,1843
171,628,1197,1026,1079,569,852
30,319,141,112,771,2218,1815
115,654,844,1891,1436,714,1438
158,654,2101,1474,494,541,416
23,482,188,121,152,51,83
92,476,748,986,415,1313,1050
272,654,1840,1633,1363,1291,1532
277,609,2218,1963,1393,901,1143
142,654,1594,1681,1152,1417,1120
122,654,1493,2173,2316,2441,2414
194,654,1848,2398,2463,2374,2449
97,501,841,2015,2014,508,1255
127,654,1879,2265,1705,1200,1273
146,654,1351,1748,1917,2240,1791
248,654,1995,1687,1914,2205,2162
74,375,1250,2385,1686,1186,1570
116,568,1254,533,978,1739,1366
45,654,77,722,2075,804,313
183,654,2159,1934,1999,1727,2298
209,345,889,1122,1126,1741,1295
263,654,2102,1537,1267,228,967
348,654,2425,1738,2160,2507,2143
34,28,176,101,15,961,700
117,557,1238,1356,1093,2055,1410
194,654,2335,2393,2178,2474,1140
82,210,207,675,439,919,886
90,654,1039,314,1789,1483,1106
116,177,750,595,1364,1772,2022
25,654,28,47,336,1315,48
138,429,453,225,403,1433,887
275,654,2144,2054,1975,1566,1967
153,654,850,1635,390,373,347
105,161,246,269,531,1548,352
194,654,1064,1170,1569,1050,1759
5,295,131,95,90,324,287
106,654,993,1666,1104,590,1954
369,654,2505,2564,2585,2529,2471
309,654,1788,1958,1215,1203,1606
116,654,550,250,159,81,1
94,69,547,947,1896,2012,1932
166,527,1768,1522,1507,1876,1634
7,654,239,295,1290,706,600
229,654,1874,2163,1812,1916,1820
128,654,1314,1379,623,1423,1767
77,360,1015,671,562,78,731
181,486,686,634,734,728,1080
56,514,79,33,579,1296,205
18,135,47,280,209,481,226
294,654,2200,2373,2431,2534,2486
125,522,1497,588,1996,1824,1750
194,654,983,975,1005,949,1549
247,654,2100,2263,1944,1908,1921
69,273,243,484,244,1059,779
160,370,1063,1198,2142,2018,1709
151,654,1803,2059,1397,1493,1771
345,654,2219,2421,2429,2208,2308
185,654,2005,1783,1966,1644,2141
89,50,226,664,880,30,1
122,654,1090,1070,1227,2154,1129
173,654,846,1746,2424,2368,2101
181,654,1545,1749,1931,1602,2117
183,654,1054,943,102,943,1209
231,654,2011,2428,2290,2475,1804
90,535,2241,1859,1593,1366,1056
226,622,2065,2047,1431,1285,1299
194,654,1433,1348,980,1320,448
89,282,436,562,284,563,355
295,654,2506,2277,2408,1677,2271
116,469,590,1167,1315,1668,496
56,267,485,1257,743,316,1
107,309,285,170,92,267,254
137,654,1301,1451,1091,1248,1285
264,654,2371,1439,2071,1883,1613
74,654,370,307,626,1260,986
169,502,1913,2183,2136,1411,657
287,654,2097,1845,1543,2229,2349
335,654,2115,1334,1429,1414,1417
90,654,1393,1415,1730,8,631
150,654,866,1271,1603,2316,1640
237,654,2176,1618,1533,527,1093
289,654,2484,2448,2292,1781,2422
169,654,829,617,1008,1013,1346
106,654,227,146,150,468,1
57,40,500,2074,473,50,240
104,654,898,1275,643,2380,1689
294,654,2432,2298,2182,1767,2253
101,384,971,796,943,456,1420
247,654,2131,2234,2154,2155,2350
264,654,1797,1353,1031,549,552
128,654,990,916,1529,1308,1253
269,654,1390,1556,1785,61,1157
287,654,2098,1643,1742,719,1168
320,654,2473,2257,2385,1632,2458
153,654,1122,1948,1231,2030,1992
35,654,599,412,591,1579,947
153,399,1709,1661,987,975,1320
61,100,374,425,421,198,161
98,654,503,255,406,966,301
133,219,1483,945,60,1323,637
303,654,2391,2454,2574,2035,2256
185,654,2071,665,2403,402,290
6,407,247,558,681,1418,1214
43,218,963,439,178,240,98
116,491,1674,1232,1414,1166,1700
143,654,698,728,2153,1007,1201
67,108,34,99,8,266,1
154,466,1183,1292,1913,1802,1735
239,449,915,1090,718,1183,940
50,654,121,89,261,1066,673
131,654,1027,1130,575,888,380
82,258,941,1597,1881,2364,2237
183,654,1538,693,1819,1757,1179
107,327,487,1030,1653,1799,1128
316,654,2408,2432,2510,2094,2321
372,654,2582,2509,2417,2548,2053
153,654,471,118,52,575,358
113,241,719,2010,1583,1088,1653
225,654,816,504,410,665,311
176,654,720,876,1897,1039,1449
34,70,23,194,50,2131,1327
223,654,1597,1418,1908,1216,2040
105,285,1180,915,1459,238,1
146,654,2037,1849,1799,1783,1655
159,614,1463,1847,1177,1396,1546
141,406,508,601,347,434,368
53,49,98,94,157,1408,377
239,654,1186,1498,1893,809,1246
77,151,659,437,802,725,91
167,654,949,1760,367,495,126
22,110,32,38,28,69,19
194,654,1934,1413,1024,2224,1797
284,654,2225,1900,2295,2105,2285
13,293,167,137,296,342,1036
28,24,29,107,107,513,128
243,654,2437,2112,1754,1559,2224
239,654,2032,1785,1225,286,611
313,654,2150,1521,1851,1190,1069
342,654,2483,1538,1595,1661,806
195,654,2114,1650,2302,1494,1728
304,654,1953,1722,2349,1861,2155
135,509,1265,1456,1498,2107,1324
89,654,100,752,1769,1343,672
58,84,458,1320,1587,1465,1210
176,654,736,451,117,584,962
222,654,767,771,727,882,661
153,490,757,2111,875,1255,1193
254,654,1486,2400,2393,2344,2244
77,122,406,648,860,1529,1199
275,654,2301,1567,1765,2430,2075
142,654,1264,1757,1547,1082,891
248,654,1583,1936,1915,1834,2015
151,654,301,447,1410,273,10
136,280,1069,1895,584,1184,1579
116,654,437,442,951,1046,827
131,654,687,187,127,232,1
219,578,1964,2207,2215,2342,2266
39,178,1604,2076,1010,1983,1089
236,654,1219,976,859,556,349
181,473,858,1858,1875,1679,2032
116,654,294,1273,897,812,1151
125,654,596,978,1337,482,851
236,654,1999,1261,850,681,147
181,529,1689,2078,2133,1696,2027
94,434,412,304,265,44,342
132,340,884,799,1101,936,487
222,654,1679,2006,1134,416,571
78,654,1267,966,1256,865,1298
209,654,2496,2228,2213,19,1310
125,654,1415,497,1002,1102,680
151,654,1898,2338,1648,1383,1868
78,82,1708,1763,618,94,2203
123,654,1901,2130,2489,2059,2034
39,654,286,77,1509,651,67
51,421,201,223,82,956,365
116,532,397,603,364,1991,674
194,654,1910,1942,1040,1578,543
19,35,14,83,32,649,390
141,654,513,632,1357,1648,1101
66,644,132,233,1548,843,456
147,530,414,444,501,764,667
97,474,907,427,744,1100,902
141,380,2166,2283,2421,2373,2088
64,654,62,50,328,201,46
255,654,1535,984,401,161,246
158,547,2270,2443,2464,2033,2289
64,155,360,120,173,59,1
267,654,2303,2368,2284,2207,2368
219,604,2173,2110,1540,484,1823
70,88,278,586,161,1213,804
149,568,1096,1162,580,1711,1525
149,509,1737,1754,1403,1227,1008
269,654,2196,1623,1155,1061,1349
203,378,947,1022,1735,748,780
309,654,2467,1952,2104,446,1547
44,654,283,209,1141,1386,180
264,654,2081,1973,1350,1316,373
269,654,1170,627,502,524,670
120,654,762,502,682,1067,583
187,654,2169,1695,1813,1425,935
287,654,2379,2192,1856,1309,2070
321,654,2476,1961,2250,751,1338
26,92,108,657,321,836,1737
222,654,2300,2291,2183,554,1403
116,654,927,1371,660,1882,960
185,259,1199,858,1297,245,753
116,654,1697,1804,326,515,1019
151,654,1825,939,1084,1016,1300
43,125,42,344,314,585,1042
114,654,781,411,370,891,632
158,654,812,2082,1994,2563,1763
126,633,1461,1589,1579,1769,2408
179,654,1327,1526,1028,315,117
275,654,2199,1969,2326,1936,1828
215,527,1834,2145,1995,1421,1124
71,539,315,402,731,1093,694
274,654,1884,1045,902,545,302
29,654,448,431,728,666,285
82,321,574,911,738,2084,1372
205,654,2329,2038,2054,1384,1565
352,654,2576,2532,2159,2112,2278
226,611,1799,2013,2042,2058,1665
142,654,1167,361,705,476,162
194,654,714,944,870,208,86
70,515,477,1114,80,964,1045
52,373,908,1073,289,95,473
169,297,540,642,1608,1140,721
292,654,1557,897,1447,1407,937
127,654,1811,1159,956,45,256
287,538,2448,2379,2492,2337,2433
56,291,923,951,1501,1837,1996
316,654,2324,2202,2007,2111,2137
151,654,1793,2080,2001,1982,879
262,654,1774,1349,1289,497,723
63,411,640,229,277,885,981
90,316,819,1492,784,321,457
89,126,16,84,24,954,34
185,654,1677,1764,2526,925,995
58,300,1206,2258,1188,1564,2116
35,197,1003,1171,923,1570,1819
77,654,461,1584,689,664,1908
159,654,1165,1042,1073,1832,1279
268,654,1868,1310,2143,1435,1710
320,654,2567,2546,1980,2464,945
147,415,494,180,598,1077,218
292,654,2495,2270,2354,2471,2238
175,654,797,629,1526,407,383
203,654,1837,1646,1782,112,429
313,654,2195,2502,2270,1771,2262
110,247,794,1416,2201,2338,1965
237,654,2284,1918,1778,2377,1044
64,212,419,299,1058,953,884
105,654,645,736,804,75,293
228,654,1940,2007,2006,1345,1502
186,654,532,434,1326,52,188
108,584,355,448,1950,357,810
167,654,839,1233,1864,1718,1789
274,654,1900,861,1464,1241,869
123,334,1818,1545,1432,732,1940
105,194,1257,1279,634,1653,1849
160,654,1343,2003,1900,2172,2082
194,654,1885,1984,1755,1532,2010
201,654,1726,1153,1808,1864,1471
328,654,2456,2533,2504,2469,2480
265,641,2428,2266,2211,1374,2083
209,654,734,706,570,571,400
1,654,272,58,186,1126,315
117,654,577,723,1221,383,110
50,325,50,119,151,199,133
13,316,142,421,1489,645,808
77,654,999,283,1214,756,872
287,654,2550,2510,928,2568,1283
292,654,2250,1713,1279,718,796
348,654,2519,2499,2506,2584,2438
57,654,1246,1932,1154,853,1012
55,38,595,786,479,1390,477
145,654,527,921,1333,773,901
149,573,1235,1115,1349,898,1178
128,185,384,1276,1238,2127,1790
150,654,252,654,655,1877,1006
23,654,584,1051,852,1280,1314
39,654,329,163,181,617,581
198,654,1784,1873,1252,1751,2332
159,654,1194,1777,1616,1922,2233
151,654,1404,297,633,1985,1046
141,654,566,2308,2383,1928,2220
116,654,2029,1506,222,499,666
153,654,1178,1168,1806,2157,2197
1,654,222,87,719,388,195
127,654,1397,527,352,48,480
146,654,1201,1440,2117,1415,1964
185,654,934,2369,2285,2160,2390
155,391,1456,2048,1632,2081,2199
228,654,1701,2045,2348,1839,1914
194,629,1719,2327,2230,2504,2331
146,480,1055,840,1206,1246,794
80,277,180,322,672,133,169
209,654,1781,2377,2345,2270,2245
350,654,2353,2425,2553,2498,2430
30,153,251,262,162,381,427
146,654,1298,1669,1123,1585,1257
378,654,2572,2486,2466,2526,2369
23,35,6,43,2,5,8
215,654,1081,1072,469,1820,1396
134,654,1474,1136,721,486,483
116,311,938,666,188,47,268
160,654,1764,762,2011,902,52
138,607,1941,2191,1841,782,1030
105,654,45,658,208,2006,138
75,200,1363,1640,1444,2571,2355
194,654,995,357,1388,401,135
287,654,2016,782,1717,763,660
74,87,136,942,424,174,982
37,21,40,100,465,789,168
194,654,1144,1255,1020,689,526
1,654,110,16,785,3,114
98,208,1650,2011,1313,1466,689
116,654,958,234,189,82,155
194,482,1490,1677,1226,1791,1618
116,654,1543,973,795,412,747
160,654,962,856,343,745,59
19,440,425,409,799,284,279
84,654,2007,1387,2309,1489,931
248,589,2177,2310,2165,2234,2380
77,282,977,707,828,1134,610
35,115,293,321,567,682,722
35,55,60,81,137,880,394
18,654,97,141,1083,1753,784
211,653,2242,2387,2103,2113,2136
146,654,867,352,800,1424,1202
36,654,964,1422,2101,169,547
380,654,2552,2578,2561,2363,2419
334,654,2402,1832,1939,997,359
75,654,818,292,848,249,93
78,654,1419,1033,1759,1057,929
157,228,1075,1857,1242,501,535
104,654,327,568,158,170,506
77,369,450,1087,1749,1556,1455
55,46,27,80,26,118,36
146,654,261,518,1247,1165,590
153,654,857,340,1045,272,384
124,654,557,593,715,115,157
167,654,789,514,97,37,1
343,654,2578,2520,1672,2193,1198
185,654,1119,772,965,1129,609
208,636,1503,1660,1702,2592,1610
223,654,1987,1935,1840,2223,2059
84,169,312,1118,1491,97,763
108,385,523,594,640,593,811
135,509,1336,755,1781,1621,1154
55,112,178,472,143,892,282
141,654,2181,1166,2164,1196,1439
41,654,229,111,949,26,62
50,256,652,677,508,1501,798
158,558,1074,393,133,903,855
255,654,2076,1809,2380,2361,2386
219,654,1760,1922,927,1212,1367
128,654,445,237,867,1550,263
127,654,2454,1915,2325,2159,799
1,50,39,11,1,2201,446
153,654,1466,1295,1277,132,165
210,654,1410,541,973,702,910
239,654,1877,1444,1013,1329,809
106,463,727,683,443,185,584
63,654,1130,459,459,539,616
264,654,2419,2524,2433,1659,2252
267,654,2320,1145,1142,1654,1514
377,654,2525,2478,2544,2302,2468
153,654,418,712,300,389,628
76,146,575,854,474,1733,536
256,594,2185,2144,2281,2378,2290
1,4,71,4,54,779,372
205,654,2099,1923,1807,840,2020
359,654,2574,2542,1311,2582,1854
169,654,1430,2348,2130,2285,2279
191,569,1544,837,960,720,752
225,654,2121,1953,1635,1651,561
34,654,517,763,1287,1885,772
260,654,1473,2018,1365,260,1076
237,654,1632,1144,2299,2424,1591
47,654,585,499,843,41,238
38,34,56,317,417,1458,401
115,654,703,1027,1692,1441,1623
185,654,1838,2061,1035,2486,2282
243,654,2123,1184,1331,2086,1635
169,654,623,628,748,1476,386
287,654,2235,1776,1667,1178,1371
115,514,877,797,438,622,460
274,654,2227,2184,2494,2347,2102
205,654,935,724,684,86,323
207,654,799,1105,106,215,550
255,654,2138,2208,2018,153,1216
223,654,424,416,849,1135,1394
136,654,1386,1376,1026,1443,1132
243,654,655,1021,780,1446,1597
179,654,925,615,1504,900,699
116,654,878,285,1780,829,1123
165,506,1977,1228,1080,781,1484
313,654,2340,2095,2449,1187,1894
116,284,2068,2305,2339,1676,1399
194,654,1753,1151,1645,1419,1861
50,535,804,370,363,811,339
59,561,792,1488,1843,2049,1775
20,247,672,1223,43,860,760
84,654,638,329,1679,762,270
48,433,17,206,600,568,441
125,654,1112,1743,1376,1430,1588
18,368,199,88,25,27,1
94,358,1462,1919,1325,2045,1998
207,654,2078,2105,2384,2433,2249
57,232,593,1351,1283,831,1702
237,654,1889,959,1539,979,1461
55,50,147,162,67,533,241
1,545,155,66,525,1148,1104
77,654,822,360,862,207,80
23,140,509,365,146,573,485
1,13,73,56,412,2197,1013
82,460,1231,1501,1064,2128,2050
136,131,238,1449,904,955,865
109,352,817,1339,404,1109,759
116,654,643,842,1342,368,1
13,31,43,26,65,438,291
176,654,1239,2226,1941,2213,2172
237,654,2070,2020,2291,2465,2260
48,654,432,455,1354,121,467
185,654,1409,2200,2239,2002,2114
194,654,2423,2404,2055,2311,2091
282,654,1971,1744,2402,2341,2248
179,654,1786,2116,1059,1038,1688
57,147,236,232,513,1745,646
64,7,24,1291,260,449,1386
127,134,1261,1610,2121,610,1297
293,654,1488,1429,1604,1941,2098
151,583,1255,488,1745,772,1043
63,72,184,155,27,28,1
292,654,1867,2418,2217,2339,2301
98,654,697,967,446,1289,1233
116,654,1071,1218,1800,1738,2006
142,654,1313,1782,884,1932,1007
130,443,1672,2409,2171,2442,2385
67,186,394,303,592,848,881
149,654,1406,1039,1677,1301,1778
84,654,1514,578,767,323,68
123,459,1647,2042,1495,735,1862
43,654,1009,554,534,1784,817
138,424,629,788,628,685,109
146,654,1961,1066,183,167,601
185,654,1939,2236,1550,648,2193
41,93,667,1573,420,1053,413
166,654,1420,1964,1496,1273,1679
19,654,19,838,1160,1964,1601
107,372,510,572,100,179,1
194,654,1759,938,2266,803,1365
213,654,1644,1634,1869,1105,1533
52,654,1166,508,1596,652,928
307,654,2464,2450,2442,2484,2401
181,654,2325,2431,2356,2122,2076
75,654,936,1664,1541,825,777
193,654,2460,1765,2146,2203,1971
16,256,235,927,226,354,371
215,654,1471,987,1106,403,737
141,579,1423,1099,546,405,820
166,654,1270,1840,1249,1552,1893
247,654,2008,1889,607,1775,1526
146,654,1282,1883,1690,1871,1969
1,2,63,3,10,2586,996
7,399,332,1272,561,1249,1318
327,654,2512,2470,2565,1789,2432
194,546,1881,2150,2381,1994,2139
100,362,2027,1247,392,1748,1733
331,654,2486,2390,2523,2198,2453
116,654,578,362,550,96,54
116,654,961,767,711,863,618
146,654,1862,1885,661,369,1121
151,654,1586,1876,2063,491,1362
108,461,783,885,617,1691,1957
116,423,1008,559,1122,868,1317
179,654,2230,2402,2355,2004,1910
128,600,894,236,476,63,114
236,654,1938,2522,2419,2421,2184
78,536,1743,1696,1129,1809,1997
142,599,2318,2362,2324,2226,2033
55,275,1048,1200,322,1359,1238
236,654,2019,2311,2436,2016,2387
185,654,721,862,1102,1807,1697
82,654,289,440,361,305,299
77,536,375,441,320,736,1131
160,512,1718,1878,1775,1580,1066
222,654,1857,2185,2347,1257,1280
30,125,234,108,38,1403,216
138,276,854,1904,893,635,782
209,654,2328,1830,2227,721,2148
44,206,1065,1108,490,799,1142
131,327,1042,1452,827,496,815
43,654,316,78,192,40,1
34,408,798,49,48,10,114
239,654,1720,2290,1538,1892,1706
106,329,359,1607,58,68,275
4,562,134,19,907,335,533
115,654,1158,2302,1103,2381,2362
34,654,240,1716,1472,1397,1719
239,654,1638,2460,2511,2437,2456
223,654,1683,2281,2395,2343,2183
256,475,2481,2507,2563,2546,2475
45,287,183,169,304,883,453
299,654,2096,1380,936,1462,1355
19,654,161,70,955,55,17
288,654,2013,1590,2088,2253,2397
125,654,1993,2303,2125,2453,2330
18,41,78,181,205,214,6
175,654,1172,1385,1185,641,980
183,654,1905,1009,1271,817,408
230,654,1207,1321,1347,1611,1845
131,654,1653,2147,1392,1629,2182
267,654,2469,2459,2440,775,2295
350,654,2549,2324,2410,2348,2398
56,654,193,110,1295,813,520
104,654,1428,1751,1924,2296,2067
188,654,1988,1048,1004,816,622
216,654,2193,2094,2276,1995,2297
243,654,1986,2296,2137,1071,2188
150,654,1220,1819,1524,1848,1842
123,229,725,631,332,686,38
90,654,1350,1001,1341,2169,194
56,654,1316,697,861,857,579
55,253,298,220,318,353,326
206,543,2317,2253,2394,1631,1975
47,654,586,709,1322,1253,924
125,558,1417,1939,1961,1023,1701
266,654,1526,803,666,393,387
185,654,2006,1466,605,586,336
153,418,1200,1331,1666,352,1256
243,654,1139,765,241,631,612
105,183,1277,2085,1340,1895,984
158,654,1076,871,62,110,26
183,654,2152,1549,1601,222,946
70,144,1248,1345,1308,976,775
115,576,2187,2216,2031,2366,1636
328,654,2447,2391,1876,1873,2477
153,654,512,636,441,589,955
194,654,976,1789,1011,1181,369
70,318,365,151,486,173,132
146,314,1089,1871,1703,2293,1551
131,654,1739,1034,1222,2173,837
20,60,257,694,1418,1561,1852
116,654,2118,2203,1965,2188,2319
90,654,893,1213,1658,1176,652
203,411,1017,1097,2272,2013,1646
18,654,1035,302,498,190,415
123,654,1067,703,341,356,702
213,440,2323,2414,1827,2334,2212
125,654,145,261,337,1429,433
116,654,1315,1161,878,1565,1301
169,654,1578,2238,2082,1276,1453
261,654,2361,2294,2483,1725,2165
153,654,1504,1069,1296,523,471
111,426,635,668,670,717,164
116,442,333,831,775,489,209
145,173,482,917,1280,2124,1891
172,654,1274,519,1362,700,530
17,154,114,142,86,792,863
106,654,620,1277,929,2420,1550
125,504,1376,901,1570,361,1244
23,654,225,318,11,123,114
116,654,656,381,1219,219,271
116,654,740,1401,1951,2241,2145
273,654,2334,2519,2444,2369,2505
325,654,1897,2360,2373,2423,2455
365,654,2561,2549,2451,2570,2272
106,654,426,401,195,158,544
185,654,1308,464,276,77,40
50,654,1489,2218,1094,988,1739
127,654,705,802,1078,687,1185
125,536,1684,818,803,910,163
160,374,290,774,235,1188,102
92,116,264,844,511,674,144
85,654,317,893,1465,771,412
116,654,996,621,1413,435,1586
364,654,2547,2582,2568,1980,2491
57,654,94,132,629,279,31
176,654,1819,1140,919,300,623
90,654,1527,1825,1724,1833,1519
153,654,1804,1465,1623,1409,1373
137,654,966,422,1115,443,726
146,654,1294,116,21,148,1
125,244,689,1333,691,1026,289
185,654,1150,1215,764,776,829
144,420,1056,1270,1037,1432,1812
74,98,216,663,360,1015,1
39,243,454,931,679,1762,1037
278,645,1921,1774,2337,2011,1924
374,654,2588,2561,2028,1224,514
93,266,548,182,920,339,1
153,654,1581,1937,1090,2590,2109
254,654,1437,1737,1422,785,1405
158,654,1715,1417,1588,2070,1437
125,471,1007,1134,1257,1107,1009
137,654,872,868,885,1664,1150
176,654,1968,1880,1855,2449,2104
185,654,475,727,587,292,463
74,654,554,1759,1659,2282,1364
229,654,1530,1360,2485,2550,2047
145,654,1589,1335,1721,1495,1425
14,39,195,367,98,1852,1336
51,654,639,660,1109,116,203
146,654,1735,571,733,211,521
345,654,2465,1837,2198,768,2073
74,654,1352,2106,2200,2409,2243
70,90,172,970,331,1497,1738
55,324,308,135,167,553,4
194,654,2052,2295,2256,2252,2201
110,654,385,1124,976,1294,1217
142,370,295,191,33,1022,219
262,654,2142,2353,2353,2185,1528
243,654,785,1960,2225,2190,2016
67,109,610,1855,1248,1361,1961
94,344,1057,1004,668,227,816
19,654,1102,22,239,87,114
94,203,633,463,606,99,35
213,654,2322,1389,1720,1450,1189
194,654,2345,2161,2247,1614,1928
185,654,801,1287,777,1935,1391
290,654,2304,2103,1960,1398,1563
77,423,982,1702,2407,2485,1909
239,654,2036,1899,1751,1623,971
55,112,126,136,197,520,131
175,654,472,1509,1599,761,933
166,484,1635,1606,1375,1795,1664
86,654,325,328,1711,548,499
50,654,52,69,429,377,418
194,654,1935,1308,1968,1779,1560
286,654,2443,1994,1932,2177,2344
205,654,1795,1393,1487,958,988
43,654,627,171,1435,224,114
50,654,899,1480,1695,2231,2077
248,654,2297,2030,1611,1394,1925
219,654,1457,742,1048,670,985
380,654,2570,2581,2589,2538,2492
121,364,1163,1628,1956,2365,2061
158,478,615,1733,2034,1903,1937
127,654,1091,1676,981,1254,1466
69,654,372,366,1186,592,545
142,468,1651,1851,1192,2219,1764
281,654,2083,1865,2493,2066,1698
116,654,117,1133,1456,2321,2177
194,654,864,1694,2365,1686,1884
75,654,810,513,149,531,778
147,654,1240,829,1138,239,210
195,654,2280,2264,1764,1949,2196
116,654,1148,2178,1986,1533,1581
1,94,231,51,108,723,296
274,654,2009,2169,2106,1997,2110
255,654,2298,2426,1490,805,1429
264,654,2246,1483,1592,1886,1871
153,654,1286,582,302,120,186
123,162,466,1250,614,270,208
264,654,1721,1547,1805,1619,1489
299,654,2395,2273,2032,796,2284
135,390,1738,2179,1989,2267,2283
315,654,2350,2573,2552,2551,2374
141,616,1871,1517,2204,1907,1457
74,187,120,692,56,1660,959
215,654,1630,1450,454,1918,1611
77,654,367,864,751,163,187
209,367,1205,839,882,777,602
292,654,1512,1355,1053,1048,1800
70,654,388,1319,1753,677,211
339,654,2457,2288,1940,2417,2012
158,654,1602,792,274,202,18
128,654,1181,224,1229,909,393
105,535,745,2240,425,2021,1848
165,308,1010,1428,1508,550,1325
146,654,2410,1741,2460,147,1162
330,654,2569,2530,901,2581,1351
366,654,2544,2511,1318,2583,1621
23,184,442,335,210,2091,1160
123,654,771,1561,1023,632,1262
57,654,670,435,794,1090,459
1,15,124,13,12,695,253
108,406,1339,1586,1439,1340,1559
183,511,1372,1842,2041,2195,1629
146,654,573,708,122,318,569
246,654,2366,2123,2454,2518,2464
116,654,737,2235,1664,855,1431
291,654,2240,1914,2025,1370,1538
41,77,160,241,369,178,239
254,654,1421,734,1335,1080,853
339,654,2374,1957,1825,2023,2051
279,654,2217,2152,2529,2588,2393
303,654,2482,2287,2297,7,2399
74,416,1909,1421,1473,1081,494
286,654,2485,2586,2534,2540,2493
51,355,351,574,2089,1749,1674
141,654,832,1204,1370,2450,2150
82,654,649,248,543,58,160
194,654,1643,1150,971,1541,1211
138,654,2111,2337,1519,963,1291
334,654,2397,1126,1606,1380,1108
243,654,2057,2187,2543,2250,2151
146,654,1648,1044,468,72,482
146,654,605,485,1017,1218,277
175,654,2245,2415,2378,2291,2037
74,654,210,1913,2300,1947,2035
84,455,1371,1038,676,311,627
30,204,324,1916,1150,1147,1505
304,654,2515,2563,2571,2178,2375
241,640,2156,1541,1687,2258,1724
321,654,2491,2466,2474,1805,2411
380,654,2579,2550,2576,1431,2511
292,654,2396,2190,2400,2121,2103
196,554,2232,1999,2151,2142,2186
272,654,2127,2084,2095,2393,2268
264,654,1945,1316,1597,1814,1695
133,654,1908,1805,1401,1803,2045
154,654,654,430,863,1175,905
296,654,1519,725,1571,588,328
131,231,467,1707,653,989,379
210,654,1631,2126,1515,1356,1240
173,430,1045,569,1211,1192,1184
183,654,2313,2491,2267,2005,2286
8,20,237,63,418,156,250
355,654,2521,2473,2446,2359,2461
281,654,1434,1056,1773,1258,1040
138,654,1193,1064,2391,704,1504
246,654,1997,1175,1528,2220,2269
146,577,2073,2282,2369,1573,2474
39,654,353,212,873,1210,1105
303,654,1915,2239,2097,1449,1557
108,654,1475,1949,1330,1853,1714
24,510,704,1471,1568,1349,2001
50,654,196,48,176,487,212
138,654,337,284,696,477,99
347,654,2580,2531,652,948,1
281,654,2046,1341,1552,2516,1875
243,654,2239,1989,1887,1193,2190
108,654,896,859,1682,1278,830
185,654,1579,1979,2145,1836,1662
281,654,2352,2279,2293,2425,2379
356,654,2382,1983,2209,1782,1359
138,259,2039,2401,1050,2288,2274
223,654,1104,1569,1572,498,225
131,654,1276,1902,1194,987,1015
9,285,882,1326,79,504,1133
19,222,636,200,59,841,114
300,617,2354,2376,2323,2370,2312
263,654,1952,2002,2090,1150,1982
210,654,1571,682,812,1626,124
146,370,457,1201,656,1201,1047
19,654,217,36,585,473,337
165,444,1833,1930,2091,2476,2147
207,654,1202,1998,1536,715,1540
62,654,641,1400,723,1099,976
55,283,64,67,680,2225,1331
237,654,1444,1205,1159,1391,1294
307,654,2409,1925,1867,1965,1824
174,337,2378,2381,2190,2512,1469
248,654,2059,1527,620,1299,1155
9,61,273,244,319,2326,1360
282,654,2263,2319,2296,2294,2140
182,580,1824,1630,1756,1479,1215
255,654,2205,1651,1328,74,1393
219,654,1140,1245,1656,2271,2081
183,439,1657,2181,2192,1317,2080
30,111,214,643,366,1101,1145
55,654,603,1464,1847,1268,838
185,654,772,662,1116,1975,1751
287,654,2367,906,1514,1378,1408
354,654,2441,2189,2115,2096,2254
185,654,1391,2180,2167,1605,1315
127,576,2090,2138,2194,2467,2124
345,654,2305,1286,1112,130,419
61,654,555,537,1173,1266,438
116,654,2135,2394,2166,1707,1651
286,654,2161,2256,2083,2167,2240
29,654,625,68,1000,1793,1487
149,365,1188,1296,303,138,273
186,654,1418,1780,1970,1736,1197
51,654,335,492,1446,2158,1501
99,654,779,277,436,452,589
369,654,2536,2590,2554,2510,2478
160,371,2041,1622,979,36,818
186,654,1690,1559,1471,2047,1930
120,339,2129,2195,1137,2214,269
262,654,2356,2134,2084,1562,1330
291,654,1695,820,1943,1217,965
107,468,1004,807,1253,1154,1126
131,401,558,1043,70,113,310
116,435,495,611,211,1547,655
99,654,1522,1554,2038,697,1334
369,654,2302,2194,1407,1470,1731
236,654,918,1557,1475,1499,1966
136,654,1438,924,1493,1438,1796
264,654,1023,257,214,560,523
1,119,41,17,288,1097,749
116,654,1612,1790,2279,1457,2108
128,654,980,925,736,1392,1267
23,654,1284,1931,1894,1467,1835
125,94,1936,2079,1662,2120,2204
194,654,1580,659,519,928,1110
176,654,1516,1015,1441,798,184
255,654,2259,1944,2139,2156,1458
229,654,1783,1503,762,1831,1456
200,654,1660,2014,2376,1743,2031
149,247,1154,2285,2401,2386,2340
106,654,1979,891,1607,1290,758
179,654,1113,1207,1760,187,663
132,565,1217,278,2396,2073,1419
286,654,2261,2142,2363,2479,2222
23,654,221,128,166,472,1
128,654,1929,2168,939,1794,1388
237,654,2214,1535,1135,1029,968
235,654,926,801,957,534,1807
250,567,1600,1029,1245,1594,708
318,654,2516,2525,2555,2414,2483
64,129,592,218,238,519,733
286,654,1849,812,1511,627,913
368,654,2534,2571,2548,2494,2420
281,654,2109,1638,1873,1847,1564
138,654,568,770,134,140,1
228,654,1923,2217,2175,1801,1094
287,654,2030,1700,1770,2238,2247
117,654,1625,879,815,1143,1171
116,424,919,1298,891,512,771
115,654,1617,543,456,619,325
264,654,2248,1432,857,1672,1673
35,59,21,105,91,1003,426
256,654,2106,1793,1589,2126,1524
55,654,1610,2073,851,1335,1165
244,654,2290,2211,1935,1381,2087
267,654,2035,1274,1033,1074,1147
243,654,2333,1794,2093,2038,2337
146,654,1777,1579,2427,2541,1552
194,654,2086,1455,1312,658,1232
176,654,1864,1402,1176,355,1181
82,160,299,377,899,1333,171
287,654,2172,1264,1860,1363,1808
116,494,888,1377,1291,969,1430
299,654,1982,1920,1535,1710,1912
255,654,2171,1843,1027,1988,1207
84,350,165,686,657,1041,1878
123,493,1378,1608,371,974,813
185,654,1723,1406,1559,1925,1960
77,514,480,227,229,119,875
128,654,1553,1437,572,705,525
40,156,671,410,1263,2468,1920
98,111,549,795,74,11,51
146,654,1175,2056,1844,2210,1786
222,654,567,423,391,298,29
188,654,647,787,1870,1934,1813
200,654,1484,1926,2319,1130,1863
153,522,1796,1304,286,698,542
5,654,152,577,451,970,1112
239,654,1232,420,969,372,1004
315,654,2344,2039,1629,1910,1780
153,654,871,745,231,182,572
330,654,1664,998,1574,1638,421
28,654,144,139,1189,117,56
299,654,1944,1481,1834,2082,1520
143,534,1033,1659,2132,1589,1933
23,29,143,214,663,17,329
219,654,2262,2034,1452,1486,1218
56,654,348,549,687,931,176
274,654,2541,2539,876,2489,1048
247,654,2281,1762,1861,578,950
146,654,1318,2407,2374,922,2107
69,172,497,1600,291,596,1599
165,590,827,426,145,306,178
239,654,1568,1515,2004,1950,1883
149,654,956,689,710,1307,715
203,621,2294,2139,2163,2182,2017
183,654,2429,2442,2425,2483,2324
229,654,1368,1214,1708,1014,1230
61,52,173,639,416,701,596
142,654,1040,1543,1191,1235,903
43,218,439,481,864,923,1261
288,654,2507,2472,1448,2300,2235
47,246,125,230,313,1319,679
84,654,1029,387,998,579,449
10,57,87,90,317,838,142
167,654,1348,2128,2467,439,1159
142,508,856,530,1201,801,932
115,269,460,256,826,2101,704
287,654,2295,2529,2580,2470,2402
128,654,1529,1717,504,463,476
181,654,2401,2388,2377,1009,1345
272,654,1956,1095,1882,1098,768
169,654,1705,1668,1930,2411,1922
210,440,2404,2129,1425,1401,1746
164,654,591,997,1573,1032,309
270,654,1129,496,866,557,346
64,349,398,641,488,1440,555
43,191,263,1058,1148,1587,1793
176,654,1563,1290,823,582,1344
159,654,1354,253,631,505,402
89,654,526,564,240,994,1368
78,470,228,296,478,2505,761
141,654,873,555,565,673,671
264,632,2362,1773,2342,2456,2152
186,519,498,883,340,834,364
46,654,230,403,1412,1202,392
64,654,245,158,2216,2292,748
41,654,795,1531,2120,1199,1103
127,654,536,211,630,186,1
223,654,1873,1539,1355,1306,1934
146,654,628,1305,2330,2138,1228
160,654,808,545,732,944,1034
35,107,189,109,124,129,1
30,654,895,449,833,234,192
116,654,1572,1441,1022,866,1083
94,654,857,863,512,1416,1602
41,150,774,1154,700,2391,693
134,605,1839,1445,2051,2281,2367
326,654,2517,2445,2479,2542,2509
94,654,1360,2118,2254,210,744
122,236,1060,1753,1696,1967,2335
277,654,2415,2410,2461,2400,2421
182,654,1623,2031,2197,826,2202
141,654,1001,1315,1172,1444,1976
86,456,1460,1125,462,478,1067
287,654,2095,2148,2158,1963,1254
169,511,1349,1580,1199,1726,961
254,654,1262,1740,963,1122,1545
237,536,754,270,387,1262,531
245,647,2439,2413,1657,1000,524
7,124,92,102,213,1878,468
123,521,1382,548,268,600,143
77,514,634,928,1234,1488,895
223,654,490,747,1437,2099,1670
228,654,2365,1975,2068,1410,1347
99,654,778,1384,938,314,350
75,500,1296,960,604,890,312
328,654,2477,2351,2545,2375,2364
203,654,2417,2479,2490,2115,2396
189,654,2062,1947,1964,2146,2100
160,654,1502,764,1293,750,374
223,654,1043,937,658,1729,1880
35,139,777,1822,1505,2429,1955
34,56,303,159,29,285,148
315,654,2444,2461,2257,2517,2466
195,584,1407,1519,1417,1043,889
115,140,428,293,514,2095,1389
42,152,190,272,989,1261,847
160,368,393,604,742,1879,1556
78,654,1965,1229,1071,1079,866
247,654,1356,2471,2389,1825,2407
287,654,2346,2475,2497,2303,2304
8,18,7,355,17,1044,114
84,654,680,610,506,668,223
149,654,411,315,224,109,32
143,533,1605,1766,2002,2313,1994
102,223,313,327,535,411,322
1,20,202,31,73,1145,1
146,654,544,358,76,191,516
359,654,1676,1050,558,1005,517
92,315,260,216,255,669,573
19,482,326,982,250,57,548
283,654,2349,2408,2486,2134,2276
116,530,1453,581,1072,859,1265
97,517,572,567,1087,1353,719
243,654,1895,2386,2509,1596,2370
210,654,1241,1156,1213,2353,1956
167,654,1523,1477,1877,543,1263
33,163,372,520,243,521,911
138,600,1755,1007,257,915,71
65,419,2017,1862,493,793,1186
146,654,1156,1581,1254,343,587
53,130,281,166,245,960,284
160,654,1692,2423,2397,2422,2389
107,654,543,814,774,345,92
91,392,814,590,763,765,594
176,654,259,480,722,248,398
229,654,1575,614,776,1468,1231
64,654,1365,1040,350,1507,669
150,592,1754,1594,1111,1369,739
281,654,2424,1729,2161,2519,2291
64,505,233,479,1197,800,359
45,80,57,74,126,347,1
194,654,1403,640,1715,1815,1785
228,556,1405,1249,483,226,466
277,654,1832,1905,1400,287,1480
116,248,1324,528,1224,790,1086
64,654,405,1343,1641,1666,1575
144,654,1902,1408,1598,1371,1678
127,654,1817,1523,2264,13,925
178,654,1366,1588,2085,1125,1892
160,654,1787,1835,1620,1747,1833
134,654,1411,1715,1665,864,1766
41,165,53,52,642,565,754
165,654,1307,2065,2331,2175,1716
367,654,2546,2518,2573,2062,2472
94,148,1070,1169,571,253,84
160,654,1249,1828,2086,1599,2021
116,654,1111,1906,1992,1091,944
108,654,668,547,1478,2262,1839
127,654,1652,1143,745,759,854
136,654,756,679,290,754,574
116,654,765,1119,1728,1973,1787
158,454,1645,1808,1921,555,1354
169,654,760,1592,1243,1523,527
277,654,2376,2363,2202,2237,1657
323,654,2518,2392,2387,1454,451
210,654,2278,2399,1204,421,580
108,654,1127,848,1317,896,1135
146,613,1375,1337,941,1132,803
172,654,1292,1183,845,2125,1779
1,15,250,8,381,1428,614
127,654,1236,1727,961,303,630
128,498,1691,2000,1949,1830,1694
134,593,746,468,611,1180,1100
287,654,2267,1328,1549,2186,1888
169,482,2224,2346,1791,1652,1732
320,654,2339,2062,1934,2497,1141
89,140,254,122,175,502,42
269,654,2306,1419,2311,2017,2025
309,654,2251,1615,2238,1513,1450
158,654,1566,1367,2065,1850,1864
207,654,1733,2433,2048,1761,2206
273,654,1822,2172,2340,2523,1978
247,654,1766,1246,778,918,564
148,654,2189,1864,1281,103,648
229,654,1714,1641,1872,1492,1270
131,463,1345,1758,1922,2009,2341
254,654,2077,443,1114,336,237
380,654,2575,2575,2590,982,2485
120,417,876,977,664,1114,435
106,654,2175,1886,1503,1362,1271
97,430,700,279,464,655,634
94,306,1034,462,1479,2050,1836
303,654,2063,1938,1820,1912,2092
298,654,2509,2318,2286,2129,2057
282,654,1959,758,1276,636,1241
116,654,699,1582,434,1174,1117
210,654,2273,2108,2344,2418,2229
183,654,1311,1243,1100,1084,1068
138,654,1830,613,869,1116,1224
116,654,743,1020,225,134,115
181,507,2110,1769,2124,1480,1986
61,314,346,273,330,546,724
54,180,598,1018,1032,833,745
234,645,2038,2049,2186,2093,1968
172,654,1256,1259,1506,313,462
210,654,1747,1778,1351,1755,1379
195,445,2151,2321,1895,2379,2181
286,654,2426,2430,2371,1042,1851
35,19,25,489,389,429,1
205,654,646,458,759,307,214
247,654,1854,2300,1857,1518,1658
43,343,444,1221,461,2216,327
380,654,2479,2562,2507,2547,2440
287,654,2154,2272,2350,2151,2138
35,73,211,2153,1156,1515,1361
18,32,270,544,22,216,82
105,345,336,1081,839,1698,1661
94,654,1000,2177,1621,1888,1840
273,654,1776,1955,2232,2345,2303
158,587,1342,805,596,145,729
116,63,162,382,101,197,638
267,654,2466,2098,2327,2057,2171
329,654,2503,2467,2538,2325,2412
309,654,2455,2483,2516,2168,2442
355,654,2373,2463,2472,1714,2134
1,20,241,61,952,1321,14
122,504,1179,971,1054,1195,1258
25,56,300,186,41,639,1
298,654,2492,2534,2537,23,2460
94,654,515,860,533,1608,1402
20,76,122,298,1070,1937,1163
43,654,90,104,398,941,1102
222,654,1665,1370,708,1034,954
61,68,113,45,171,34,1
19,89,119,23,194,1153,1
43,654,198,188,528,1377,58
106,50,279,1104,801,2286,1195
25,45,546,1453,383,391,491
264,654,1678,1548,1250,209,173
328,654,2045,1679,1933,1510,1593
194,654,1242,1431,896,699,821
138,654,1547,940,1265,1461,1401
301,654,2268,2367,2241,1219,1544
151,654,1398,1179,994,951,1182
360,654,2211,2434,2521,2553,2405
84,435,535,620,1557,1002,406
162,654,1011,910,1488,1734,1531
368,654,2587,2528,1977,2398,781
106,654,421,884,769,634,894
369,654,2526,2566,2570,1382,2378
146,654,1520,2166,2039,1819,1011
175,583,1084,1591,1534,1857,1943
89,654,630,1562,1521,2133,1938
98,654,716,1962,1305,338,1335
339,654,2422,1075,1492,1914,846
117,357,506,334,93,904,265
111,654,701,1047,1833,2392,1652
262,654,2321,2355,1988,908,1096
93,654,323,73,230,337,274
228,654,1310,1314,1012,2491,1919
44,162,1031,964,888,1209,1071
86,141,187,371,453,457,1
94,162,1326,816,1246,839,1173
201,625,1903,1941,1903,1004,1033
159,654,1533,1016,1670,1920,1534
153,366,1815,2465,1353,1448,2064
203,654,1477,1425,1937,1898,1890
90,654,504,535,529,276,166
69,548,1117,1324,1193,1283,1017
226,654,1767,1632,1382,807,1313
288,654,1821,1924,2150,2376,2267
355,654,2589,2553,2336,2439,2328
127,654,1013,587,933,1451,498
106,446,813,573,649,1459,1220
77,363,1120,2326,1324,1604,1385
181,654,1506,1491,1700,418,1269
39,654,1124,152,602,659,1
220,654,1736,1238,1367,1894,1659
146,654,1472,1410,1655,1506,2079
116,654,933,510,170,522,79
146,654,2107,1139,1306,225,501
207,654,1285,785,1262,1197,874
38,25,401,849,825,1770,1712
107,397,484,701,248,746,181
21,36,164,1195,499,256,149
128,654,1440,704,1096,935,443
170,503,773,609,1411,924,650
294,654,2431,2354,2434,2515,2416
183,654,1983,1486,1038,884,1648
90,544,597,264,379,223,409
320,654,2134,2541,2453,2525,2439
160,540,1509,2023,1614,1453,1308
160,654,1289,1203,518,815,1765
332,654,2451,2333,1985,162,1838
186,654,875,1986,1883,690,1477
158,654,2105,1874,2118,2560,1801
64,143,284,979,294,341,478
31,278,128,291,219,71,626
138,654,824,1629,2059,1709,1566
156,249,1974,2286,1323,1326,247
105,654,1569,1818,913,493,844
176,654,1280,2160,991,1464,1529
99,654,718,260,95,39,1
194,398,430,1672,1218,1900,1200
182,654,2024,2041,1845,1263,2054
268,654,1856,1553,2305,1542,1667
128,370,306,1109,569,827,280
338,654,2215,1683,2341,2265,2195
185,654,1135,546,578,396,130
160,654,959,1411,1926,1766,1622
76,133,417,267,147,460,222
173,654,662,445,747,629,112
44,329,539,857,272,453,454
138,654,869,529,1445,1149,1152
12,379,18,44,103,6,25
146,654,2275,2170,1722,1119,1205
116,654,1373,756,1180,2301,1097
1,11,70,14,49,22,141
1,5,44,32,77,131,255
146,491,1014,1965,2358,2315,1768
237,654,1541,2269,1886,2454,1977
142,342,1744,1784,1723,869,1485
298,654,1451,1507,1726,1962,2120
39,95,732,332,1303,2562,1691
82,654,1136,1116,950,544,1644
165,518,1870,1516,1470,818,1747
181,654,1960,2093,2418,1477,1188
116,654,1340,1981,2029,1142,1494
264,654,1464,920,537,387,738
160,654,1531,633,1133,2041,1669
287,654,1812,2233,2009,2132,2026
14,97,83,76,223,913,1527
138,654,1442,739,912,2043,1319
18,654,524,1074,1062,602,1125
84,654,1281,1079,1175,992,861
292,654,1809,1111,871,739,710
218,549,1922,1459,1747,2478,2039
158,654,906,1164,1348,606,1113
84,654,386,830,433,1011,746
39,654,632,1067,236,1060,492
167,654,855,625,639,679,606
117,654,338,54,271,734,97
97,654,282,373,781,1427,843
186,654,2438,2243,1814,595,1098
122,268,342,623,495,404,909
194,654,1596,2104,2107,1405,1999
153,654,1160,1970,2119,2327,2192
104,654,978,389,1145,193,73
194,654,2094,2051,2173,2466,1946
292,654,2381,2361,1776,2008,2180
122,654,1685,1718,645,2001,1486
281,654,1182,719,1255,1404,305
88,159,1012,811,1384,1607,2071
55,654,154,201,2045,1859,1229
131,654,363,652,72,126,431
81,263,322,399,358,1230,718
274,654,1187,263,737,587,170
380,654,2554,2591,2588,1348,2481
254,654,1271,1798,1639,1242,1645
330,654,2532,2417,2287,2256,1492
77,166,1364,2439,1642,490,802
223,654,2347,2375,2221,1574,2343
117,496,1748,1014,431,358,534
57,215,811,753,141,49,553
161,602,1505,1730,1858,1675,2014
45,468,913,1611,1971,1373,1463
153,391,1562,1620,1868,2565,1990
105,654,1882,2143,2269,2506,1638
281,654,800,809,455,692,741
296,654,2288,1879,2361,1996,1886
84,654,1306,1502,1688,2295,1462
108,654,274,418,1633,229,353
207,654,1422,841,1553,2109,1647
183,654,106,183,131,237,88
165,654,786,1476,834,1204,683
116,654,1196,1631,2220,2531,2356
74,261,271,828,375,1322,948
149,654,1107,1220,1585,1341,1536
39,654,1646,2449,1974,1952,2115
106,270,657,1487,530,529,331
175,654,2264,2504,2364,2458,2462
131,353,900,354,442,2579,765
287,654,2276,2323,2312,2222,2501
213,654,2475,2419,2484,2323,2280
290,654,2494,2501,2491,2544,2510
194,654,1775,1829,1905,819,1026
205,654,1275,1536,773,1906,1794
108,654,696,749,1065,419,288
35,217,441,157,227,42,330
273,654,1552,598,1168,175,66
255,654,2427,2535,2179,2164,2366
116,654,830,1397,1794,1896,1729
255,654,2164,1211,954,189,566
27,26,611,1493,599,142,1081
136,654,1980,2040,1838,2063,1941
199,639,1560,905,1468,1206,1175
210,654,1675,2057,1216,1482,814
299,654,2192,1209,892,1788,1569
194,654,1387,2292,2298,1917,2174
247,654,2389,2517,2321,2019,2261
17,121,146,131,42,24,324
194,654,2021,2071,1668,870,636
222,654,1447,2345,2283,2165,2013
125,654,181,532,527,76,13
227,654,1976,2175,2237,2290,1726
128,326,902,980,1763,2299,1400
131,654,1841,1146,1081,577,987
82,525,1846,1378,333,784,888
63,149,287,1448,922,1490,1795
281,654,1880,1078,2056,2104,2043
116,216,320,823,201,1588,1687
74,455,648,870,1343,1086,1672
213,654,1607,2276,2052,1681,1899
116,654,1062,1619,868,1064,586
179,654,1357,1227,735,1331,1087
265,654,861,806,1379,397,267
219,654,2383,1688,532,1639,1307
368,654,2524,2556,2557,1089,2454
78,286,738,821,339,507,396
166,654,2387,1841,1849,2328,1988
25,47,218,1322,472,151,776
123,527,507,746,805,851,422
281,654,2359,2457,2317,2052,2418
131,225,139,124,109,894,1
140,553,1041,1003,1309,1311,1177
19,51,123,140,172,1033,442
43,333,692,115,563,1072,639
262,654,1496,1127,2172,1792,1744
183,654,751,909,357,1534,915
187,654,1629,1867,1650,1413,1500
145,654,1432,1103,1182,1606,1576
194,654,1962,2244,1912,365,1499
219,654,1694,1704,2174,2403,2275
97,654,988,1848,1377,1667,1844
43,654,30,71,540,778,1
105,185,909,1796,1460,2383,2232
335,654,2564,2565,2556,2528,2326
75,254,256,875,673,1445,1583
38,374,158,941,916,1657,1464
176,654,1224,1458,924,1924,1398
285,654,2508,2514,2500,2102,2019
16,68,223,193,267,583,1
90,368,522,1929,1582,1355,1708
178,654,1100,865,1270,1933,1428
110,654,545,618,701,1297,1475
368,654,2583,2580,2450,2492,2048
264,440,2489,2438,2457,2448,2250
74,202,534,1313,477,663,720
313,654,2337,2186,2261,1765,1513
176,654,1251,2237,1963,1645,2046
185,654,1943,1854,1691,1376,1382
128,654,2028,1394,1196,1516,1806
239,654,2285,1532,1466,656,95
137,654,713,1992,1619,1682,1603
23,654,169,873,944,1536,236
299,654,2222,1577,1119,1603,2002
141,514,606,1403,974,1460,2123
77,195,622,1102,798,2261,1901
179,536,1153,1414,500,1705,1870
209,654,1551,1647,1184,802,998
122,380,1546,1412,1671,1539,1472
149,654,1295,952,918,2085,1902
127,654,807,1173,1272,1189,469
105,654,127,167,789,12,113
112,393,712,522,405,274,512
23,184,483,173,115,999,687
249,567,1556,1525,1890,998,923
213,654,2202,1775,1787,2410,1760
116,654,399,148,1077,637,344
194,654,1789,2220,2023,1127,1654
116,471,1213,956,444,1640,1203
116,403,1085,908,914,1622,2133
166,654,2112,1897,2226,2322,2078
142,654,474,213,1260,740,332
14,430,307,324,2061,2585,1817
336,654,2385,2395,2432,2488,2467
333,652,2520,2299,2501,2434,2144
195,654,752,773,1563,308,198
116,499,755,575,1237,1635,1427
264,654,2331,2357,2271,1385,1523
117,434,1513,1041,609,1092,575
132,388,1229,1388,730,398,662
51,145,688,235,132,828,262
23,3,76,55,19,983,490
247,654,1337,1092,1716,2143,1397
80,330,354,760,1389,1854,1952
38,654,150,125,754,511,151
158,654,2000,1987,1852,2189,2311
70,654,835,1833,1380,985,2357
8,654,1109,147,2112,1742,397
188,654,1439,1077,1525,409,382
209,654,1954,1823,1316,688,727
165,654,787,996,958,1944,1541
243,654,2206,2271,1888,2228,2170
210,654,1399,895,1617,92,857
143,654,626,2227,1906,2098,2236
56,281,48,414,207,382,378
228,654,1896,1663,1822,1379,1517
48,649,960,579,593,1826,1625
146,654,1388,553,327,73,85
153,607,2146,1386,1416,991,876
291,654,2368,2212,1660,1977,2320
104,654,769,342,966,1630,725
292,654,2341,2570,2541,1750,2473
115,487,562,246,75,56,1
103,447,589,1390,1261,967,1432
35,132,608,651,1046,633,1617
125,654,2004,515,114,25,7
5,31,103,540,234,1855,1039
287,654,2207,2121,1153,2536,926
63,654,362,534,1474,1473,1604
160,654,1698,735,2070,1746,294
176,654,950,192,1520,850,1237
105,654,1162,1684,1555,2259,973
345,654,2319,2069,1853,500,1467
176,654,2074,750,1947,1993,1153
172,654,1159,1206,577,1073,283
228,600,1688,1652,2273,2332,2346
243,654,2091,1368,2043,889,1692
227,654,1899,1391,2280,1146,773
176,505,946,653,1369,1471,1275
97,654,376,175,995,638,258
99,654,940,1350,932,1422,1452
125,654,1018,1653,281,780,1343
194,654,1470,2339,2386,2280,2310
235,654,2220,1691,2252,1990,1627
50,176,726,743,564,1756,1973
348,654,2191,1731,1740,1221,939
176,654,1380,1982,809,1375,1412
236,654,1561,1237,688,1160,119
105,455,1383,471,515,362,439
99,351,1227,907,1442,1400,943
183,654,2069,2492,1850,2036,2302
117,654,1132,495,1239,1215,658
371,654,2555,2569,2578,2330,2506
151,654,2058,1309,1486,2245,2086
106,654,1890,1685,2114,2276,1846
169,654,1823,2206,1771,2462,1426
1,179,10,10,81,1402,1061
239,654,1844,1908,2176,1979,1696
247,654,1878,1675,1846,1658,983
236,654,631,589,263,344,1
264,654,2440,1750,2288,1593,1865
127,654,1682,1262,1714,1673,1711
50,85,266,494,199,1752,598
210,654,2190,1120,1220,2119,1222
308,654,2357,2328,2513,2067,2434
116,654,1618,2113,2127,2318,2322
262,654,2269,2476,2206,2431,2479
159,654,2155,1838,1777,2211,2338
194,654,2014,2063,503,2170,1686
48,288,357,1420,491,766,1454
277,654,2299,1712,1744,410,832
229,654,1599,1888,2026,1692,1757
116,654,151,1468,1647,2114,1535
116,262,1176,2411,1605,2362,2176
145,654,1517,638,1788,567,576
104,218,885,887,844,1689,957
314,654,1791,1216,1640,680,1090
1,120,478,72,142,2535,992
205,654,2326,2325,1946,1699,1287
116,366,1542,1307,752,628,934
127,654,1141,1616,1654,399,949
51,654,742,424,1310,671,735
374,654,2590,2544,2462,2298,2060
84,455,1005,454,583,271,432
105,654,681,1135,1669,2272,1740
116,331,1614,1560,1274,425,716
255,654,1174,1423,898,749,791
169,654,614,149,1021,4,94
137,654,542,1910,1284,1712,1459
138,654,1426,1721,1560,1177,963
1,8,95,41,262,2591,1242
3,537,96,30,624,108,539
320,654,2332,1756,1458,607,1158
320,654,2538,2526,2437,144,2246
131,654,1347,2197,2244,1828,1816
62,114,352,1512,1839,2046,2028
142,654,1049,714,1578,770,425
210,654,914,1110,1512,480,229
351,654,2287,2188,1818,1764,1742
320,654,2003,1019,1981,1670,1070
229,654,1524,523,608,283,541
87,123,1087,1475,757,1152,1248
324,654,1300,526,1009,376,206
112,654,1338,467,964,149,232
160,654,660,375,221,1214,249
215,654,2277,2155,1779,1636,2178
97,387,600,890,905,2356,554
210,654,2023,2371,2473,2477,2392
292,654,2501,2484,2452,2227,2424
146,582,1591,1896,1739,2255,1803
149,436,621,740,1565,327,567
82,361,137,96,160,177,1
158,292,1554,1132,1457,2031,1219
142,275,842,1735,1627,1856,1917
186,654,1633,1141,1546,2194,1311
160,654,1333,1682,2314,1030,705
185,654,1829,1395,1566,128,191
75,654,505,313,1832,247,577
108,654,763,616,840,713,447
275,654,1906,2249,2235,1272,1830
107,654,943,320,400,886,510
9,29,1128,1511,233,2578,762
64,435,344,892,1803,2357,767
37,394,452,551,1108,1575,1703
1,12,36,34,693,1155,938
125,654,987,1665,1251,1616,546
85,294,379,461,796,294,244
140,654,1394,346,1371,1350,916
176,654,802,2019,2116,683,1078
31,417,805,934,992,1388,842
77,105,68,144,308,1475,252
152,654,825,1954,1405,291,1031
320,654,2296,2114,2456,2500,2153
176,654,311,761,396,475,504
90,654,706,1399,1015,1094,858
188,274,350,1330,911,1811,1776
34,66,72,28,9,233,1
194,654,665,1057,1628,1969,1631
323,654,2400,2274,2481,2248,2388
179,654,1361,1752,1485,2034,1931
77,555,1189,1943,766,630,1144
288,654,2310,2437,2246,2513,2299
64,102,153,1381,1082,1851,235
368,654,2343,637,1624,938,391
121,585,249,160,45,88,1
105,416,690,930,616,526,1856
282,654,2258,2159,2310,2576,1810
146,205,564,2083,646,2406,2325
125,654,780,1112,703,1076,873
67,654,309,243,432,1456,921
319,654,2480,2506,2542,1244,2476
77,127,102,1583,1480,1846,1872
194,654,2087,1552,1564,488,1832
107,654,770,1002,926,1590,1251
169,654,1195,1165,2155,1228,1326
260,654,862,2026,1811,2457,2157
159,618,502,737,1025,1915,1799
106,654,391,509,246,363,175
117,654,1924,1656,675,657,1052
63,654,1344,542,359,332,819
116,654,563,1950,1920,1592,2347
233,654,1780,1852,2152,1700,1577
267,654,2226,1739,753,440,1423
166,654,1894,2117,1368,2394,2497
346,654,2490,2396,2577,2405,2498
183,654,1851,2064,988,1966,1592
116,654,1155,1260,1558,2427,2094
39,79,678,726,414,1185,1149
194,654,1751,1846,1674,1305,1342
142,654,676,123,293,858,118
264,654,1978,612,1482,1037,607
107,654,541,889,1484,968,1312
146,654,1548,483,817,204,154
146,654,1731,1617,2187,1426,1378
64,252,618,247,44,552,1
179,596,1806,1160,354,1627,665
30,118,368,97,6,1284,1435
64,654,942,326,305,1420,644
287,654,2478,2435,2530,33,2200
50,654,1778,1705,1581,873,227
69,654,390,1364,139,1222,770
141,654,1469,1147,1299,2187,2023
82,451,758,453,2236,2068,1578
141,654,1858,1807,1925,2192,2111
320,654,2282,2193,2017,1720,2211
131,654,2092,1872,1443,93,736
74,418,693,2406,2072,2463,2317
237,654,1374,1571,1169,744,1122
193,654,2445,2464,2366,2495,2169
299,654,1886,2307,2189,1662,2187
274,654,1794,1235,819,621,89
99,654,848,1055,384,436,922
93,242,683,305,237,424,250
160,654,823,843,136,1220,307
75,550,973,1225,1128,1133,1906
149,542,2213,1670,1826,1816,1442
160,654,901,1540,982,1591,1567
41,570,741,228,163,1225,893
186,654,1321,1178,648,2264,1693
74,71,2031,2344,1636,993,1749
117,654,1228,1692,2111,2589,2041
176,382,1412,1187,1675,2419,1850
82,654,1114,678,1019,1528,445
243,654,1244,1648,908,2089,1350
115,654,1911,2422,2177,2446,2287
237,654,1454,482,886,1068,472
116,654,1116,524,228,824,678
56,65,486,1654,1136,581,1387
108,431,171,565,729,1118,1561
206,654,1565,695,881,9,24
321,654,2433,2489,2512,2520,2361
194,654,1845,2214,2439,1678,1984
209,654,1703,1928,1898,830,1206
203,654,1320,949,2282,905,1072
294,654,2529,2554,2528,1688,2159
205,568,1931,2032,1467,643,1374
255,654,1424,1289,1164,929,927
218,654,1655,1972,2022,2215,2351
215,588,1750,1875,1339,899,2156
136,550,1050,950,755,580,878
184,654,1636,789,1990,1346,410
181,654,2393,2247,2185,726,1942
146,654,2370,1625,2015,32,424
30,654,1097,1010,1321,1095,70
355,654,2502,2587,2562,1926,2463
219,654,2233,2314,2050,1646,2345
305,654,2289,1799,2275,1292,2065
111,654,1098,391,808,599,681
99,205,674,741,153,206,1395
155,381,1126,2335,695,921,1916
159,619,1584,1550,1634,1530,1650
104,576,666,855,496,1581,730
50,279,1770,1658,612,221,361
89,654,849,203,791,2048,1063
141,654,1734,711,1801,474,41
345,654,2056,1912,1428,1040,1107
380,654,2471,2331,2420,2447,2316
287,654,2174,1508,2375,2044,2044
181,654,514,397,345,667,338
213,654,1499,2250,1729,2244,2217
123,612,1555,1152,1016,895,707
73,83,115,106,270,423,156
116,302,1441,1706,1854,2145,2096
236,654,1756,2446,2199,2283,2069
243,654,2237,2070,1450,1293,899
34,118,366,113,88,326,647
116,654,1121,1123,426,1338,1208
229,654,2247,1052,1738,821,1021
185,654,2167,2088,2062,1948,1926
74,218,715,428,505,2130,260
1,1,3,9,475,2007,2005
24,654,116,336,942,1519,1332
157,651,806,1158,2303,1269,2093
50,283,51,27,34,124,1
116,229,1221,1454,1885,2191,1903
122,654,1445,2196,2218,2060,1720
228,654,2342,2540,2499,2514,2313
194,654,1367,850,1198,1943,1624
229,654,1732,2025,678,1931,1600
183,631,1937,1563,1815,1597,1196
153,520,2064,2001,2149,1921,1339
223,654,865,1627,1891,2123,1548
158,654,2487,2521,2482,2426,2258
310,654,2461,2219,2060,1875,2251
183,654,1392,398,548,375,60
226,654,1990,1578,588,1065,942
274,654,2540,2508,1125,2545,2323
138,492,1947,2259,2157,2040,1947
107,654,521,376,946,537,137
237,654,845,1306,2222,2382,1788
74,654,1574,363,154,290,833
56,654,677,783,397,217,395
186,654,1088,1870,1958,1881,2128
138,654,1061,415,1358,1347,1025
314,654,2143,1978,2129,1058,2062
149,654,724,599,1874,2206,1769
99,654,481,316,1302,268,1
350,654,1549,687,1230,98,9
92,196,378,935,1235,1162,1542
153,276,939,1405,1802,2404,1879
135,545,2034,1655,1497,437,1156
210,654,707,323,1518,80,96
150,430,1831,1373,1259,1434,990
194,654,1946,1884,2140,1930,868
380,654,2586,2552,2278,2196,2024
185,654,2231,2477,2013,2572,2099
272,654,2390,2016,1983,2149,717
93,654,148,348,200,413,455
151,654,1312,990,306,877,795
1,256,101,29,35,442,230
125,430,1500,1049,524,277,22
153,654,1481,580,1494,691,588
264,654,1883,1817,2223,1841,1683
123,563,1149,1129,1694,2074,1792
147,654,1948,274,1066,570,452
194,507,1876,1909,1463,1702,1818
97,320,728,1363,1003,758,1860
22,335,156,276,697,348,21
127,654,560,506,177,731,1
123,654,784,1812,2096,1858,1989
153,654,1413,946,1689,662,850
84,654,820,287,355,408,234
263,654,2104,2021,2304,2355,2404
228,654,2183,2427,2519,2396,2457
90,654,970,1278,1132,1106,1409
1,654,80,12,324,20,114
247,654,1801,1182,1110,1286,1226
136,621,1603,1180,544,977,1055
107,189,965,339,427,626,964
117,654,553,251,746,195,145
187,654,1044,1036,601,1521,1085
215,654,2291,1974,1824,1719,2008
186,654,2312,1499,820,1455,840
177,624,1843,1565,1610,2140,1847
136,596,1521,955,1139,660,907
116,329,571,1430,1044,572,1353
380,654,2584,2536,2465,2575,2074
257,646,2351,2149,2322,1822,2000
56,118,931,2140,380,312,1323
181,654,735,748,895,1144,1073
183,654,2413,2289,2005,2273,2288
255,654,2119,2089,2094,1334,2191
229,654,1341,866,1233,374,295
116,468,782,477,985,1620,877
203,654,1606,981,1618,823,783
181,654,2418,2268,2000,1768,936
194,654,1431,769,650,330,481
177,654,1704,1911,1709,1447,1690
247,654,1258,1269,1440,1684,1474
274,654,1662,1662,2181,2452,2382
194,654,2221,2416,2404,1540,769
169,654,1616,1599,2277,1647,2003
51,654,253,1357,216,1012,1225
153,654,916,265,549,31,1
255,654,2162,2222,1733,2269,1668
191,549,1912,2343,2122,1870,1972
18,654,215,103,782,644,101
151,528,1099,1800,1006,972,2119
289,654,2265,2306,2274,1787,1827
64,347,1086,1518,654,783,919
232,627,1853,1678,2214,2372,2465
286,654,1379,1188,1955,1849,1483
194,654,2139,1761,1757,1324,1974
129,654,945,2127,2069,990,1675
64,389,400,349,386,139,668
116,162,1408,2075,1228,1368,1834
106,654,275,791,1076,1703,1370
320,654,2514,2485,1786,2569,1752
264,654,2394,2315,2144,114,1109
81,523,380,836,538,1,345
270,654,2286,1997,1556,1008,1363
194,234,2266,2165,2455,1583,1614
90,416,415,702,984,1271,304
89,654,1037,592,953,608,654
153,654,684,1890,877,911,1316
16,220,26,39,7,2,1
51,64,61,231,1398,1987,1904
151,654,1634,800,113,280,370
125,654,815,521,779,1111,1422
176,654,1722,965,2066,1656,764
106,309,462,117,120,427,2
247,654,1869,1836,2168,1999,1882
194,654,1598,2120,2459,1650,974
115,313,209,757,1600,1344,2226
176,654,1211,406,168,90,43
115,595,759,2205,1352,1740,1900
149,654,619,177,447,172,76
242,654,1443,1621,822,1075,2121
219,654,2103,1995,1982,693,1734
50,195,59,91,69,724,711
122,128,860,583,671,912,643
133,245,1567,2261,2170,1669,1167
203,654,1680,2209,2092,1123,1328
74,282,410,1369,659,1288,1082
141,654,2137,2090,1683,2249,2166
57,419,404,1770,970,876,357
194,643,1852,1644,1678,1818,2129
140,654,1887,2008,2240,1798,1995
43,227,381,2029,1149,559,582
35,185,89,219,232,359,49
56,434,423,720,316,642,1
18,30,258,64,87,939,121
280,654,1814,1587,1625,465,880
117,377,594,672,402,787,314
56,477,157,57,220,933,75
18,68,112,154,249,165,250
74,282,186,205,30,433,28
183,654,1642,1311,1829,654,1274
194,635,1459,1222,1737,1823,1590
122,654,1278,681,485,1017,997
134,308,1540,2349,2263,1735,2198
123,246,310,602,1516,1310,1286
274,654,2179,1788,1042,462,792
305,654,2054,1595,1866,1245,1656
45,80,118,312,203,1018,509
1,115,358,249,242,676,298
219,654,1707,1771,1631,1223,1333
149,654,951,991,1030,971,841
187,654,2049,1985,1586,1182,1632
90,654,651,252,292,1610,1174
120,654,948,491,582,1051,488
116,654,1028,539,1652,1843,1853
77,654,1095,2322,1948,1874,2154
264,654,1550,1723,2390,2278,1811
158,654,1266,914,1741,1744,1169
264,654,1080,833,1793,196,450
109,338,1260,1208,1332,1031,2158
281,654,1515,2245,2234,2509,2383
134,422,682,347,378,212,55
147,251,1210,1868,1391,1300,1615
44,654,828,1254,573,1358,1170
78,336,54,390,217,1240,5
8,33,86,1398,887,2161,1905
96,530,587,923,471,712,859
131,654,1626,2091,900,1469,835
138,302,1400,222,457,1110,134
111,270,702,899,251,160,215
175,654,1576,473,999,241,356
69,139,601,705,144,625,116
379,654,2566,2513,2583,1069,2429
143,654,905,486,489,932,458
294,654,2571,2545,2522,2233,2130
165,654,1582,607,285,1332,1054
300,654,2463,2420,2113,2559,2435
229,654,1588,647,536,603,831
121,654,1225,878,1329,422,619
94,571,1805,813,1334,893,849
183,298,1587,1396,765,1496,2042
39,107,318,867,138,220,376
145,603,1169,1202,1144,1989,1626
150,323,1671,1361,947,755,790
217,290,2126,2035,1880,1078,2142
48,43,66,25,99,822,103
294,654,1002,904,1969,1251,420
61,457,364,717,399,1157,1444
56,198,821,1604,925,328,1137
194,654,1485,1473,1545,609,732
117,504,911,1121,1613,1028,1340
320,654,1669,1358,814,105,316
153,259,891,1824,1736,492,684
259,654,2453,2157,2406,1036,2185
23,435,138,93,14,289,1
315,654,2377,2330,2471,2071,2163
1,42,185,310,301,107,50
229,654,1836,1529,1223,1179,800
158,654,1226,456,164,1103,414
228,598,1525,918,937,510,351
96,564,1639,1107,1036,709,1114
345,654,2449,2469,2477,1959,2441
63,654,389,288,484,640,153
239,654,1727,1827,1426,2137,1855
169,654,1955,1719,1706,733,1095
292,654,2274,2176,1288,385,158
70,618,1615,779,1060,752,1572
55,86,104,92,266,1270,690
116,654,420,1037,279,432,1
116,199,1330,1593,627,1054,624
228,654,1802,388,581,366,37
256,654,1963,2356,2332,1553,2038
166,654,361,311,452,62,278
253,630,2416,2198,2435,1862,2400
218,654,1222,713,1099,466,540
320,654,2446,2332,2468,380,1266
51,514,440,215,57,742,360
55,654,463,306,407,159,1
75,654,1101,380,1790,1265,1356
8,654,334,37,552,346,1
185,654,1702,1098,1701,1452,1414
143,654,1051,1457,1527,1955,2007
41,232,129,835,1835,2401,1944
18,22,13,153,135,371,444
106,452,1291,1427,1809,1971,1512
59,221,519,2199,566,1773,1508
74,654,753,808,129,255,756
169,654,967,2005,853,53,503
366,654,2565,2558,1904,2577,2214
125,75,197,644,792,168,1493
183,654,1032,417,707,1527,595
96,44,280,953,724,1546,1468
172,654,1022,1342,930,867,839
186,654,1425,1767,1998,2116,1857
94,654,168,516,83,295,1
188,654,1782,1479,1404,604,1221
309,654,2330,1181,1029,244,385
219,654,1125,1142,541,1234,822
167,560,2002,2158,1750,1777,1260
47,174,277,1000,1092,1628,1684
150,597,972,436,374,406,276
176,455,2257,2364,2265,1899,2348
134,383,2153,1489,1752,100,785
101,497,516,195,385,79,405
209,654,1746,1745,1798,1776,1677
142,654,837,266,282,164,196
153,654,1353,1177,1390,2310,1518
303,654,2122,1478,2100,1810,1704
94,654,1299,369,2308,331,712
18,32,33,65,104,262,1
55,207,438,912,295,470,941
259,654,2158,1636,1967,881,1303
370,654,2523,2458,2560,2461,2242
182,479,1436,1059,637,154,613
194,571,1288,1035,1075,1047,266
226,654,929,392,694,767,259
337,654,2442,1991,2208,1904,1979
223,566,2042,2151,2268,2399,2068
176,654,2212,2255,1408,1352,1306
237,654,2180,1504,1409,716,1380
273,634,2369,2453,2535,2336,2403
287,654,2208,1814,2313,1938,1822
195,654,1038,1514,1766,1701,1676
90,403,464,1811,335,875,664
70,188,383,384,909,503,635
166,654,1790,2017,2359,2209,2255
184,637,2113,2312,2008,1504,1802
131,654,1989,2334,1710,973,1003
108,526,1066,1248,786,1264,856
181,654,1792,777,1208,2284,1041
194,654,2252,1768,2037,1049,952
116,508,1323,351,346,646,436
258,654,1559,1157,2080,1625,1496
116,124,664,1698,1049,2090,1736
151,654,1590,1340,2126,814,621
1,654,8,1,299,1976,111
90,654,341,258,393,1131,495
108,229,920,1131,589,1927,1522
104,654,747,156,394,959,513
155,654,1283,1091,1394,1730,1951
57,53,302,1265,273,930,565
82,654,998,832,2357,1618,1111
115,654,968,1442,856,574,470
117,654,793,1877,1590,1535,1079
128,410,2260,1787,704,265,300
63,467,1110,490,1430,1279,461
194,654,1309,972,509,2176,1416
55,374,443,400,36,67,286
38,118,288,700,278,945,698
98,654,224,419,1014,379,500
138,654,528,189,437,591,69
255,654,1177,600,487,601,434
134,240,1263,1779,883,2184,1927
116,254,396,1284,1836,1986,1923
287,654,2253,1382,1942,296,1680
51,104,675,1293,280,54,334
105,342,1656,2132,2307,2320,2376
275,654,2236,2405,2458,2152,2426
94,654,833,290,603,235,428
116,654,2130,1933,1057,1780,1980
56,167,997,1720,2021,1282,1369
38,654,133,190,78,394,593
51,115,75,240,749,558,407
192,654,1627,1680,2546,1865,1987
186,654,1661,1555,2078,1760,1829
51,272,208,259,349,70,250
64,257,661,395,94,166,114
374,654,2581,2538,1438,1958,15
205,654,1725,1219,811,1869,1058
262,654,1917,2224,1878,2367,1515
268,654,1872,487,1346,310,150
82,488,1396,2109,448,2118,1243
150,654,883,1256,750,738,508
223,654,1666,1724,1360,2014,507
287,654,1904,2052,1676,1887,1553
78,654,764,1524,842,1554,1136
32,170,339,622,377,246,308
62,654,194,268,522,454,108
318,654,2178,1071,1187,2212,479
179,654,1641,2241,1901,2395,2118
108,374,791,1710,2260,1728,1963
128,654,1259,1601,1163,136,1018
371,654,2553,2583,2587,934,2452
255,654,1492,974,858,1572,139
50,164,395,649,105,29,16
373,654,2462,2389,2469,2587,2459
116,201,1334,1956,1902,2289,2126
247,654,766,1303,2414,2460,1918
166,527,1476,1194,635,157,713
127,654,768,1196,1500,309,991
264,654,2194,1671,2405,2251,2090
264,654,1991,2102,2219,1901,2213
147,654,1729,1174,2388,2451,2259
116,432,887,2213,1681,2279,2353
84,654,1918,680,1396,184,728
35,301,31,129,121,1538,801
168,414,2047,2365,2413,2473,2494
297,654,2372,1642,2524,2266,2263
35,598,340,744,1810,1525,1896
138,654,1414,1697,1697,1808,475
223,654,1185,696,1240,415,740
176,654,1304,826,1117,852,1161
70,654,373,343,1007,264,204
139,235,1658,1732,2334,1960,2179
176,654,1317,780,155,808,64
108,224,435,1490,1804,2163,1020
125,654,1932,1082,517,2246,1981
127,412,685,1327,560,203,78
127,654,1914,1711,2019,1902,1643
43,258,459,330,740,1070,676
123,654,292,364,492,897,100
149,654,538,1708,334,1472,1049
51,54,679,1443,699,675,714
165,473,1215,413,252,60,1
1,654,88,24,259,102,114
74,348,1094,1244,125,192,343
78,239,890,505,212,564,532
264,654,2079,1797,1124,1121,1053
41,74,85,164,118,1229,656
70,138,710,674,353,127,751
270,654,1711,408,847,459,786
367,654,2577,2567,2582,1055,2447
158,654,1926,1494,2441,1161,1062
326,654,2216,2436,2328,1893,2089
172,260,2067,1993,2047,1913,2227
78,184,297,847,683,2003,2084
47,654,1103,1612,254,1551,885
134,458,1047,1366,466,1804,2009
154,620,2053,1901,2306,1970,2161
186,654,1933,1447,1107,2100,1756
328,654,2348,1795,2368,2306,1375
146,654,1243,1596,551,1325,1418
210,654,2061,2124,2053,2136,2231
122,616,314,874,1264,847,970
380,654,2542,2589,2586,844,2423
247,654,1761,1239,1923,1544,1633
248,654,2050,1693,2338,2416,1869
149,654,1465,1128,1427,1863,1907
116,654,403,754,68,561,930
153,558,1687,691,1195,1115,511
287,654,2085,881,557,737,489
1,6,1,6,23,1704,1118
209,654,2504,2551,2566,2532,2502
84,418,723,903,156,278,87
213,654,2355,2309,2233,2319,1727
256,654,1659,1083,1433,605,836
106,345,1620,1094,547,2106,1234
30,654,422,869,283,1336,568
187,654,2060,1792,1680,684,1272
269,654,2018,1667,2245,2042,2167
183,654,1859,1574,1143,14,742
183,654,2223,2456,2320,1840,1574
35,238,580,517,253,176,486
18,22,2,21,89,650,430
11,9,5,60,18,152,74
376,654,2528,2488,2539,2277,2436
183,654,1696,2284,1784,1812,1722
90,255,788,1409,890,1354,1554
116,654,663,374,130,727,549
215,654,2048,1815,685,2051,1666
116,470,1332,1564,1320,2087,1605
185,654,1975,1844,2558,1722,2004
137,299,531,1062,450,1442,958
318,654,2229,1701,1712,1247,1249
116,654,244,1546,821,1314,497
183,654,1763,383,837,21,1
93,197,382,557,813,1576,1252
194,654,1303,1176,1420,1170,883
125,481,1269,1614,1673,1395,1289
251,650,2498,2336,2205,2076,1717
263,654,2160,1673,1918,1537,1415
104,654,2080,2412,1907,849,1685
90,150,451,281,179,43,114
63,654,953,1467,542,1399,1352
131,654,1237,968,1871,2331,1510
344,654,2568,2543,2372,2554,2484
134,464,744,1736,55,111,185
292,654,2120,2027,1927,2501,2318
84,455,733,460,312,1968,774
43,654,91,239,96,386,709
292,654,1621,1806,1086,430,966
38,81,371,619,202,653,529
169,654,2197,2301,2249,2010,2055
277,654,921,936,1241,1609,1235
146,654,1157,1190,1421,1139,1482
256,654,2124,1714,2027,871,1236
217,654,1622,1485,1584,1342,1404
183,654,2116,2347,2131,1232,2135
125,654,232,954,638,1045,734
292,654,1539,1438,1537,2181,2194
224,654,1769,1497,1567,509,890
76,346,1006,729,460,259,333
228,654,1863,2342,2346,2162,1707
328,654,2522,2440,2476,2558,2391
281,654,2360,1302,2016,1732,1088
223,654,1875,1212,2108,1615,1478
18,654,140,466,559,275,1
141,654,1389,2053,2196,2254,2127
125,267,369,552,1140,1998,1448
165,610,1233,635,356,528,217
223,654,1654,817,1294,1372,1573
177,654,1184,630,2110,594,766
116,376,1143,1461,1626,441,972
264,654,2458,2537,1959,2537,2097
117,654,886,1856,2505,2371,2270
93,438,204,1689,1089,2103,1730
56,369,491,98,196,2263,537
229,654,2307,2350,2379,2350,2410
207,654,1637,1011,1157,916,862
150,654,1108,556,275,231,221
175,654,2249,2366,2409,1880,1748
18,18,4,18,4,1786,388
172,654,1757,851,1461,547,599
210,654,2234,1887,1929,1992,1555
243,654,2088,1940,1984,2274,2132
269,654,1322,1898,1879,2309,2451
118,317,729,1065,1462,1774,2168
215,654,2010,2028,2243,2024,2234
101,402,994,1831,1130,927,701
116,286,579,446,539,325,224
273,654,2405,2119,1774,1567,2334
50,48,49,130,1551,1613,140
229,654,2511,2516,2550,2037,2292
176,654,1699,1068,1258,1281,1460
166,654,1025,731,309,263,248
159,341,1218,493,874,181,645
150,654,1927,404,1202,620,183
210,654,2271,1821,1510,35,918
94,654,496,698,1269,1113,340
294,654,2499,2494,2415,2499,2336
223,654,2163,2225,2079,2139,1959
223,423,1092,1755,1217,2171,1705
70,17,1115,1980,1273,1503,1639
9,654,109,82,180,65,1
63,654,1498,2232,2258,1151,1741
67,471,220,684,555,1328,1116
158,606,903,793,636,104,61
322,654,1951,995,1469,1485,1191
35,233,859,819,1268,2257,1939
284,642,1958,1012,1419,861,1239
203,654,2055,2515,2478,2480,2508
142,654,1728,669,1056,1514,898
30,110,35,75,84,1025,243
115,654,1706,286,148,1207,348
183,654,1771,1690,1707,2079,1024
125,557,1907,2036,1713,2304,2384
56,99,248,165,31,16,1
262,654,2084,948,1047,1169,354
210,654,708,1031,831,390,39
358,654,2558,2559,2438,2557,2437
123,516,879,2246,1957,1595,1985
138,472,1272,1434,996,1778,1146
75,264,429,198,110,200,11
182,654,1036,1484,1455,914,757
70,460,465,596,846,230,190
41,175,268,350,595,258,257
104,654,1919,2352,1817,842,845
44,547,739,176,264,1020,956
159,654,2184,1197,1477,1138,1497
195,654,1930,1861,2301,1957,1774
345,654,2026,2099,1356,2054,2265
116,654,974,1224,1212,1697,1671
112,654,1030,721,1973,1649,1895
7,32,9,2,5,135,53
222,654,1592,919,720,788,105
84,654,520,776,269,218,519
104,654,561,886,174,538,104
194,654,880,1023,297,874,696
210,520,2157,2320,2343,2153,2409
108,453,653,563,368,1159,633
243,654,2308,1907,2503,2346,2431
160,654,1252,1566,716,1797,978
194,654,2170,2210,2135,2522,2146
237,654,1495,1605,1972,562,640
116,142,135,207,1372,2556,2406
75,413,81,469,622,906,465
