143,750,897,1092,1661,1394,592
1,3,16,44,102,611,1
25,750,1332,1111,1994,1372,433
150,750,2423,1561,2551,2451,1111
69,750,735,439,1104,1701,1
1,750,147,3,269,86,1
94,750,1419,1398,1760,1212,1
28,66,1767,2424,1341,2038,4
103,750,1372,2197,2023,1224,551
169,720,1081,1031,800,915,124
119,528,2041,990,572,2434,1173
150,750,2117,1267,1311,946,1
102,470,2069,2547,1959,2524,1330
103,414,973,1744,1666,1365,466
116,312,1637,1694,974,811,1
25,84,220,507,97,170,1
198,706,1780,1759,1046,1568,335
215,750,2235,2063,2346,2447,1068
82,619,1014,1361,2372,2106,577
210,750,2254,2107,2022,1915,1034
148,625,1940,1874,1884,577,636
78,593,1577,1995,1416,1881,1197
151,750,2472,1376,1213,1411,130
152,750,2145,1588,1449,1186,229
30,750,266,246,573,1075,1
78,196,1457,1413,1671,2365,866
119,390,808,1023,1365,2296,886
51,750,952,1296,1621,1377,1
77,750,691,1693,2518,2576,1203
142,750,2484,1590,1025,688,1
194,750,2158,2357,2318,2130,1167
48,597,1188,1325,543,2300,719
109,750,960,1149,1278,1421,22
142,750,2301,2146,1925,1548,429
143,750,2056,1824,2494,2025,1137
194,750,1096,822,418,159,1
100,584,1235,1541,2002,1255,1
57,352,1238,1511,663,1225,408
78,750,759,915,215,1430,315
133,420,1197,927,1248,1794,1
1,750,304,15,617,1042,209
93,47,298,978,441,1786,323
1,7,15,115,350,1929,54
130,750,1150,611,1564,1680,161
61,750,1590,1018,2152,2051,285
164,585,2294,2514,2352,2177,1354
2,10,7,251,280,1016,1
151,702,1482,1352,1857,1049,241
125,592,1468,1363,1377,1166,656
143,458,1430,2008,988,2024,713
118,750,1297,1213,1257,608,1
14,750,1978,708,295,303,1
170,750,2031,1277,2084,1617,1
124,750,2377,2070,2013,571,1
129,750,916,810,954,505,1
142,683,1610,985,1609,780,1
157,672,1974,2026,1043,189,1
148,613,1474,771,1105,1052,1
29,128,166,487,759,1437,63
183,750,2325,1979,2044,2160,1168
177,451,1981,2490,1836,2008,996
143,511,1264,1360,1595,2504,238
185,750,2340,1522,2487,2170,661
234,750,2407,2232,2526,1695,1275
87,411,1176,2169,1754,540,285
14,528,1503,1205,1944,1787,186
116,275,262,481,667,1112,1
207,750,2105,2352,962,1883,553
185,687,1654,1670,1432,1654,16
87,244,1121,1905,714,1272,1299
67,264,1301,2552,2348,1700,1050
103,750,1727,1348,1533,121,1
237,750,2080,2260,2533,2471,1123
87,750,987,1014,1418,1254,285
10,750,348,226,1155,254,1
99,599,1634,1022,248,193,1
144,750,852,848,939,459,1
175,750,2256,1687,1890,1151,388
69,750,662,765,1610,242,182
78,343,837,839,1707,1260,285
58,750,1960,2384,1655,2253,1199
160,750,2469,2545,2567,2288,1232
122,750,1351,971,1465,255,1
31,69,261,215,122,820,1
51,323,205,2140,2383,2433,1312
58,208,582,295,64,652,1
130,539,1455,2094,1893,1453,1051
69,750,1320,504,2186,1721,1
14,750,386,24,383,70,1
265,750,2551,2485,2585,2557,1422
99,750,1108,1614,1762,777,44
89,750,1035,1964,444,1618,155
133,750,2405,2053,1995,2133,1202
152,750,2149,1293,1940,2028,285
78,750,1552,2527,2463,2287,1298
1,750,455,138,1076,931,45
215,519,2212,2113,1916,1737,945
115,750,1828,716,718,1146,1
132,427,1893,1751,1424,1610,527
1,750,472,370,1316,727,285
191,434,1760,1723,1911,1973,765
137,102,1575,2422,2079,2436,1231
160,506,1144,1063,1081,964,841
124,694,2021,2460,1966,2208,1115
93,428,1050,1587,625,814,1
143,750,1764,1876,1792,2101,1230
30,54,113,427,344,2189,328
150,750,1663,1598,696,655,1
131,750,2261,2503,1805,2506,1002
87,750,2079,1704,1376,175,298
30,750,293,142,1411,108,1
1,750,26,30,1045,1884,1
89,290,1560,1193,970,2209,689
9,607,1072,626,169,2395,606
99,750,1209,2238,515,186,338
47,99,701,52,416,988,1
177,750,1445,888,635,351,1
194,750,2227,1569,2356,2292,556
25,123,345,1906,1734,1978,285
35,750,478,311,1324,312,1
212,750,1914,1750,1312,624,558
259,750,2547,2584,2565,2571,1431
122,481,1118,1181,940,1991,150
58,282,597,449,281,72,837
31,750,358,518,1536,531,1
35,624,9,304,615,523,18
130,750,1752,794,377,916,1
125,202,775,2353,1506,1854,1320
1,11,208,150,38,1060,235
132,750,1742,2237,2267,447,748
58,63,1524,1862,1834,2569,935
200,750,2531,2450,2277,1914,921
79,646,1074,1618,681,1582,824
115,750,1684,853,1989,300,1
154,417,2226,2258,1286,2319,311
243,750,1864,1279,1778,1482,1
176,750,1786,1714,2402,1571,858
121,621,1915,2050,2446,2199,1402
115,750,1626,1552,1409,214,285
58,750,464,156,1501,168,1
110,443,1750,2170,2223,1594,1267
194,750,2281,1996,2104,100,451
142,750,2058,1128,1727,1414,1
131,750,1576,1525,2054,2065,1097
148,750,1583,2304,2304,2264,1195
143,750,2298,1895,555,1661,286
162,690,2110,2554,2520,2487,1404
240,738,2240,2519,2250,1134,710
69,750,1374,1544,2344,1793,599
184,688,2081,2153,1752,779,271
28,698,1469,1853,1530,1002,567
28,108,230,911,334,1833,415
79,409,869,1753,1276,2275,997
58,652,795,538,1887,1546,764
119,512,1046,1801,1562,2267,1366
1,335,766,577,27,613,1
150,750,1971,1602,679,935,1
129,750,2077,1449,1894,1316,1
203,524,2258,2516,2295,2575,1432
35,151,330,307,10,26,1
190,750,2533,2494,2504,874,923
125,426,1540,962,582,440,1
99,750,2064,967,605,348,1
107,574,2175,1871,1445,2397,1271
71,252,998,1286,287,1038,1
232,750,2556,2526,2540,2082,705
133,432,2374,1912,1262,851,1075
69,460,726,936,390,2354,262
69,750,1068,573,1474,1067,1
52,267,675,1139,1351,2252,927
107,542,1359,1805,1437,2052,1162
89,373,2009,1197,2009,2265,421
165,750,2146,2463,2317,1849,1142
46,750,481,382,2270,1696,56
198,631,2335,2132,1456,2033,1185
30,68,1051,723,454,957,337
176,750,1490,997,1690,240,1
78,750,1694,665,1224,951,1
35,91,13,144,14,899,1
83,750,2078,1378,1265,1013,524
194,750,2131,2255,2195,1317,655
249,750,2440,2138,2328,2315,842
12,750,598,211,1171,1797,450
225,750,2543,2145,2501,1867,1090
99,750,1365,1735,1900,2088,1184
58,750,565,396,2207,219,1
215,750,2424,2466,1078,359,1
132,750,1745,974,1513,1285,125
102,599,1722,1758,1010,1381,307
46,750,444,580,2024,264,1
69,750,376,237,567,432,1
9,750,1349,1159,2114,1955,870
25,51,156,283,48,1280,1
107,382,1754,1099,901,1234,1
110,486,564,1338,529,908,1
55,182,1047,1004,440,1644,1
115,679,911,472,830,472,1
1,120,28,61,320,306,1
1,750,151,321,1245,1740,285
103,750,1412,1977,1915,1565,285
119,229,1932,2325,1485,1441,1
12,750,838,267,746,823,1
28,750,458,475,1444,176,1
30,109,619,291,126,1048,1
176,750,2136,1889,1161,907,398
19,48,422,942,1011,1513,285
25,750,754,730,2026,2108,793
202,750,1283,1711,506,846,1
62,750,803,543,2235,2176,152
1,144,41,1,342,35,1
109,750,1129,1380,709,1320,1
127,408,1753,2209,1255,2341,445
94,670,845,781,590,372,1
71,750,2047,1830,2078,914,345
154,750,1497,790,832,1144,1
164,750,2402,1675,2115,2146,715
64,71,671,1736,843,1993,991
21,25,10,316,172,2206,1052
30,126,620,1678,284,2150,1
247,750,2519,2447,2561,2190,1036
237,750,2464,1909,2573,2185,1096
143,587,1566,1281,1477,887,1
1,750,315,32,499,828,1
199,750,2349,1689,2262,2279,552
160,641,1947,2058,1304,1061,1
87,750,2435,2083,1548,2439,1129
33,353,514,696,634,1592,446
57,750,502,1110,1337,1319,455
137,362,1882,1410,1417,2415,994
150,750,1880,1551,2018,2323,972
89,750,1409,917,327,726,1
61,270,432,860,814,2218,285
100,750,1607,1389,1386,963,66
150,493,854,1503,1686,1647,509
99,750,1613,587,1274,502,1
30,435,87,221,23,386,1
61,309,672,899,1029,1271,1
125,750,1502,1584,1003,805,33
130,750,1881,1807,1605,1716,1178
193,400,1491,986,1292,1305,1
1,512,173,74,458,706,1
116,278,1016,1070,1675,199,1
215,750,1346,1938,1974,2196,609
258,750,2470,1791,2367,1276,548
1,11,200,99,20,926,78
215,750,2012,2373,1504,1677,1
124,750,1067,2193,2459,2430,484
143,750,2076,1140,1870,1436,1
78,112,1256,1142,396,1776,285
1,750,169,87,234,650,1
118,349,1664,2389,2472,2519,1410
99,632,1587,2212,1837,1790,1057
44,169,1006,1982,892,546,521
1,3,18,118,93,900,1
46,750,738,953,1335,912,308
210,750,2538,2409,2175,2356,1286
68,382,1269,2342,925,1995,1061
30,750,227,838,1062,605,1
30,109,357,664,96,818,1
39,156,210,312,447,2413,203
215,750,2495,2556,2545,2502,1279
89,750,1465,1878,755,1872,1144
154,750,1701,920,2464,2588,1212
89,750,780,1677,369,751,285
46,750,515,627,1367,747,677
56,750,2336,1324,678,1583,179
116,750,1018,1235,2456,2219,1003
99,750,2273,1232,1720,1339,714
151,750,2373,2524,2162,2372,618
28,750,715,1046,1461,1113,426
28,334,396,247,402,974,1
9,59,392,109,426,980,14
109,750,2218,2257,1484,862,1257
77,445,1237,1763,2343,246,783
148,695,2060,2559,2523,873,1317
260,750,2523,2573,2576,2478,1435
42,750,245,602,2196,1570,1187
119,203,596,699,137,1213,1
115,750,1418,1531,2508,2256,1
17,46,482,461,65,821,1
39,750,602,969,2252,1157,989
69,460,1554,2403,611,2469,1055
31,38,534,1462,1906,2361,1165
60,350,1131,1620,1826,1540,461
28,750,1260,239,2183,757,560
165,750,2399,1845,2410,2216,684
107,750,2452,1301,2167,2276,596
211,492,1930,1811,2288,1712,822
1,750,70,72,919,653,1
31,28,11,195,661,339,1
39,750,236,2386,1755,2453,939
58,208,1026,2385,1054,2241,400
47,52,397,294,310,716,258
87,614,898,588,1249,354,1
205,750,2355,1928,1673,732,1
79,750,2217,2320,2403,2154,1119
149,708,1789,1084,845,1976,1103
19,94,295,502,276,1097,1
94,223,442,629,902,2316,480
203,750,2032,2337,1713,2293,1121
38,750,1036,798,1680,365,1
28,310,873,567,1146,1228,553
187,750,2453,2201,1710,1956,178
152,750,1980,2188,2417,827,583
143,750,1843,2413,2103,1147,1070
152,750,1192,1259,2031,1839,988
28,750,213,222,878,514,1
175,750,2138,1506,1390,798,60
162,750,2430,2042,1676,458,1
240,750,2368,1960,2454,2493,1273
109,177,1268,1568,508,1518,390
78,750,1597,2537,2336,1579,1347
210,732,2300,2115,2206,671,982
89,750,627,819,888,693,1
202,345,2239,2553,2466,1110,854
131,634,1094,996,1217,720,1
109,638,752,725,536,753,1
177,750,2224,2000,2035,1897,869
238,750,2108,1661,2560,1463,937
89,750,1551,1715,470,1638,944
98,622,1127,720,983,1924,191
132,276,1878,2167,1724,2087,1369
30,750,721,783,2493,2579,1266
79,250,580,741,98,215,1
143,369,933,1460,1167,327,1
77,351,149,612,364,879,570
143,750,1629,1834,1711,1684,966
12,750,1793,1327,1256,2426,670
68,750,711,1471,1667,2258,346
146,644,1697,1963,960,405,1
205,750,2545,2549,2584,2522,1345
109,750,1136,737,1523,1896,1
34,750,1063,533,1787,722,1
22,750,1040,489,1838,1123,285
51,750,1734,1784,1205,1233,374
20,58,201,484,540,1121,285
82,288,2176,2233,2258,2107,1141
99,750,1139,1264,2049,1127,306
73,750,1825,1441,1997,2550,1251
125,750,1151,1562,151,591,1
185,750,2113,1166,1110,1341,1
28,750,618,1198,946,1160,1
1,750,527,171,677,414,1
242,750,2530,2208,2377,146,183
87,550,362,468,430,864,1
119,750,1321,2067,2296,1499,904
69,196,1134,657,397,381,1
143,750,1106,884,1177,2393,1174
7,196,265,73,332,1270,1
81,416,608,945,598,288,1
175,750,2444,2211,2516,2179,1307
30,317,1783,1601,1864,2555,1392
31,620,543,464,1340,361,1
79,250,431,673,568,1129,1
63,291,1060,1548,2080,1386,166
215,750,2205,2314,2507,2043,1190
248,750,2302,2029,2433,1074,757
119,750,914,1579,1180,1310,149
154,750,1850,1219,1481,197,1
221,750,2537,2491,2477,2463,1384
34,96,1224,1457,2445,1910,1088
30,399,323,482,94,188,1
37,474,1690,1075,1202,1001,1
61,210,537,772,627,2542,984
160,678,1996,1844,2254,2184,1118
205,480,1897,2090,1053,1226,1
199,750,2275,2489,2544,2518,1282
99,501,1052,1172,409,1375,285
165,750,1651,2301,2109,1877,1191
102,750,1379,1486,1440,2254,987
131,750,1536,887,1888,2180,1
30,229,2264,2144,1560,2480,593
194,750,2188,2010,1728,1288,279
170,750,1649,2276,2202,1720,92
143,434,2124,2443,2505,2318,1300
109,750,2070,1838,1457,480,657
1,750,172,145,1018,355,147
106,281,1480,2046,1951,1831,954
1,750,60,35,449,58,1
84,595,924,1619,1770,1828,357
109,750,796,767,2349,323,1
1,2,71,91,683,2405,381
222,750,2055,2243,1772,2364,976
1,750,353,40,450,783,88
103,203,929,1220,1364,2240,463
166,671,1854,1817,417,1603,285
64,750,2097,872,2126,2109,290
69,183,120,778,565,1664,350
55,582,1116,1657,808,1040,666
17,74,1169,1720,2098,2198,1361
152,610,2178,2005,891,2134,1147
125,750,2498,1432,2469,1308,806
79,750,1669,1491,2323,2235,1292
28,750,1827,939,184,1192,1
99,504,1595,479,355,138,1
103,354,858,1289,671,1309,1
12,750,223,119,428,10,1
30,750,692,1815,666,2053,172
1,122,216,360,825,1885,507
138,726,1371,1417,1953,890,1
180,750,2278,1115,1371,1791,1
28,491,1044,791,424,426,1
58,250,632,559,80,425,1
143,399,2564,2521,2406,570,979
9,34,361,101,473,1119,17
77,621,1706,1433,793,1829,928
199,750,2250,634,859,422,1
174,743,2516,2582,2478,534,1159
51,616,511,486,1509,583,1
103,750,2053,2032,1873,2263,708
20,87,82,182,647,1845,285
196,750,2526,2513,2503,2521,1386
154,567,1261,2291,609,2166,574
35,90,347,404,233,1486,1
226,750,1675,1210,1871,2119,1
111,260,657,2022,1381,2066,1031
1,750,86,331,1801,682,285
240,750,2544,1829,2240,1931,180
34,394,1721,1605,1943,2000,1213
35,208,986,530,40,342,1
162,750,2252,1772,2371,2067,946
103,438,1177,1500,511,892,1
69,750,1687,2149,2479,797,277
1,171,105,79,938,788,285
12,62,161,393,9,315,184
130,546,801,1646,1118,1926,600
94,434,2315,2306,1627,1328,619
28,447,439,400,835,1853,285
138,598,2122,1571,1134,2340,549
173,682,1707,1877,1644,2545,1080
87,308,1527,1050,897,2191,607
135,464,1899,1451,2556,2306,1371
35,91,539,410,1494,1101,285
69,750,1635,1920,1714,979,457
230,750,2163,2191,2253,1952,289
109,509,1098,2467,1697,2060,1114
99,401,1545,2414,2283,1124,1281
265,750,2510,1925,2438,1037,500
199,750,2129,2480,2404,1746,1152
244,750,2347,2381,1950,2045,1415
145,728,2486,2530,2362,2289,1315
60,681,700,995,2134,781,1
34,193,305,398,262,1662,165
219,750,2436,1498,2449,2148,1214
89,306,1997,2378,1106,672,1
9,750,360,140,2011,812,1
180,750,1221,1369,1855,1352,762
116,370,1194,1057,795,309,285
199,679,2243,2035,2020,1523,375
215,750,2553,2577,2515,3,916
1,701,991,552,923,579,553
103,750,1599,711,500,398,1
125,750,2183,2538,2319,2562,1413
34,750,1625,1334,1791,547,160
223,735,2128,1340,2121,98,1
196,750,2384,2261,2119,2273,978
165,216,2412,2225,2209,1205,1053
78,750,2318,1667,2219,1420,187
143,750,2260,2401,2541,2488,1331
143,750,1906,2541,2133,139,499
215,677,2549,2390,1859,1105,62
123,459,1368,2028,1824,2022,747
193,719,2491,2454,2396,2255,1106
46,127,203,688,1123,1649,1
99,750,1206,1189,1154,61,1
78,358,1199,2479,1542,855,291
109,105,1091,956,693,1894,917
46,750,571,1987,1895,2074,580
48,516,1266,1058,1015,1465,57
89,750,892,1011,703,53,1
187,750,2437,2270,2083,607,1
241,750,1593,2462,2547,2552,1194
69,750,831,959,912,273,1
122,357,2121,868,194,510,1
22,297,1057,586,181,57,1
58,592,1832,2448,899,2438,902
144,607,1075,998,865,654,1
35,282,1510,1359,1492,1691,890
151,750,2429,2472,2229,2187,752
38,629,2244,1524,566,718,285
115,272,2168,1519,2201,2168,1319
102,493,1638,1024,1040,350,1
109,750,1797,2497,665,482,1
99,750,2234,1935,550,606,787
35,90,244,209,637,250,1
143,750,1005,1100,1623,1217,1177
251,750,2277,2266,863,1148,31
144,341,1588,1572,1408,1474,1
107,750,2096,1269,1362,1584,1
77,293,1207,1225,1254,2102,330
25,750,1408,471,1769,149,1
203,572,2027,1887,1552,1723,416
71,548,1770,1733,1705,642,1
69,750,194,424,105,767,1
273,750,2467,2398,2211,2077,1029
109,750,1836,1576,1511,499,805
100,750,756,797,1767,47,1
132,668,1699,1578,1170,1968,1
92,750,1099,1169,1830,1637,383
7,750,1543,1006,877,2193,1
127,739,2119,1553,1570,2326,1054
20,21,5,303,260,508,740
151,750,2193,2108,2097,1526,669
30,750,1735,1833,463,729,1
213,686,2353,2272,2265,2251,1303
204,505,2035,2300,1301,2183,691
107,750,1840,2470,1968,2320,896
1,9,57,55,29,1724,1
107,750,1100,941,642,707,1
238,750,2206,1781,1021,708,212
143,750,1713,1375,1934,614,351
143,296,677,1364,1112,1423,1217
162,661,2312,2223,1854,2312,1038
118,750,1729,564,1192,2513,909
46,750,438,332,1912,861,263
109,750,2267,2296,519,2167,515
89,750,1319,540,460,328,245
106,446,428,1002,729,2479,690
205,750,2332,2551,1839,1932,1421
57,152,805,1526,1253,2567,137
69,508,1205,640,206,2217,1
85,255,1463,2267,1521,2204,1313
109,750,1617,2315,2461,1778,1083
94,368,1367,2048,1986,2309,1169
199,750,2532,2550,2311,2392,1241
35,750,840,600,1519,2381,930
210,750,2295,2105,1234,1559,304
87,750,954,2165,1619,1047,835
39,750,1784,1404,1813,1122,1
34,750,476,523,2298,1783,379
129,750,2164,1981,1936,2244,10
89,638,389,562,751,1528,1
94,750,1891,2512,2358,2207,1375
87,750,1362,718,1975,2039,1
1,750,79,22,398,1023,215
9,84,425,253,348,2041,1
77,193,1423,1067,313,1505,1
21,14,215,594,278,634,364
137,750,1719,2164,2157,1878,1205
94,247,1219,1406,829,1471,98
122,716,906,1271,1819,1961,1
135,494,1168,1141,545,1257,65
131,750,1571,2227,1719,2384,1140
78,109,640,575,702,1753,219
94,705,1223,652,2006,1613,285
232,386,1472,2434,735,2355,1235
21,521,235,305,357,787,1
28,512,351,297,711,498,1
1,3,134,163,32,111,1
225,750,2237,1559,1149,1542,1082
143,750,1604,789,556,102,1
121,644,1431,988,2191,2313,784
115,229,659,1229,1162,1950,733
1,750,131,113,1939,1643,471
246,750,2411,2213,2364,1641,750
152,750,2090,2220,2046,574,1101
87,387,1308,1429,1446,183,1
91,537,959,1941,1479,1012,770
162,750,1180,828,1361,1314,1
1,750,34,97,697,90,1
14,750,393,164,1706,600,1
256,750,2548,1900,2557,1543,852
121,604,2214,2137,1472,1920,1393
46,205,75,277,217,1869,385
122,750,1289,1137,1186,301,1
199,750,2132,2177,2234,1036,431
89,750,983,1124,784,2224,1043
109,335,725,751,1294,2229,1102
84,750,1749,954,1730,1327,167
28,129,630,389,378,745,1
135,750,1322,1258,1841,2257,21
148,750,1391,1575,1694,2250,331
170,472,1632,2339,1998,1938,1228
109,750,1414,2504,2388,2223,1418
78,750,1378,2374,1239,1558,730
1,358,1043,146,104,841,1
96,204,930,2323,1991,2468,1117
210,750,2454,1959,2015,2032,1
46,750,344,281,831,565,1
136,714,2522,2089,2176,1595,992
82,750,913,1556,1679,1573,497
131,650,2166,2176,2182,1425,1
25,45,209,245,171,1575,139
107,750,1830,1639,2168,850,555
28,750,454,350,1886,2261,814
142,750,1984,1999,1843,1027,1
39,154,680,604,467,491,1
205,750,2085,1025,1036,1390,578
46,750,791,615,392,1590,103
30,363,193,388,694,103,1
103,750,981,1077,1088,1403,758
61,300,1184,785,725,819,1
87,118,1024,1787,1315,1171,403
49,136,581,463,554,504,1
119,750,972,934,542,697,1
79,218,1549,2034,1142,341,1
1,1,2,88,54,1673,855
129,750,1941,1671,1816,943,553
74,499,1494,1403,708,870,368
131,257,1092,2117,1768,2422,452
109,750,875,547,906,428,1
243,750,2322,1915,2393,1830,1134
134,750,1278,1314,1923,1201,473
64,750,299,202,1116,134,1
119,642,1130,800,990,1306,1
142,750,1382,2175,2171,2383,875
84,750,1765,1626,1089,1706,444
207,750,2198,1957,2273,332,553
7,37,100,231,265,161,1
110,750,2135,2148,1261,1367,1
17,90,883,847,19,7,1
109,750,342,2241,1023,1948,438
30,750,781,192,2326,1616,205
85,750,1030,826,2027,1749,185
99,559,1363,1355,308,1210,1
131,645,2091,866,648,1204,1
125,750,1454,1813,2577,1733,503
29,87,698,2375,255,490,514
1,48,163,249,170,1409,1
149,463,962,1339,998,800,170
99,750,843,1098,1173,670,1
14,109,400,369,370,842,23
102,750,2525,2419,2210,603,1064
215,750,2319,1596,2426,1930,213
39,251,590,683,719,2274,395
87,750,1515,1663,2172,2428,1262
77,207,329,469,17,766,1
39,750,510,213,748,604,1
49,82,1083,2435,2070,1873,1336
119,185,589,818,238,1448,285
215,750,2433,2160,479,376,1
51,750,878,882,1771,1958,460
1,750,45,608,1862,2030,309
30,43,429,194,231,45,1
116,750,2492,2091,2496,1597,1155
57,33,48,1009,100,1944,544
142,300,1871,1479,956,1541,1
155,750,1849,1914,2012,2285,1344
71,581,1190,1621,1288,902,1
199,610,2099,1894,1709,1850,1
93,258,395,977,118,492,1
131,750,982,910,388,96,1
121,750,1939,795,1866,269,285
101,350,1064,662,1166,1391,157
118,339,1592,2142,2322,463,1099
60,265,409,776,836,1163,1
248,750,2213,2183,967,573,329
87,231,1532,1734,505,773,1
78,750,829,679,1099,1046,1
207,750,2541,1943,815,503,1
119,750,2025,958,2231,1659,401
28,750,764,501,1397,2335,726
180,750,1826,1353,971,1527,1
46,653,382,610,2166,1282,168
142,750,2360,1988,1835,2464,1126
143,480,939,989,223,1407,1
35,750,195,210,435,678,1
1,16,1,149,62,1072,576
170,750,1918,1589,2444,2127,587
102,298,1478,1425,760,1994,38
61,750,1973,2181,1659,1747,755
21,67,228,244,288,1335,285
99,750,1738,2161,864,1406,410
73,750,734,569,2021,448,1
29,750,741,1162,1929,1754,1132
21,66,506,227,706,1602,501
143,508,1803,480,614,632,1
71,467,655,890,129,275,1
205,750,2514,2564,1856,281,394
116,750,717,550,314,967,1
91,503,260,1017,1223,1796,651
77,580,554,1427,1091,552,914
144,707,1101,811,736,1035,42
238,720,2463,1726,1505,1215,1
85,78,499,1740,1903,299,1150
1,58,51,64,138,187,1
47,81,316,856,349,1576,285
107,323,1542,1249,531,904,1
87,750,1213,906,854,1299,1
1,194,1574,155,150,294,1
51,250,1630,929,316,501,246
35,151,277,257,136,1220,1
1,750,1156,738,994,19,1
34,750,1159,1485,1806,241,1
58,750,1062,344,2260,429,1
85,750,1568,1130,2074,1824,1
21,48,211,509,245,1153,34
58,750,1126,1447,585,1609,73
1,596,258,57,253,1669,1
28,750,133,328,659,981,1
195,747,1137,1319,2345,1596,486
161,628,1231,957,622,715,1
142,530,2192,1306,1441,517,1
154,335,2203,2581,2530,2374,1360
89,750,354,437,984,741,1
142,584,1521,1407,461,173,1
16,750,1019,1673,1617,1080,851
74,138,1153,452,475,295,1
185,750,1763,859,1611,1511,218
28,645,876,381,95,1161,1
20,26,62,250,165,1632,67
171,750,1927,1913,1798,2367,1277
161,238,2257,1615,1448,1435,285
124,369,2253,2009,1451,550,472
143,367,1258,1804,1788,1107,1
51,750,1041,1795,1153,336,266
62,750,638,630,1596,817,1
69,750,1225,938,324,1318,1
202,750,2123,2281,1122,97,223
67,176,1458,2440,1343,808,1
143,750,1935,1331,1328,909,1
185,703,2162,2572,2257,2503,1405
57,415,1124,968,1033,1903,1
27,749,192,1455,1938,936,676
89,750,1427,583,1741,118,1
77,471,921,1888,147,2054,87
61,141,663,522,335,1455,53
1,616,219,94,764,284,1
237,750,1746,2365,2559,2011,1100
61,750,1781,2111,1598,233,610
32,347,1476,2017,608,1510,285
58,750,925,2204,1818,221,653
8,750,394,443,2416,1313,1
133,750,949,478,432,244,1
79,750,1103,1371,1189,1515,803
186,671,2236,2446,1921,1953,850
156,750,1439,924,1242,2188,414
99,154,547,1252,111,710,285
12,750,492,387,601,1784,562
84,164,1546,1175,991,2050,302
39,194,1557,1651,1291,1387,283
133,656,2451,2324,1360,1291,469
143,750,1393,2131,2441,1730,598
151,750,1799,669,1573,1182,1
109,750,1226,1322,1404,445,285
39,710,977,1625,488,1763,724
42,130,242,511,330,368,1
28,344,255,561,1543,1191,344
240,750,2473,2178,2099,2162,440
12,565,1859,631,581,260,1
29,93,185,1272,986,923,1105
61,750,126,362,1487,2239,658
258,750,2482,1686,1346,1032,1
70,750,586,591,1185,101,1
87,521,773,411,698,526,1
25,750,714,335,1743,791,1
48,584,1009,647,1008,337,285
102,750,947,516,926,996,1
116,750,635,805,2589,763,1
13,750,1215,762,1828,646,249
61,241,1179,867,1077,1296,1
51,750,910,1793,1948,2546,1382
20,225,480,551,600,1954,1
12,445,1324,457,362,345,1
107,235,2086,2230,1662,997,532
134,750,2094,1203,1571,1550,553
143,501,2245,2248,2179,1329,662
200,750,2150,1379,2045,1928,481
93,750,1426,1509,731,433,1
170,750,1562,2404,2316,2517,1363
52,125,1001,1136,1993,1162,586
25,67,434,405,125,1470,1
130,750,1948,1558,1119,2169,743
77,750,1375,1773,969,179,1
99,750,1373,1890,1233,135,1
161,679,1428,1138,955,479,216
79,750,1851,1028,559,232,1
52,750,989,904,1566,568,1
116,497,1229,700,487,1514,1
18,665,264,367,1858,1859,1
154,570,2371,2444,2278,2322,1364
12,750,1421,1079,771,2460,435
69,750,1034,598,1004,1875,1
162,750,2357,2198,1913,1412,228
87,750,1720,2361,1258,2124,196
87,314,495,614,229,1259,214
89,225,600,744,89,768,75
1,750,1254,454,466,115,1
132,750,745,1125,1784,832,1
28,750,148,434,626,237,1
1,413,22,48,1475,1070,535
1,246,436,98,312,953,922
91,418,980,1262,1047,1149,142
190,750,2415,2523,1996,2329,1198
199,379,2330,2128,2337,893,1252
131,750,855,2076,839,1096,553
19,20,146,432,279,2245,123
143,750,946,1090,930,1479,553
57,186,1164,1840,1378,2178,746
115,691,406,960,557,1461,1
87,512,519,495,82,192,1
35,750,310,895,1184,2516,1229
154,750,919,620,1126,2063,566
99,750,1816,1215,2071,730,513
79,750,1284,1131,2297,2084,224
1,750,694,241,817,50,1
102,750,693,2307,1783,774,1
51,750,2219,1385,311,363,1
142,641,1535,1752,1618,1748,809
1,750,218,212,1593,430,1
99,750,1860,606,1331,280,1
150,618,1730,2350,1698,2388,1365
236,750,2480,1546,2510,1792,1007
91,155,723,1746,1000,2114,1073
30,750,1307,705,1027,1967,1
1,680,123,62,1422,1975,518
15,166,125,284,1379,1483,285
117,356,1306,1788,1467,1844,1
170,750,2126,1892,2239,1862,1004
84,750,1410,2119,2572,2027,1389
28,108,150,206,41,407,1
99,750,2327,1760,1358,1433,808
87,750,771,2371,2232,1775,1216
35,750,452,378,844,4,1
203,730,2280,2456,1430,1311,612
116,678,2309,2121,1240,625,1
99,208,1870,1665,501,41,1
109,750,1342,1408,2429,1870,1
132,706,1125,520,1669,71,1
58,398,202,377,60,130,1
1,310,664,641,613,1663,833
143,750,2040,1515,2506,1966,1
231,750,2210,1227,2289,1392,625
46,402,642,597,522,231,1
1,1,2,103,119,2035,1
58,342,1416,2154,525,2450,1040
1,750,197,83,1420,17,1
19,134,1146,862,769,1380,1
130,750,2307,1883,1055,545,285
87,750,979,1134,2153,2211,901
224,750,2316,2271,1881,1880,614
99,750,331,861,1350,1278,867
1,570,1,92,88,21,1
152,750,2462,2408,2482,2462,925
194,750,2356,2496,2271,1722,874
77,107,1462,2279,1252,1379,1
52,750,381,346,1191,835,1
100,303,872,568,639,1683,1
1,9,164,136,63,2410,728
30,98,1450,2228,1799,2534,1321
28,750,727,351,716,647,285
11,35,170,1880,1206,2406,1387
69,198,637,784,110,1082,1
259,750,2536,2039,1877,1838,1
100,750,1835,976,1664,703,1
103,79,326,515,436,1265,490
206,750,2493,2529,2313,962,820
87,750,699,420,690,112,1
25,750,231,204,1892,1008,1
51,198,387,687,434,190,1
30,750,237,435,518,380,1
118,750,1240,364,1650,67,1
10,750,145,187,809,46,1
119,228,748,633,83,122,1
77,750,447,137,705,22,1
99,335,556,379,264,495,1
102,750,1407,1126,2470,2467,857
1,750,132,77,1130,52,1
26,85,569,749,1017,511,222
46,154,437,384,689,1242,424
71,404,1492,932,1554,1117,479
143,750,1578,1222,1507,1064,348
87,196,1911,1917,2131,2325,821
29,750,129,186,1738,63,1
46,750,273,500,1218,804,1
180,750,2289,802,1307,321,1
270,750,2559,2332,2528,1175,250
133,656,1586,766,861,1384,7
51,750,830,470,1143,1848,1
78,750,2391,1681,420,1762,285
1,282,1059,193,612,2294,1
34,277,1652,1812,644,1530,597
87,750,790,347,1247,588,1
142,707,2093,2368,982,2111,12
1,691,1262,413,734,251,1
46,750,1259,880,1317,660,72
28,161,427,592,1347,2537,464
227,750,2540,2235,1423,1759,1253
95,326,1088,1635,2041,2523,1206
25,542,572,621,478,815,1
52,292,1193,1195,1137,2443,412
245,734,2497,2231,1777,1581,113
34,692,467,322,1065,409,1
202,750,2509,1280,1867,377,1
130,750,1534,908,989,901,1
89,325,1275,1027,325,1085,553
235,750,2422,1822,1757,786,146
87,161,505,1080,323,156,1
1,750,292,278,889,2122,1
85,750,742,1764,2266,1184,36
46,750,517,207,2170,421,97
143,750,2223,2397,2424,39,553
1,7,40,168,446,2094,1
62,750,1028,2127,2395,1399,957
208,750,1848,1698,2014,2141,273
205,417,2283,1932,1946,1886,1130
41,750,976,1725,1338,2164,882
14,750,1166,2239,1703,553,1
118,406,1620,1266,225,435,1
12,750,710,624,439,513,1
119,510,518,1207,875,298,70
52,178,423,743,109,486,1
116,673,1696,1409,884,417,687
90,750,920,926,526,416,1
71,483,585,622,299,171,1
142,750,1567,756,1394,195,1
93,750,1080,1448,1616,1342,285
215,750,2508,1786,2546,2214,1131
147,465,2390,2080,1259,669,256
248,750,2524,2574,2282,673,320
1,7,55,5,139,1460,112
127,750,1642,1527,2521,1925,419
46,750,984,458,1403,1567,1
79,750,2014,1821,2529,2351,1067
60,733,2022,1858,691,1516,621
109,547,1993,1970,1058,1742,1127
68,750,1811,1634,1237,473,1
78,132,935,2555,1829,2446,1358
10,109,226,128,112,54,1
121,612,1413,1953,1904,2155,648
201,750,1887,1609,2382,2156,278
43,56,794,491,230,293,111
69,671,1443,1642,1524,1454,40
77,76,276,510,368,418,285
39,376,112,1489,1014,2225,759
1,750,789,127,781,268,1
35,596,284,735,959,1408,285
22,372,375,151,1355,599,1
1,84,66,179,167,1451,194
57,64,14,536,200,977,1
134,473,1748,2129,1012,919,211
67,750,958,1954,1236,8,1
1,750,278,21,1067,1417,1
190,750,2211,1816,1817,1065,1
121,750,1923,1595,2233,1076,582
37,750,350,1117,2059,714,1
45,95,1376,2195,2075,2232,829
1,100,833,483,1226,933,1
146,519,1609,2049,1820,2210,1294
162,750,2082,2162,1678,2132,1030
135,750,2190,1731,943,1715,94
16,23,42,354,86,114,1
1,7,187,34,56,737,285
74,564,1233,1790,978,1851,312
4,522,77,496,1656,453,1
28,36,322,196,59,59,1
7,750,69,371,1349,1698,646
124,750,1154,1056,385,1235,1
100,727,2115,1318,1574,1980,973
21,41,807,476,296,2006,1
28,750,370,1216,2000,1640,910
125,518,1692,1466,1310,1087,865
52,510,587,830,1097,1410,739
1,750,1,90,380,94,1
148,750,2512,2441,2225,955,883
69,750,2361,2358,1585,1402,310
25,198,709,208,490,1689,319
143,750,2102,1133,196,36,1
21,750,1021,1186,1692,1264,801
96,313,2383,2533,894,1262,1
215,750,2042,1848,2130,1821,699
1,750,67,76,1878,1447,377
1,6,83,141,16,382,1
154,559,1606,1357,2532,2128,780
1,12,76,20,18,1189,1
137,750,1728,1703,2432,1823,859
144,750,760,1118,1773,1876,756
1,59,280,661,216,1964,221
10,750,779,2405,2492,2586,1427
79,388,1698,2013,2174,1554,990
39,750,526,252,1391,466,1
190,750,2184,2478,2135,1356,767
107,750,1618,1052,745,522,1
115,750,1031,2246,981,446,217
107,750,1160,912,1183,1785,1020
47,750,631,1612,2334,2495,900
1,750,1,111,1074,27,1
25,115,54,855,286,1612,659
215,750,2050,2206,2245,1768,1287
215,597,2181,2534,2290,1346,1218
1,750,124,25,744,184,1
78,117,778,1823,868,558,553
1,750,107,33,881,307,1
130,750,1442,628,604,247,1
129,750,2016,1769,903,717,189
143,750,1934,2251,2427,1469,853
65,750,1337,1442,2036,1378,285
52,568,809,1157,799,630,1
46,750,2026,1783,1321,1301,1109
79,322,1287,242,537,419,1
190,707,1673,1971,1931,2121,143
94,200,893,1475,675,1439,510
1,121,1861,1282,133,285,520
77,422,603,1961,924,1935,845
116,750,1838,753,1220,971,1
51,750,469,260,1273,333,1
52,430,356,949,307,538,1
62,750,730,492,1497,1029,285
46,470,861,672,1941,1241,11
35,750,402,1144,2312,2172,1285
62,348,1680,731,289,1135,1
150,395,1660,1373,1427,1600,938
154,750,1743,1717,2067,638,285
46,75,811,1926,893,1081,589
109,358,520,1147,300,454,1
61,750,1347,525,658,147,1
51,501,1394,219,166,43,1
107,433,940,1208,976,2336,894
152,750,777,1766,929,1501,673
79,750,1070,1676,1933,543,678
93,750,1963,2210,1844,1927,965
1,750,158,37,1101,2472,542
55,407,702,825,1786,1552,956
90,750,1048,1122,1147,1244,285
25,750,648,259,1587,279,1
149,475,1547,1332,1654,1911,1
151,750,1959,1535,489,1137,158
30,750,380,263,1630,105,1
79,245,522,1399,1908,2249,1332
57,750,1033,473,1490,1304,564
1,9,247,126,69,157,1
177,713,1853,1386,1369,796,630
89,750,346,531,882,203,1
36,750,152,376,2208,1937,1
14,750,253,153,1604,644,24
21,656,2143,981,427,1626,297
48,750,1010,503,1774,1660,585
46,750,968,1785,2380,2237,1
35,750,1501,1275,283,2390,1056
167,745,2395,1563,2050,941,207
162,377,1616,1842,1525,1629,1182
1,750,1,38,2244,1098,1
215,458,1805,2568,2418,2551,1408
20,80,558,428,189,1223,1
69,750,498,1016,1803,1658,1
1,750,1844,774,339,93,1
77,568,900,806,900,2057,553
100,698,848,982,1808,1416,365
1,12,302,49,143,1199,272
1,750,712,704,140,223,1
59,750,607,671,1160,212,1
51,129,290,397,34,484,1
103,210,1314,1284,534,934,1
154,750,1008,1302,408,947,1
30,66,787,2476,1750,1692,553
71,153,613,1350,187,265,1
25,442,1343,1206,1193,1960,795
69,219,932,2116,828,1315,1
46,22,233,955,213,922,810
129,750,1733,1276,1918,685,1
1,750,63,50,1139,209,1
185,750,1815,2134,827,799,1
139,340,899,715,630,356,1
99,704,2020,2310,2051,2023,553
1,750,1598,1064,838,460,1
79,242,639,1000,400,1389,1
129,750,1657,1896,2214,2481,891
28,750,994,224,908,1509,1
169,750,2364,2540,2574,1969,1388
1,750,1493,993,1665,143,1
121,540,1992,1881,472,128,1
17,285,1288,2151,146,1431,631
39,750,257,407,631,1253,1
166,731,2174,2264,2055,852,99
35,750,117,416,445,1908,1
28,750,683,651,1932,2332,1221
109,750,2156,1211,910,2554,413
158,344,591,987,1009,698,1
1,49,222,318,291,291,59
64,750,601,1097,2397,2095,624
85,496,1079,745,1211,1066,28
26,611,706,1438,754,748,356
143,337,1569,1600,1393,1865,1135
143,656,1681,1980,1702,1536,354
1,750,95,18,684,292,1
1,750,180,80,1293,137,1
71,494,484,1904,1072,2394,912
28,750,154,262,552,412,1
263,750,2488,2482,2562,2532,1425
260,750,2555,2493,2524,2470,1291
25,750,325,1013,1937,163,1
129,750,1671,948,243,167,1
46,750,271,750,1502,1820,1
151,750,1988,1986,2366,1003,634
103,553,1191,1976,597,942,1
30,109,106,272,341,34,1
17,18,207,1285,195,497,1
64,750,319,542,1459,2117,285
131,327,1668,1066,1051,1164,1
58,750,2293,2369,1309,1196,665
154,750,686,883,1645,1687,1
187,750,2303,1493,632,340,1
1,750,239,4,544,790,285
39,389,449,674,948,1004,800
78,750,844,1212,485,464,37
130,750,2229,689,101,411,1
187,488,1954,1644,1250,2360,899
12,108,288,157,158,831,1
55,149,744,1616,1169,1150,58
12,750,682,922,2127,2248,1323
109,471,950,1177,655,2280,637
79,746,1865,1019,2390,2558,995
116,750,1775,625,1544,11,1
87,335,1246,727,1318,554,1
12,750,1149,230,774,1307,1
234,641,2160,2420,2066,2068,611
58,750,2028,1472,1740,2475,769
14,750,1273,2123,2222,1774,796
57,184,1276,2045,951,1623,322
77,232,2003,2118,1468,1846,898
87,550,385,686,758,367,1
45,750,679,1021,1735,628,1
166,750,2225,2363,1833,1344,293
175,393,1249,1955,1557,1906,1124
21,750,507,556,1622,875,1
39,750,446,349,1227,481,1
35,750,314,560,481,1481,1
131,750,2445,1994,1402,1333,129
170,750,1796,2335,710,1863,1
132,470,1174,2143,669,626,1
77,750,1759,975,1329,1666,1
204,750,1802,2098,1281,1751,192
72,750,1097,925,1333,1977,275
131,750,1624,1341,1577,663,1
1,11,136,2,87,723,1
170,750,2228,2288,2495,1646,964
19,70,116,505,422,1606,885
71,395,1148,2283,629,62,1
1,750,1328,84,455,158,1
107,286,1173,761,1739,245,1
236,750,2557,2461,2139,1557,941
194,750,2282,2112,1613,1899,468
187,750,1247,2525,1175,2465,244
221,750,2490,2218,2475,2298,1407
62,504,440,273,1766,680,1
142,750,1931,2078,1780,2334,628
1,11,141,47,134,704,1
14,750,470,436,1277,1031,1
143,259,1987,2245,1715,2202,717
1,563,56,188,2061,1062,1
51,750,503,617,1196,236,775
52,106,1027,1274,1874,2515,1015
173,750,2248,2366,2128,1393,1268
143,330,2036,2249,1539,2278,697
61,533,1003,324,429,181,1
180,750,2483,2569,2558,2449,1411
73,673,877,1042,904,1800,1
131,750,1725,728,1032,423,198
119,448,1771,2542,2360,2165,1245
185,429,1955,1958,2158,1918,1086
1,363,44,31,252,740,1
180,706,2018,1372,1165,1487,1079
1,750,19,133,896,274,1
30,42,3,541,74,1366,285
116,750,2029,2402,2412,1218,573
150,542,1201,1586,2138,2584,1362
39,39,411,1288,438,1587,1
174,750,2358,1814,1305,891,1
171,750,1964,1557,2198,1303,1
143,750,1058,2011,1454,1574,1306
143,547,2263,2190,2437,2512,1396
52,750,1183,816,1406,878,1
30,140,666,572,322,992,1
119,569,1038,341,1059,657,1
143,550,1537,1910,589,1725,738
12,588,1558,524,103,224,1
100,576,1267,1762,2090,2368,1
166,750,1603,1695,2177,1351,26
135,750,2400,2250,2473,2455,1272
71,700,1257,1885,1356,1325,602
130,750,1956,2004,1042,439,1
58,639,1227,557,1682,1207,1
1,750,997,1204,741,954,285
212,606,1741,1470,841,2080,1
1,750,64,78,852,234,1
143,406,1087,1390,360,968,1
208,750,1596,1599,1687,659,226
78,750,1296,823,2122,970,1
99,691,1053,220,668,1694,76
185,618,2333,1112,686,665,1
125,436,2023,950,712,1063,1
166,750,1631,578,1634,451,1
91,750,945,1374,1807,420,1
51,750,816,1033,1022,1167,1
131,750,1670,1343,1090,107,163
132,348,1032,779,476,1598,568
226,750,2179,1797,1800,1789,27
142,750,1839,2427,2189,2435,536
99,750,1718,678,1775,580,30
1,616,363,306,345,640,1
119,544,2182,2455,2164,1803,1037
1,570,78,7,1632,1209,259
170,750,1172,1510,936,807,285
48,750,649,709,1635,1238,181
20,103,23,243,79,476,425
131,750,774,675,2324,719,1
24,31,46,521,433,620,1
236,750,2468,2082,2217,1079,734
89,750,2010,1437,715,1084,864
69,750,1602,512,1825,1128,1
71,404,1894,1839,274,272,650
14,90,1234,768,180,51,1
51,750,853,721,1851,2072,584
57,199,391,1439,1522,2197,1025
61,194,834,1481,950,2268,1166
119,750,904,1071,1198,213,1
124,298,969,1047,588,162,1
151,750,2503,2311,1924,527,627
148,662,1900,666,789,1183,135
35,750,114,271,821,690,1
143,750,2230,2354,2361,1472,1028
79,750,1433,786,1495,1904,1
29,750,566,1170,2307,1302,389
69,750,468,676,674,5,1
77,750,1531,1116,358,949,1
1,117,373,173,1068,1719,285
120,461,1487,2475,2531,544,1104
43,273,822,824,953,2459,681
142,588,1761,1832,1197,2015,1424
119,589,1344,1113,2113,2476,1316
272,750,2552,2509,2489,1822,1027
150,476,2393,2341,2141,1165,798
170,750,2329,1055,871,1214,397
58,750,1133,807,227,1181,485
89,342,1420,1550,722,1180,553
143,380,705,1593,1375,1726,523
87,750,647,1120,1990,1136,1
30,750,633,2518,2081,1817,905
77,375,383,280,46,1531,508
149,538,1218,1445,1049,2152,1346
109,750,1812,2575,2570,2580,1284
12,11,384,205,178,542,1
154,750,1801,2382,2339,2081,478
89,750,621,2054,71,1172,1
92,750,1316,1384,1642,801,495
256,750,2388,2173,2355,2220,432
12,750,529,418,1380,1193,1
99,750,2376,2297,1723,2026,828
262,750,2406,2410,2474,2163,1394
21,323,1432,1591,964,493,285
16,359,378,563,1615,2246,538
69,750,101,167,197,929,128
140,750,1022,1041,1683,784,1
186,643,1471,780,168,200,1
65,740,1822,877,1578,1500,1
99,750,1434,1121,662,739,1
69,750,938,1292,1977,2058,107
216,750,2385,2060,2538,196,605
152,750,1709,2109,2275,2201,1334
261,750,2458,1743,1984,1083,51
143,750,1877,2329,2468,1517,353
90,570,1688,2018,1024,1630,417
178,750,2142,1818,2017,1350,1
109,750,1929,1985,1453,1498,1183
30,253,799,356,49,1118,1
144,635,2005,1114,528,743,1
162,750,1685,2395,2034,589,704
241,750,2362,1983,2347,2075,778
77,750,763,1420,1052,533,441
1,750,130,26,498,1198,1
220,750,2326,1655,1651,1489,361
46,154,652,817,1438,2491,1151
170,750,2189,2376,2102,1248,742
187,270,2063,2486,2491,969,1400
150,750,1248,1020,1195,153,1
224,750,2439,2277,2247,2171,594
225,750,2381,2396,1853,485,932
180,621,2351,2471,1190,1888,664
35,270,1186,919,780,825,1
78,569,1438,1091,1914,1456,683
143,553,2068,2449,1850,1355,553
223,750,1902,1873,1902,1273,1
69,179,573,2066,1545,2387,860
143,750,793,1143,1732,1086,1145
131,196,1404,2416,263,2308,1139
30,592,303,549,788,1553,706
176,750,1732,2002,2381,2529,1171
267,750,2560,2184,1852,1813,285
99,750,1352,643,972,1250,210
152,750,1250,1898,2056,1836,1
238,701,2567,2585,2374,2242,1242
62,710,1623,1521,824,129,1
131,750,2487,2567,2408,1521,790
1,1,1,86,3,357,753
107,528,1550,2477,2076,1987,1012
99,750,1440,1991,1809,592,382
208,348,606,1239,443,528,1
91,346,1084,2126,1555,1103,848
133,750,2155,1927,2107,1860,267
35,750,294,380,132,475,1
29,130,414,373,298,235,1
12,42,37,143,535,395,15
100,750,784,1950,909,1015,420
1,58,243,339,24,81,1
269,750,2501,2203,2180,1656,531
220,750,2104,1119,2161,822,91
119,301,1481,1978,1960,834,512
154,750,1791,1653,373,322,1
165,750,1398,792,1235,597,1
125,750,2200,1869,2284,1466,280
51,750,697,677,560,1126,1
199,642,1251,1039,1275,1608,462
171,682,2418,1908,2154,2432,1304
205,750,1277,834,680,556,89
25,750,234,338,1458,622,1
12,108,286,114,452,1462,649
131,610,1817,1316,2047,884,1048
154,750,2246,2207,2341,759,792
20,583,474,300,1100,794,1
160,750,1916,1608,907,1949,779
1,9,307,63,42,243,1
216,750,2417,1820,2165,1923,1
274,750,2520,2077,2302,2247,372
102,321,1756,488,218,73,1
110,469,1708,2056,1478,920,789
180,750,2527,1849,2110,687,104
21,750,190,266,737,1651,340
111,384,1318,2268,1455,1970,233
133,750,2441,799,2146,2314,1
226,750,1798,2428,1296,1227,1
180,676,2284,1875,1491,602,369
143,750,1772,1426,1442,1879,498
138,608,570,896,1208,202,1
161,514,1591,1388,242,1556,1
100,421,622,946,1889,205,131
1,750,128,8,772,442,1
129,750,2186,1145,222,1100,818
151,270,1303,2124,282,449,1
116,750,1958,2086,1070,1006,336
103,573,1065,555,120,1675,1
180,750,2087,2343,2123,2568,1045
144,750,2017,1664,2120,216,449
61,750,1400,1454,1579,2126,1172
58,208,546,1180,1541,978,1
46,210,1039,177,239,749,1
102,750,2083,2147,1096,734,1
20,750,119,162,914,1551,1
143,750,1846,2388,2227,2243,1391
90,750,2461,2309,2221,2366,1046
173,750,2209,2560,2181,2339,1380
157,709,2048,1218,1538,277,1
99,750,1076,2333,2188,2420,949
1,750,68,130,512,308,1
46,154,825,1163,766,287,285
87,750,1441,1088,1549,789,1
131,283,708,1221,752,324,1
130,750,1658,846,1556,1077,1
40,591,523,991,1313,1427,528
46,363,1212,1492,1129,1589,671
22,165,368,178,179,938,1
74,750,420,1488,1342,1239,456
208,750,2299,2430,1861,257,1
99,210,1013,609,81,888,1
87,750,562,836,1174,166,1
152,550,1298,1837,579,467,285
23,202,1366,937,564,2572,1256
77,222,1561,1968,538,404,1
46,100,1142,2531,2287,2587,1247
143,337,1230,1201,423,126,1
185,750,1355,712,2032,1422,1
78,750,931,553,1370,2396,422
69,523,1868,590,45,1159,1
78,750,595,1106,1421,1895,797
110,750,1061,1230,1917,1005,1
45,750,1162,330,610,1154,86
62,680,653,508,1151,225,1
51,750,1300,1806,1902,1934,844
28,750,450,229,1629,113,1
46,487,800,368,294,174,1
82,478,966,1402,2455,2389,915
1,750,39,36,580,85,1
144,750,2062,1861,2187,2231,392
78,750,366,655,1761,2525,405
77,272,473,170,275,471,1
243,750,2448,2326,2060,754,282
25,158,798,343,152,133,1
143,366,1773,1545,486,1295,285
102,319,1460,1310,757,1041,220
99,750,1353,2006,1079,2282,1296
107,750,937,1836,2005,1588,474
161,663,2118,1835,1954,2281,1161
12,157,610,108,37,9,1
78,750,941,1336,1608,1177,68
52,378,1424,2370,1685,462,591
93,162,1331,2073,533,1095,711
10,42,341,444,235,390,121
151,750,2420,2510,1674,30,1
61,328,762,809,596,1537,118
99,750,1384,1825,1431,675,1
52,215,343,879,801,1563,1
142,750,2238,1776,2566,775,1
51,270,486,1247,980,1816,947
28,230,456,994,977,1371,428
61,211,707,2453,1863,2520,1377
1,750,1312,632,833,378,1
35,161,614,644,1125,2543,1153
85,750,733,966,1827,1347,1
194,750,2285,2576,2248,1634,1255
152,750,2404,2308,1972,1345,1
57,141,462,636,1035,1400,1
131,523,645,1015,361,1258,197
125,750,1513,1287,1729,2029,134
78,75,678,2284,653,838,1154
115,750,1886,1777,1695,1621,1
132,333,936,570,527,1010,572
129,750,1461,1191,586,2014,1269
61,266,1525,1231,1357,2158,61
143,750,1210,599,819,649,1
246,750,2566,2372,2442,2227,763
149,636,1415,1234,849,1497,285
39,750,533,992,1701,1358,367
35,750,750,659,2525,2547,700
182,750,2072,2338,2420,1678,1325
30,750,525,264,949,982,1
187,750,1999,717,1517,843,453
187,750,1957,1473,2502,2350,895
143,750,1823,2543,2379,2270,1419
35,208,272,412,70,271,1
1,750,1325,198,1019,109,1
161,750,1972,1465,1641,474,571
144,357,1910,1026,1722,1777,90
137,131,1874,2487,2052,1766,720
110,529,2334,2580,2564,2527,1260
28,334,1484,1993,1726,836,819
1,8,47,70,51,99,1
108,742,1908,2031,2149,1808,352
1,750,179,6,1031,1009,1
183,750,2137,1691,2048,1251,640
66,287,441,1202,1534,2347,1259
19,102,1676,863,336,738,285
35,750,917,758,791,636,1
103,750,2114,2085,928,353,553
103,348,1584,878,401,793,1
51,226,460,574,115,1781,1
34,80,588,973,673,1388,1
10,750,367,201,1268,1132,96
144,649,1196,618,251,585,1
69,592,1559,2351,1731,2131,970
51,750,509,1434,2065,1519,880
30,145,248,528,221,662,1
1,12,189,9,5,701,1
181,586,2397,2364,1216,1195,1
58,750,1766,2322,2549,1835,511
116,659,2075,2520,2308,2031,1233
47,197,806,1567,1204,2352,888
79,664,1553,970,464,226,1
69,750,1105,707,753,1090,1
94,310,2152,2254,742,616,553
69,104,471,365,346,487,1
51,480,516,668,558,1155,563
190,750,1710,1476,1489,691,64
119,616,1429,1566,1746,1770,448
20,179,410,223,532,519,1
131,550,1380,2062,509,1736,773
35,750,263,394,2004,1686,1
103,750,1464,820,1899,854,285
131,723,1762,1317,720,1744,49
51,57,296,764,304,1772,1
30,750,1295,279,1200,557,1
162,750,2279,2298,1344,1493,601
62,109,751,1864,603,397,816
101,294,864,1508,987,518,1
1,151,84,66,26,320,83
1,750,50,13,389,177,1
215,599,1845,935,850,1398,1
89,566,1189,639,456,983,1
1,547,157,29,220,1,1
194,603,2345,2367,2484,2192,1378
84,750,1737,1536,1614,1370,378
161,750,1451,1173,640,885,1
77,318,417,423,890,1625,208
30,750,609,1382,1107,1972,603
191,750,2130,2047,2467,1178,1033
16,82,318,217,319,617,1
51,282,2030,2041,453,1120,553
1,37,139,165,43,1992,101
1,174,557,426,182,1940,19
49,167,269,465,214,1758,1
202,750,2331,2103,2413,1951,1211
87,750,1089,759,676,104,1
76,299,868,873,944,1874,285
69,750,85,619,413,465,285
142,750,2297,1597,574,566,1
87,750,1023,417,219,1858,69
252,750,2542,2362,2212,1326,908
262,750,2561,2571,2500,2509,1201
35,580,32,117,414,148,1
136,477,1348,1127,578,623,1
157,750,1872,1054,2534,2020,823
78,162,490,1347,198,643,1
146,623,961,2003,1879,1997,716
131,332,2352,1666,1696,385,436
194,750,2426,2481,2543,1312,781
177,647,2270,1712,1612,2194,977
39,300,1037,517,2213,1818,620
43,735,782,1826,1935,2110,999
115,654,2366,2016,993,1639,193
67,750,513,498,2434,1809,868
77,170,674,770,1098,848,254
116,698,889,1414,2184,1028,247
152,750,1942,2316,1469,1332,1063
78,184,802,1702,1348,2590,735
99,358,1302,2081,2025,2490,1220
35,750,1928,1167,1157,581,285
71,750,459,462,876,551,1
116,704,768,732,682,402,1
186,750,1242,1611,1181,496,46
39,750,901,1354,2376,1750,239
205,405,1682,2240,726,515,1
154,536,1755,871,177,206,1
251,750,2529,2544,2509,1681,423
269,750,2568,2586,2580,2421,550
116,361,1621,1260,127,441,553
100,750,1655,1261,1797,1361,85
139,274,722,845,840,699,349
250,750,2502,2282,1802,2021,1143
1,318,118,10,587,23,1
1,572,99,81,425,506,1
202,750,2505,2229,2259,2401,1188
47,527,103,499,620,845,674
170,750,1924,1154,1284,840,516
129,624,1912,1919,996,2328,872
154,750,1073,916,406,477,1
69,679,611,292,1028,994,1
34,750,1446,692,2062,2357,534
255,750,2317,2280,1955,1522,1263
85,666,2262,2100,2293,2004,1091
69,480,827,1882,1759,1383,1039
190,599,1847,2202,2353,2398,942
87,750,1147,1171,794,1261,1
137,543,2290,2495,1383,1026,817
1,1,1,23,1,141,285
129,750,2296,654,1976,66,355
14,750,739,747,1044,1484,1
92,750,1069,719,1303,681,1
142,495,1650,1183,1586,1642,693
7,685,1678,1396,905,2062,459
100,528,1093,972,975,1702,285
62,114,1265,1638,1108,952,285
198,750,2416,1937,2028,1591,1215
223,750,2007,1543,1176,1033,1
162,750,1841,2387,1282,152,491
154,750,1666,2505,421,1512,171
143,592,2177,1952,2132,2093,1005
198,750,2172,2156,2096,1524,370
237,750,2476,1648,1071,633,1
143,750,1200,1283,717,48,475
133,168,767,1530,1352,2230,871
71,750,1452,1700,583,1263,1
16,188,905,579,599,898,1
185,711,2323,2508,2327,1145,931
148,750,1794,1349,2112,1467,517
28,750,561,451,1219,2125,1335
131,211,445,1415,822,2234,1010
129,750,1498,1682,492,990,1
52,60,267,1581,1013,1114,1
25,84,188,255,203,1232,1
115,750,1178,1857,1285,2424,1113
39,162,578,943,507,2544,153
134,441,1644,1716,1572,2129,327
180,750,1983,1924,2043,1446,1
6,13,140,82,502,450,1
12,171,1388,1742,175,1705,1
99,750,1659,1623,823,210,296
52,750,944,421,1636,679,1
162,750,2088,1461,2077,1078,52
179,594,2170,1965,1203,562,1
35,546,859,290,367,201,1
99,750,836,1132,2536,2556,1349
99,490,846,736,376,1059,1
28,108,661,1540,68,182,1
58,750,689,537,1092,1804,1
89,331,1399,1463,1395,334,285
110,684,2004,1555,1115,692,1
39,158,232,340,405,2376,1
51,342,1175,907,750,2076,1
78,750,1243,1253,646,1855,257
77,390,1573,2104,2378,2496,1379
25,750,643,315,1592,972,411
205,750,2369,2079,762,1946,162
71,184,850,453,372,49,1
58,254,1310,928,866,1480,407
1,750,1,147,651,110,1
165,216,1397,2345,1699,2485,1290
85,269,828,1237,205,326,1
69,750,704,268,773,674,1
143,750,1946,2348,2537,1847,887
199,750,1601,2088,961,2070,204
46,750,1049,2196,2373,886,709
238,750,1769,2377,2425,2259,1342
17,750,583,582,1737,383,1
143,750,1951,1940,2415,2049,1308
109,511,1066,1190,2033,713,1
142,750,1357,1860,1407,2382,1058
169,750,2066,1565,1314,973,590
10,304,719,359,337,1287,1
107,750,1804,1879,2105,1645,1341
30,36,995,2256,1576,1798,341
97,750,673,951,1575,1690,1
46,750,500,1129,2315,2498,777
28,17,104,930,78,1578,285
131,458,1204,697,873,1601,623
154,750,1435,740,482,1607,1
77,348,1507,2483,1964,2500,1373
215,750,2419,2561,2299,1337,919
78,750,1055,302,391,1109,1
86,302,2507,2507,2363,191,386
46,53,577,1335,44,178,1
73,271,626,248,403,618,1
39,750,975,403,1733,1211,1
186,671,1614,1424,328,839,1
34,750,1217,1255,915,1340,285
78,750,1829,2360,1581,124,285
266,750,2313,1916,2243,1735,1060
69,750,371,270,551,548,1
93,599,970,1528,2268,2018,545
229,750,1909,2226,2016,856,276
200,500,2154,1975,2263,1539,825
115,750,1323,1304,1631,917,526
99,592,928,760,1178,2510,1148
215,750,1285,1182,1450,393,305
28,334,786,190,497,1142,1
197,750,2398,2359,2368,1330,1089
51,750,1341,2157,1399,1246,1
47,101,251,682,1048,1962,963
159,750,1779,2021,1956,677,924
20,59,160,218,188,270,1
58,642,1969,909,571,2304,1
180,750,1236,1418,790,438,1
39,32,35,296,204,2379,1125
22,201,300,235,516,1354,1
1,29,30,298,75,1173,1
131,750,1970,2180,1865,2456,541
26,73,339,616,749,1324,285
39,569,592,1192,2057,1633,380
144,532,2314,2303,965,2099,1350
99,501,992,581,616,1373,1
119,390,891,1153,649,1331,695
99,750,943,415,1814,1419,1
1,750,365,185,1007,896,1
75,717,1800,1945,1038,1385,141
143,750,785,1323,1528,371,1
143,587,1994,2437,1885,457,1
1,750,1,53,163,222,285
5,750,96,166,1214,238,1
1,750,111,148,2058,555,680
162,750,2000,1217,1920,1158,1
69,675,1792,1401,1006,1585,881
31,233,908,1440,410,1624,1
125,750,1662,1265,805,91,1
150,750,1520,1870,1563,1628,543
4,239,17,203,826,1297,622
9,750,256,497,1327,725,1
28,301,724,1464,739,2103,363
243,750,2446,1942,2190,1717,794
236,750,1903,1688,1512,853,1
151,618,1589,1089,733,1506,1
120,324,1115,1074,636,1293,1
160,621,2098,2182,1569,2409,846
115,109,665,1654,164,346,745
180,750,1702,2114,2301,2391,918
1,295,532,363,431,76,1
1,50,1,85,11,1826,133
132,750,1890,1256,1794,282,1
21,67,275,233,224,29,1
29,279,433,706,202,194,285
264,750,2550,2591,2581,2331,1414
216,750,2450,2502,2583,2238,1367
143,750,2489,2583,2575,2484,1429
175,750,1232,1680,1919,756,1
170,750,2045,2141,1412,1769,285
71,750,1358,1254,1109,563,1175
17,220,24,169,999,468,1
187,750,1990,1594,2224,2079,974
25,750,544,401,1300,37,285
51,83,651,1078,25,478,285
154,750,1518,1549,2100,1292,1
105,750,1895,2097,2269,2069,617
110,750,1778,1745,1670,1449,1032
78,750,2320,1679,2274,1917,188
28,84,746,1505,672,2492,934
77,750,2107,1030,480,1190,1
102,553,1834,1633,1037,2003,105
113,579,1907,1150,1626,1902,482
21,498,33,269,352,1382,968
51,750,894,965,547,436,892
1,750,127,14,114,598,100
103,654,1315,571,395,596,1
144,750,2006,842,966,940,1
244,750,2051,1320,2037,2427,1001
71,150,2194,2179,1591,1397,1196
100,187,926,1499,1124,824,633
110,621,882,2093,937,1780,1
119,393,1220,1709,1164,2345,1062
58,750,1185,391,1290,388,1
89,750,1716,1123,985,1533,1
191,750,2311,1768,1540,1322,360
100,267,1085,1005,266,1569,285
28,314,122,134,301,1139,1
101,280,531,1936,1425,2073,114
51,750,886,2033,2527,2416,1092
77,307,225,593,76,132,1
52,124,332,285,160,516,1
130,750,974,645,347,621,285
52,110,644,1412,1188,2299,1016
29,44,352,329,258,1731,285
99,750,1354,2064,1712,520,1
21,67,285,288,1603,1945,81
143,750,2207,2566,2329,2362,1310
134,662,2403,2068,1133,601,195
55,440,813,710,272,329,285
88,657,1132,803,1584,966,347
48,750,1488,693,2392,1547,493
99,750,887,1245,1588,1871,1071
69,581,1007,1008,2163,2034,626
162,750,1360,1094,2159,1670,1
149,750,2304,1045,2309,2056,1
130,750,1533,1580,1779,1842,1265
133,750,1529,2214,2407,1605,701
28,750,240,326,1681,1415,1
109,750,915,746,775,32,1
137,673,956,1135,232,872,1
35,750,2071,1984,2458,2118,270
1,1,1,112,13,2138,768
71,101,282,703,1270,1125,827
89,750,2471,2590,2357,2541,1370
46,338,1967,944,407,1274,2
1,65,1,46,7,394,313
154,536,2251,1627,1663,1734,251
135,750,1572,1435,2150,1900,948
143,750,2305,1656,1264,867,1
99,648,1821,1798,2414,2358,737
129,750,1863,2030,1516,317,393
202,750,2084,1794,1748,1852,1
161,750,2103,1780,1949,925,1
1,49,177,189,61,74,55
62,246,404,383,259,144,1
87,172,153,837,271,1650,299
143,750,1648,2106,2435,2370,1023
157,536,2002,1419,1094,1841,839
1,198,174,107,144,541,553
71,750,1975,1939,1747,1834,77
18,256,279,477,927,1362,285
144,750,2173,1534,1001,1963,285
162,750,1511,1082,917,712,303
144,658,1489,1469,765,609,177
202,750,2220,2347,2535,2437,1399
3,750,165,395,1063,38,1
87,750,1582,2380,1266,998,632
143,750,2052,2356,1159,1864,707
94,211,654,414,834,593,1
84,97,888,1662,973,1971,505
93,387,1411,1309,935,930,1
14,750,1155,240,1080,2269,776
64,750,812,603,818,1404,1
170,750,1938,1713,1308,2474,1208
10,750,317,539,1131,314,1
215,526,1615,2459,851,1985,1017
142,750,1814,1468,2147,1445,861
89,445,1203,2051,2144,1807,920
107,656,2106,1490,867,1916,1
180,750,1715,1732,1498,2408,1254
124,502,530,623,1330,267,1
94,750,2457,1718,1243,392,1
119,750,1700,1315,363,387,1
116,750,1270,1185,1132,866,967
84,142,287,923,1366,2457,1352
57,101,528,1692,305,711,1
133,575,1241,1366,1163,1464,120
221,750,2475,2302,1987,2149,1066
30,65,81,256,162,286,1
91,590,1119,1658,898,1490,467
77,254,1120,1444,618,910,1
1,572,563,124,770,488,1
143,750,1736,1636,1590,1017,985
205,750,1831,2445,779,2181,1258
150,750,2268,2451,2088,1343,240
181,750,1867,1165,1372,1053,1
87,387,1892,2221,1267,1982,1094
119,698,2011,1934,2143,2327,1239
73,750,1383,1086,2351,1284,5
25,750,214,154,1594,782,1
58,146,308,1383,584,2425,1087
99,750,1982,1104,1527,2411,791
124,419,1263,2036,2124,2483,950
107,750,2255,2344,2539,2536,1305
165,750,1104,1863,2369,1983,1357
102,750,810,865,947,296,1
99,262,996,1381,942,1334,1
1,567,168,161,513,1922,1
142,658,1704,858,922,1704,387
170,560,1600,1872,1638,1825,1181
1,1,1,139,53,2083,679
1,57,335,216,8,14,1
130,750,1208,1236,869,578,907
131,750,2019,2429,2490,1478,1340
25,680,313,152,782,656,1
30,145,254,342,353,1755,1
78,660,1519,1048,1749,2012,788
215,750,2506,2442,2236,1475,1225
93,750,1329,2024,1840,776,1
1,501,80,135,493,1094,1
207,750,2274,2194,2256,2001,1042
1,750,94,116,1433,304,1
57,184,259,2334,657,1703,1122
6,49,198,607,257,1111,1
58,750,907,695,1708,1861,454
149,593,2382,2436,2082,1887,1049
6,234,12,172,154,2175,1224
14,750,135,1452,1326,92,1
30,750,137,56,592,42,1
62,169,291,690,285,262,1
109,750,2344,2411,1907,524,682
143,656,1665,1610,2091,1743,252
1,679,731,546,1428,1555,1
99,750,536,390,1168,117,1
65,750,903,1196,1868,2307,807
116,750,1495,983,813,319,1
110,626,1922,1990,1144,2055,641
190,750,1953,1944,2333,1688,1
130,750,1138,1151,437,2431,692
143,406,1548,1719,2389,1996,1186
121,750,1167,1967,2586,1485,1019
165,494,2466,1585,1942,2142,1146
205,750,2043,1474,2276,1283,25
138,750,1202,1502,2330,1495,477
87,428,1291,1062,740,160,1
215,750,1245,2265,1087,806,604
1,6,31,121,12,918,1
107,515,1165,1827,995,1022,856
143,750,1712,2150,1721,945,732
39,67,1389,1899,273,310,93
103,453,1873,2259,1297,1679,227
39,750,379,357,1460,1713,285
58,750,182,680,411,305,269
31,548,246,310,687,728,1
77,750,1968,2318,2568,2589,1219
25,750,143,585,2085,1249,1
154,750,1369,1643,1306,1438,557
168,750,1869,1564,1804,2116,373
143,750,2169,2439,1872,2473,1243
115,750,1152,713,1971,427,1
48,96,421,1073,1111,2353,402
1,7,91,309,99,151,1
212,750,2500,1800,1639,2153,1209
26,111,171,353,474,1088,489
225,750,2363,1496,1982,325,1
199,658,2133,1305,471,1289,202
134,750,1128,1966,728,2042,1108
143,750,1904,933,1113,1294,1
120,750,1526,1782,1582,1674,721
180,750,1672,1081,503,65,1
128,750,1338,2027,2375,1045,1065
73,571,1645,702,549,1043,1
103,750,2408,1034,309,204,1
52,70,629,2087,1287,2221,761
152,750,2067,2200,1624,1815,199
69,750,953,1512,2264,903,109
87,750,2197,1554,2511,1764,1
216,750,2456,1069,2251,1682,1
103,750,1855,1737,2419,2386,876
185,750,2339,1705,1363,2016,3
69,88,743,729,1979,2417,1289
215,707,2112,2252,1684,1428,201
61,405,1986,2072,886,2505,1098
194,750,2465,1923,2399,1990,1076
146,750,1896,1243,2042,960,156
69,228,971,1007,465,1231,136
102,750,1114,1270,1260,1237,47
98,689,1985,1866,1085,939,1
31,105,885,656,268,227,1
58,750,1181,980,2342,1760,1
147,651,1820,1164,2387,2507,933
69,750,1641,1394,1405,2277,952
187,750,2346,1865,1263,948,1
99,180,1004,1001,131,1652,140
247,750,1686,1931,1041,1143,1
77,750,676,534,688,560,287
82,364,1517,2285,1756,1525,519
199,701,1509,947,2261,567,616
150,750,2241,2425,2279,1357,561
155,750,1417,2025,2285,1893,1107
89,750,990,881,1339,1050,546
132,750,1833,1748,2281,2205,1204
130,511,2159,2394,2325,802,832
1,750,115,180,1602,1718,39
252,750,2494,2216,2423,2373,1311
207,750,1888,2189,1039,1269,1
69,584,772,429,496,80,1
237,750,2562,2412,2517,1140,1
199,750,2496,1650,2447,2302,1176
25,83,545,796,695,1069,652
77,750,2161,314,1753,2098,1
77,329,819,714,153,1093,237
122,750,2308,2579,2519,2583,1428
149,750,2185,1108,2086,594,169
17,750,92,900,1086,521,1133
35,750,204,681,477,1418,615
116,148,413,2327,1114,2145,1348
194,750,2232,1722,1353,989,836
67,750,1406,1152,1716,1832,718
143,750,1640,1068,1232,664,1
154,750,1995,2136,2513,2591,1401
142,750,2092,1721,2497,2301,1078
1,750,311,28,1781,2501,1044
124,750,1466,1405,561,1323,1
1,42,1,89,84,1801,667
52,79,1102,1040,141,731,301
119,381,1330,1902,776,1219,711
25,670,485,313,842,619,339
107,691,955,752,1981,507,314
150,750,1739,1624,2405,2019,1351
58,272,548,232,39,89,1
12,750,340,456,1480,1068,1
17,133,871,793,47,2137,1
150,424,1646,1450,1583,2061,1
154,750,1579,650,1653,25,1
134,750,1054,2346,1922,1520,404
176,750,2310,1583,562,1156,1
84,750,552,1886,1483,645,470
29,750,328,385,1688,155,1
14,750,567,333,448,154,1
133,750,2147,2399,2117,2059,1276
125,484,2249,2205,1520,2203,554
102,466,1976,2391,2338,2260,1024
51,658,1274,1370,351,1756,122
154,750,1950,1669,727,587,1
132,750,1977,1246,2460,2412,1149
162,750,1858,1391,1876,1034,9
125,750,1086,1109,209,549,106
63,750,466,1779,1526,991,268
221,750,1898,1392,1880,1544,1
189,750,2341,1313,2173,847,1
143,750,1774,1430,459,1359,1
199,722,2389,2393,2095,1999,1244
122,750,1605,1248,624,1739,117
51,750,584,409,1658,2090,175
72,750,1447,2500,2579,2236,1395
77,107,1195,1297,1182,1959,1236
185,669,1945,1299,670,1188,285
57,181,574,576,318,330,1
1,1,1,122,31,2403,660
30,750,616,2328,1980,2010,1081
116,468,1952,1330,595,684,1
79,750,993,1178,2401,1819,1
46,750,612,1831,1061,1133,1
110,750,824,2293,2228,1176,751
39,191,336,366,157,1458,1
162,750,2148,1803,2498,2560,1385
144,750,2292,1728,1158,882,190
51,53,776,1422,135,125,285
35,272,594,1907,785,2445,834
82,750,1282,1771,2391,1799,522
14,145,416,129,931,2369,877
1,750,338,183,811,755,1
20,69,424,325,883,1349,1
134,472,1785,1756,1466,2337,929
69,750,575,519,1073,627,1
5,408,1015,870,366,24,1
150,431,1216,1710,880,1452,1
30,567,568,1095,2440,2047,712
154,750,2460,2570,2436,2440,1420
69,250,865,821,107,1000,553
170,750,1653,1436,1398,2140,774
29,170,770,1358,870,2343,1248
154,750,1512,849,256,532,285
233,750,2474,1893,2148,1058,983
154,750,1214,1093,210,830,321
52,750,703,1184,2038,1957,529
177,733,2348,1792,1075,837,1
102,750,1356,1238,2242,2048,1084
67,209,736,2562,1718,778,595
270,750,2565,2019,2197,248,80
29,24,98,276,58,83,1
109,750,1387,1244,848,881,1249
35,151,419,323,148,750,1
77,750,334,1035,2421,1529,159
132,750,909,1049,1559,736,1
185,750,2001,1640,1607,2046,955
79,602,1979,1513,1030,1631,265
53,119,333,1290,1436,1676,496
199,750,1919,1855,1515,1174,581
87,460,535,903,660,313,1
73,750,1158,2159,2394,1933,1261
160,562,687,2492,2089,2085,1423
218,750,2013,1891,2040,2120,736
87,750,398,874,375,1104,1
69,554,1538,1789,1496,1614,502
61,750,1787,733,1117,959,1
34,750,475,653,1897,410,200
186,750,1724,1613,2428,2378,725
220,729,2396,1443,853,637,1
51,501,1723,2278,628,1561,830
185,750,2187,1859,2340,2346,458
129,750,1921,1148,1066,1984,488
77,750,1170,648,1209,1795,1
1,750,181,45,1382,1360,1
150,750,1913,1326,1401,661,1
143,480,1636,726,404,413,132
58,750,814,1582,1152,639,1
176,750,2443,2096,2354,1056,613
1,374,553,545,602,20,1
199,750,1962,940,2129,928,285
89,750,841,355,1464,1108,1
144,637,2109,1532,654,683,1
1,750,1,42,113,6,285
14,750,1161,804,2007,1889,333
84,644,1810,1059,664,1131,343
46,750,2049,1778,2069,401,1
93,590,483,438,240,249,1
67,208,634,854,183,2418,608
62,401,1436,1459,652,1727,71
46,750,2015,2379,2411,2091,722
255,750,2558,2498,2563,2531,1426
69,750,1122,535,732,13,1
78,750,1506,2458,2155,1545,447
87,750,1500,894,2385,858,294
1,750,948,440,1736,1206,1
191,750,1544,1539,1537,1805,465
199,750,2233,2269,763,1396,1
62,750,1611,1085,1625,695,1
25,159,321,327,241,1907,1
243,750,2337,1841,1842,816,1
20,212,753,913,208,331,553
202,750,2291,2392,2280,868,1021
69,750,1002,399,575,1275,1
64,750,488,889,1102,1494,1077
142,715,1656,1749,1531,2452,1018
25,58,615,1300,623,1476,1179
22,750,1555,684,857,28,1
170,750,1856,1672,1470,1281,1
39,750,1467,1514,1657,1837,234
143,484,1757,1911,1225,2486,1328
45,750,2054,2242,1280,2113,1
118,698,1643,1209,1426,373,285
39,269,749,844,247,278,285
78,96,1565,2001,933,1843,1326
21,59,144,358,570,965,639
143,750,1926,527,1413,18,1
62,750,1449,2418,2514,2530,1035
103,750,1516,1520,2409,2159,958
58,445,1211,1542,862,590,1
84,750,942,1037,2218,369,1
1,750,696,529,1985,1577,1
39,750,628,886,2118,1179,729
152,750,1563,1683,1550,2139,1
114,750,2485,2563,1435,1440,1
26,555,670,698,1486,1222,154
115,630,1157,775,1201,1267,1
179,750,2342,1187,2072,539,20
14,750,1370,1076,1882,358,1
1,750,93,159,1875,2380,443
102,750,667,441,1952,1491,1
130,520,1809,2474,1983,2461,1406
1,707,21,158,1389,1892,1
165,750,1813,2290,1909,1708,786
85,750,1628,2074,730,826,332
17,750,252,228,303,302,285
1,3,61,120,30,362,1
100,507,1078,1155,491,869,84
58,648,221,448,786,1401,50
46,482,159,999,1005,256,1
69,117,668,372,186,1496,274
62,750,1111,474,2111,1810,1
205,750,2386,2432,2101,733,285
268,750,2449,1421,2331,976,943
119,428,1253,1969,2094,2089,1200
181,674,1479,1897,1493,1336,384
215,750,2535,2286,2485,2423,1376
121,599,2431,2287,2137,2112,1227
51,149,418,345,563,772,1
215,679,2089,2166,2220,958,530
7,750,737,589,1215,1905,29
143,638,2428,1972,713,1745,553
1,1,1,19,4,809,492
12,445,879,236,386,1116,1
14,750,2125,1345,1628,1811,1110
202,750,2479,2331,2272,2338,1160
51,161,863,840,1567,1771,1
112,748,1585,1729,2471,1814,953
50,227,847,1228,963,1432,1
104,655,1917,2273,2443,1635,1359
62,387,504,238,374,1152,1
202,750,2511,2186,1945,1395,635
1,750,142,106,874,1057,1
1,750,102,51,1620,1707,376
30,91,283,638,338,1566,35
143,750,1522,1096,1156,1429,119
52,217,967,1083,1810,1442,295
243,664,2120,2130,2199,927,285
176,750,2167,2038,2400,1974,1
51,298,1252,447,778,2407,723
180,750,2171,1802,1135,1203,1
105,750,1483,1467,810,1636,1
203,750,2455,2457,2106,116,1
130,750,2504,1529,1050,686,260
109,640,1925,1263,837,289,1
107,750,1090,897,1795,721,1
131,200,732,2330,2286,2535,1368
130,423,2157,769,577,136,1
52,750,2034,885,1547,263,1
100,214,2380,2426,1896,1586,1041
94,750,1539,1032,1764,1216,285
121,750,1345,1843,2053,2533,1210
21,750,713,1918,2335,2429,1069
67,750,1444,918,1561,82,1
87,750,874,494,1354,424,1
61,360,747,1328,872,1672,253
1,750,250,532,1969,1806,126
150,645,2518,2438,1978,1773,981
99,750,487,814,2310,123,1
239,658,2151,1921,1488,995,694
135,310,1317,1868,1374,913,391
115,750,1991,1604,1532,689,1
228,741,1885,2185,1649,1092,281
143,750,2515,2588,2587,1657,1156
10,750,108,132,340,700,1
58,272,988,851,211,198,1
1,314,217,95,326,576,1
87,229,465,455,236,452,1
109,750,1876,1051,1325,1426,396
1,593,1145,964,116,142,1
93,320,823,2275,2003,2482,838
71,413,309,526,142,2305,862
30,72,783,1649,1138,2404,785
107,385,408,843,317,1503,476
1,382,281,254,1322,944,1
94,750,1335,2468,721,765,1
62,750,757,1453,1476,1138,1
151,750,2024,1233,1016,1468,292
58,208,1689,808,541,444,285
69,517,918,1757,1789,2212,815
58,750,1405,1257,462,2508,913
143,750,1163,2015,1927,1459,1011
61,750,1347,525,761,147,1
180,750,2101,2023,2486,1752,645
7,506,1473,787,130,1615,334
186,633,2271,1504,1103,1348,285
39,750,1135,490,1251,239,1
14,91,501,892,244,2528,647
111,750,2039,2488,2555,792,1164
196,750,2563,2528,1947,1709,1157
74,173,555,864,934,2071,686
119,671,2116,2172,1002,2310,727
71,558,1029,734,484,762,285
35,750,685,225,1597,60,1
52,80,965,2099,621,535,1
1,7,49,41,67,1693,1
135,750,842,2012,1384,2136,1158
103,680,2202,1617,530,651,1
152,270,1944,1308,1332,2036,1026
142,750,1677,1770,2384,1298,749
1,5,25,96,292,924,1
107,731,1679,2007,2314,1728,1
152,750,2517,2336,1510,1477,1
28,750,765,334,185,396,1
153,577,1943,2433,2063,1761,1318
30,750,59,635,569,1665,1
99,528,550,1356,1452,1168,1324
1,750,2141,513,1387,582,1
126,750,1293,1674,1230,1943,878
93,750,451,649,1447,760,439
61,750,461,724,921,641,1
119,750,2180,1416,1846,2548,906
120,601,2272,2431,2140,829,685
170,750,1807,961,1744,1020,285
163,750,1884,1929,1963,352,317
119,525,1470,1930,1439,1909,102
79,453,867,893,895,2348,236
188,750,2033,1767,2398,2037,799
131,458,1082,445,1141,389,1
64,750,2127,1307,1999,1374,173
116,750,1280,2219,2439,1245,1136
1,89,6,199,457,379,1
25,45,1025,2224,768,1338,539
1,37,1,39,149,2295,1085
55,750,327,850,1965,1256,1
1,58,241,282,333,2233,285
82,609,755,433,1056,16,1
102,428,1768,1251,885,1898,145
102,320,1556,1685,1443,2086,1
151,750,1998,2295,2292,2215,975
46,750,2095,1053,1388,55,285
249,750,2372,2565,1093,2400,911
1,54,8,175,6,15,1
1,336,53,67,1238,2195,406
143,750,2481,1799,1272,1767,285
25,750,74,408,787,876,782
170,750,2195,1632,2450,2200,698
187,610,2221,1102,1271,1699,285
165,750,2459,2511,2320,2454,1301
211,750,2343,2539,2590,2565,1250
39,101,820,801,1392,1979,506
69,355,448,442,73,494,1
179,737,2276,2289,2422,2494,1412
85,750,1336,914,932,871,285
121,750,1020,1533,1136,1252,579
79,750,2057,1628,1601,702,1
99,750,497,637,723,771,1
143,271,1920,2587,2476,2538,1430
35,750,1095,1010,2465,2311,1246
209,750,1966,1828,2108,1115,537
30,91,90,1087,228,1685,318
28,83,658,320,415,770,1
79,263,818,2312,1704,1236,1
217,696,2425,2469,1973,2186,1329
103,750,1961,2253,2193,1788,1207
57,643,524,1268,1289,2040,969
9,83,377,852,321,764,285
131,501,2073,1507,1283,1011,1
25,184,388,430,451,259,1
1,69,407,184,156,78,8
77,101,457,984,1244,1580,1
131,596,1528,694,743,1913,366
87,750,1570,2139,1127,169,1
51,750,270,289,1145,360,1
17,264,138,1660,190,564,540
144,485,1862,2135,2019,1986,1314
71,452,2324,2217,2169,2564,863
73,55,599,1668,1473,1655,1293
1,190,1,75,1883,2499,959
143,750,690,1517,267,746,1
91,556,1695,2536,1958,894,1009
55,750,1123,565,2200,276,1
9,750,857,773,1359,1507,148
39,587,401,375,633,399,1
107,154,337,1107,520,559,1
118,528,2100,1387,1323,844,1
69,750,1390,831,643,1729,13
125,724,1705,1160,1295,1857,164
99,750,669,1003,1373,1473,840
87,750,542,1368,1967,1054,873
143,750,1639,1992,1551,1007,1
131,345,2269,2044,1725,2377,703
258,750,2139,1739,1222,311,1
107,413,957,1038,656,911,1
78,750,1402,1105,812,1564,1
137,349,1395,1101,1120,1240,1283
142,288,1361,2171,2226,2581,1434
99,316,641,1949,329,1504,960
224,750,1255,1146,1320,1538,1
28,750,238,214,2029,1021,1
100,750,1198,1188,952,1018,1
130,193,1647,1577,1229,2385,1112
152,750,2414,2075,1514,1102,1
137,545,1824,1774,816,347,1
14,750,289,301,619,629,1
107,439,912,1200,701,1941,1
30,90,229,402,356,374,1
148,637,1541,952,523,1024,1
1,12,36,17,28,1194,1
60,750,1837,596,879,1290,1
141,667,2287,2262,2321,1802,1338
135,605,716,1156,249,635,533
220,750,2410,2152,1930,666,225
150,691,2201,777,1368,956,409
116,750,1112,1560,1298,1560,1234
1,639,1,123,90,2,1
210,712,2111,1570,1812,403,206
118,249,1788,1446,384,572,1
142,391,1187,1903,1898,1765,962
1,30,52,110,106,1434,285
125,750,274,931,2160,79,255
64,750,880,1240,1832,1363,668
88,750,1580,815,2145,2174,1120
207,750,2265,2558,2156,2448,1343
34,750,623,701,1717,1562,1
69,590,1385,275,161,316,1
1,9,20,54,123,145,1
137,725,1071,2133,2481,2333,1374
58,750,1422,1321,306,1981,285
180,750,2378,2319,1869,1089,1280
103,311,605,1367,699,68,1
89,193,374,386,591,1106,1
215,750,2370,1607,1429,1364,1
154,342,1782,1852,593,1738,1014
39,707,1437,1846,2483,2349,1163
207,750,1386,1342,798,575,553
102,750,1244,1278,756,415,1
119,233,1141,2305,412,1648,1
47,750,372,1291,1503,2284,744
35,27,89,493,468,33,1
139,736,2432,2122,1891,1711,1
143,750,1674,2263,2093,1697,1000
89,290,324,506,254,769,1
1,2,58,105,394,2222,242
107,473,2153,1223,796,1947,1
143,750,1965,1458,2291,2441,760
131,458,851,1061,576,253,1
57,750,792,1501,1742,2563,1093
213,750,2044,1647,1793,1508,74
25,161,728,1346,704,1247,1
60,534,1485,742,546,1890,43
51,750,624,191,1069,87,1
142,750,2165,1329,1095,525,1
12,750,1396,361,1419,218,1
46,750,1508,660,1414,1071,176
196,750,2140,2548,2569,2585,1372
73,166,349,1194,2010,2561,1381
1,9,178,43,36,2135,248
1,456,109,68,916,584,1
142,403,1582,2247,1668,1604,940
108,750,1339,1707,521,1611,1013
89,456,412,1478,1228,530,1
21,371,849,829,1207,2317,654
10,19,43,2065,783,266,1264
226,750,1747,1951,1822,785,1008
135,541,1989,2110,1212,752,1
134,462,963,1854,514,1014,1
57,750,881,1423,2359,1827,826
57,513,453,827,199,500,1
168,750,2350,1603,1776,1200,285
187,750,2288,2355,1148,384,1
78,180,684,667,606,1901,1
87,211,494,1754,820,2466,998
89,750,1808,2423,2332,2444,1403
87,457,866,1629,381,461,285
180,750,1842,1738,2453,431,812
1,203,1564,754,52,252,1
62,192,720,337,807,391,1
78,750,636,1303,856,906,1
232,750,2365,1295,1140,220,1
25,750,922,1161,1970,1535,1
116,479,1401,1573,494,803,1
133,750,2259,1538,2578,709,1
1,9,110,16,33,937,1
77,272,212,460,50,676,285
129,444,1933,2040,1957,2477,1333
94,750,2367,1747,2249,2330,483
89,535,832,901,645,595,1
150,750,1936,1809,2142,2151,575
133,618,729,1241,804,2321,771
169,750,1182,1974,2178,2402,1193
165,750,1403,2406,2151,2173,879
187,750,2546,2589,2542,2399,1170
271,750,2554,2383,2087,1091,1074
194,750,2338,2484,2571,2577,1337
196,750,2216,1574,1988,2123,675
131,361,895,1901,159,127,1
98,271,1305,1973,1648,509,1
53,237,1140,1242,1568,338,1
143,750,1819,670,539,1353,1
106,412,1530,1765,1758,1532,284
187,342,2008,2095,2431,2553,993
34,120,443,1337,524,1620,285
197,750,2409,1847,1847,2157,504
118,750,1776,722,2255,2017,1
199,750,2321,1400,1415,1444,108
78,750,1292,1810,2136,2291,629
107,404,1711,1547,1121,1757,399
129,750,1622,2037,2512,1921,547
58,750,320,352,1128,258,1
77,750,1740,1730,1082,335,1
1,693,463,336,1172,905,1
99,750,1000,467,1785,1714,1
107,365,1326,1043,293,961,1
64,61,405,1477,387,2097,430
52,187,491,544,419,932,230
34,750,359,584,1221,877,711
47,750,496,857,1763,172,1
143,240,1523,1998,261,318,553
1,54,72,181,128,1488,1
12,750,541,1652,1633,1912,82
77,198,369,348,35,297,1
197,750,1905,1851,2246,724,889
20,750,4,274,945,455,1
118,750,1381,1012,918,1208,1
51,109,579,287,66,1424,95
5,77,224,642,250,863,1
31,750,390,2313,2430,2489,1398
116,438,1350,605,85,164,1
103,447,839,1482,1518,1229,696
12,117,415,265,846,2578,325
64,552,1171,2059,2039,2105,731
57,750,1239,1690,707,833,285
150,750,1271,1884,1482,696,1
61,600,1717,1956,2553,2549,1397
1,750,27,160,1345,569,1
93,387,656,1518,1034,1457,442
192,750,2394,2120,2582,1882,487
159,425,1313,1395,1410,2009,362
34,101,297,308,246,119,1
14,36,399,60,57,217,1
214,750,2434,1606,1499,1039,151
78,298,870,286,343,2100,1
87,450,551,2222,738,470,1
57,531,815,1158,1385,813,1
93,750,1777,2501,2303,2514,1278
208,750,2328,1637,2215,1534,1
130,750,1594,2321,1831,150,79
89,750,927,1933,2204,1169,642
10,584,923,1480,650,1988,565
1,15,65,131,108,668,285
100,750,493,841,1231,993,1
199,551,1294,921,1269,1141,1
57,449,1949,2187,641,469,115
57,248,1334,2125,1823,1030,553
102,750,1290,2234,1600,1450,772
165,750,2534,2400,2462,2570,1128
162,454,2046,1867,1462,2161,285
30,135,1304,2294,193,64,261
28,189,617,833,1905,2182,1297
80,116,1504,1516,855,1055,285
46,123,508,1060,1471,1502,1
46,320,934,832,638,610,6
180,750,1309,1537,1336,185,116
170,592,1866,1922,174,512,553
240,750,2375,2192,2008,921,418
186,750,2354,2557,2448,2007,1339
215,750,1751,1706,2451,2002,897
1,750,1,71,1765,207,1
180,750,2059,1174,371,1622,663
138,268,1514,2317,2306,2272,1383
232,750,2447,2464,2192,1840,1059
31,711,681,548,887,1667,1
132,750,1117,1495,2216,1025,1
143,750,1333,1761,979,229,288
69,750,890,293,365,95,1
22,750,650,646,913,211,1
35,137,184,1065,2230,2266,1238
1,27,191,176,15,1266,1
21,84,695,739,331,857,285
162,732,2499,1630,1672,2064,1353
191,600,2401,2199,1643,2143,144
25,40,301,748,393,1443,1
25,66,175,93,201,1492,1
78,163,538,813,91,758,1
84,750,1340,2244,1691,1321,847
135,383,797,1724,510,705,1
124,392,1279,450,297,370,1
57,750,477,485,806,56,1
257,750,2521,1948,1546,1202,1
17,73,435,200,270,1368,1
69,750,355,317,968,1732,1
42,160,479,763,382,865,1
54,92,430,1344,941,88,285
237,750,2421,1708,1463,408,1
143,750,1042,869,553,648,1
25,699,549,1168,2550,742,980
243,750,2359,2522,1652,1099,525
236,455,2528,2517,2552,1939,1356
10,501,183,374,1026,1599,1
35,750,1612,2174,1640,1812,1022
156,697,1889,1592,803,810,1
253,750,2513,1962,2488,1998,926
1,195,97,197,55,895,1
14,750,489,419,911,1277,232
207,750,2144,2168,1961,2226,766
187,750,2231,2092,2237,2511,884
48,716,817,788,1811,537,1
133,750,1790,2274,700,344,1
46,750,1667,663,1599,230,1
107,750,1109,601,1553,658,1
85,750,1581,558,1796,744,1
51,143,403,1294,121,975,1006
170,596,1795,1622,797,2044,559
165,750,1852,1997,517,883,1
124,750,788,1411,1646,1230,1
25,750,268,2163,1060,40,285
109,549,884,1273,207,1279,1
28,604,860,174,1535,2559,903
252,750,2478,2043,2064,1919,986
39,420,512,685,176,2574,285
46,750,540,1631,777,2271,802
180,750,1901,1487,1647,2213,342
132,489,1661,2071,469,106,1
79,296,978,406,145,375,1
1,36,206,104,1150,2539,804
1,147,559,613,117,400,1
237,750,2061,2052,2030,489,1
1,4,73,100,92,694,1
215,750,2199,979,2386,437,1
12,526,249,234,1508,667,1
60,113,826,1044,1179,1653,741
89,750,985,755,1194,483,316
194,750,2247,1775,2185,1779,138
51,151,1077,2101,1782,849,588
172,750,2442,2421,2591,2540,1309
21,750,625,1224,957,2303,1240
143,750,2215,2236,1589,228,1
35,750,1456,658,1637,2526,1295
35,208,964,459,302,1044,1
62,336,1619,1699,594,1891,1
224,750,2427,2014,1962,1170,110
99,236,999,1856,226,986,1
57,175,1425,1497,1400,897,1
165,750,2392,1431,1849,1019,1189
115,750,1453,2506,2241,1989,1270
28,221,176,261,359,31,285
115,501,1505,1179,858,1243,371
79,423,1875,1645,2068,2582,1138
28,86,312,875,1815,1593,1116
199,627,1448,1684,290,612,1
133,413,1272,2215,1860,2344,951
89,290,2222,2578,1848,2566,1390
78,750,521,1226,1083,261,1
199,750,2204,2515,2457,1185,961
94,750,1499,812,1199,1130,1
14,36,896,65,237,880,1
109,750,862,431,1580,77,1
131,243,1714,1659,724,1868,1072
69,493,1281,1103,1064,1187,1
129,414,1857,2407,2073,1073,48
108,561,2208,2417,1677,2375,326
61,154,1486,2340,1700,283,427
143,750,821,1199,1992,2147,644
151,744,1758,1819,1279,1627,434
146,750,1731,1484,1928,2104,174
236,750,1477,2299,1845,999,231
93,750,2266,2158,992,987,285
176,750,2242,1362,1606,2283,358
51,750,1818,1947,2125,1221,936
1,639,29,125,399,84,1
99,578,1726,2452,2305,2228,1322
144,563,1222,1029,1558,1856,359
160,542,1475,1494,920,1376,1
51,750,576,566,1434,1866,437
143,750,2306,2061,2522,1668,702
69,100,1364,963,847,120,1
87,750,364,1176,958,586,1
103,750,1608,1641,1084,889,285
160,572,1744,2020,2365,2290,831
25,140,769,392,124,615,1
243,750,2413,2465,2194,2419,893
51,750,1056,898,2203,859,1226
57,224,688,757,173,536,1
1,750,121,11,191,208,1
1,1,1,27,2,12,1
102,750,1286,1850,1187,1268,32
1,456,718,514,548,950,1
154,750,902,2473,1693,2363,1223
94,750,1311,2155,2350,1671,1237
80,206,835,1946,1241,2092,324
52,49,560,1989,1020,2371,1192
52,139,155,425,997,2078,1
100,410,1143,691,495,529,1
152,750,2387,2055,1529,1965,813
143,396,1110,1696,1500,1741,1
25,213,761,1428,1821,2458,1095
111,750,1228,1701,1396,2442,672
1,9,196,102,77,75,1
71,196,740,1741,1745,735,638
159,750,2477,1250,2205,1572,1
116,458,2074,1727,315,561,849
84,643,1299,1393,1302,1619,127
62,750,604,835,2092,2324,41
131,423,1045,2292,1565,1413,688
142,599,1703,2349,1334,2359,1274
148,315,1683,1697,607,1197,1
14,750,758,554,692,180,1
28,750,593,1214,2452,2262,1302
83,750,1633,1333,2300,2497,1355
79,284,804,891,1660,131,1
78,205,1113,422,802,1300,1
122,750,2065,1298,2370,2286,1222
127,437,1691,1397,483,456,1
143,750,2438,2415,2480,2297,1417
150,750,2286,1483,1901,443,569
1,9,38,69,72,631,1
87,305,2196,782,192,364,1
58,750,426,299,354,343,1
180,456,1693,2102,2001,2414,1409
1,7,167,12,21,44,1
149,397,1937,2546,2554,2096,1327
1,11,88,59,22,165,1
102,721,660,2057,2116,1936,1047
21,472,186,1036,1299,1942,643
107,123,951,1365,860,2005,754
65,295,1879,446,379,406,1
124,557,1806,1377,1319,1405,1
119,617,1011,876,1057,1549,1
96,261,1012,595,767,366,1
51,750,1627,1523,1910,1286,843
79,750,1459,1456,2238,2013,494
182,750,2134,2084,1246,860,300
115,289,1107,1072,792,290,1
102,617,1392,1311,1210,140,264
181,750,2038,1808,1926,1710,1180
174,718,2379,2535,2548,2342,1416
10,750,199,58,442,69,1
143,290,1017,905,155,349,1
35,750,646,319,685,1782,9
14,750,856,258,504,761,1
131,450,1377,1351,212,1369,1
116,701,1883,2069,2499,1051,1288
46,67,306,466,277,795,1
245,750,2539,2532,2588,2573,1433
150,750,1327,1755,747,434,1
149,750,2191,2499,1790,2144,971
254,750,2037,1796,2294,985,243
142,615,1496,902,1751,984,1
20,750,162,1312,1689,2115,811
