ingles_original,portugues_traduzido,ingles_traduzido,label,ROUGE,BLEU,BERTSCORE,BLEURT,COMET22,KIWI-XL,XCOMET-XL,Soma_ranking
crack the whip,"Comandar com mão de ferro.
","To rule with an iron fist.
",1,52,46,393,577,609,388,333,2398
blow off steam,"Desabafar
","To vent
",1,52,46,301,556,602,628,328,2513
let the cat out of the bag,"Revelar o segredo.
","Reveal the secret.
",1,49,46,402,599,577,448,290,2411
They are riding bicycles in the neighborhood.,"Eles estão andando de bicicleta no bairro.
","They are riding bikes in the neighborhood.
",0,10,29,9,202,222,290,1,763
He likes to watch movies in his free time.,"Ele gosta de assistir filmes em seu tempo livre.
","He likes to watch movies in his free time.
",0,1,1,3,144,17,146,1,313
She enjoys painting in her free time.,"Ela gosta de pintar no tempo livre.
","She likes to paint in her free time.
",0,23,32,85,335,264,98,1,838
bite off more than you can chew,"Morder mais do que pode mastigar.
","Bite off more than one can chew.
",1,10,46,195,366,419,587,225,1848
my hands are tied,"Estou de mãos atadas.
","I'm hamstrung.
",1,52,46,379,613,668,513,185,2456
dime a dozen,"À dime a dúzia
","Tell me the dozen.
",1,42,46,359,612,569,557,294,2479
They are having a picnic in the park.,"Eles estão fazendo um piquenique no parque.
","They are having a picnic in the park.
",0,1,1,3,117,32,122,36,312
leave no stone unturned,"Não deixar pedra sobre pedra
","Leave no stone unturned
",1,1,46,3,10,186,510,23,779
hold the fort,"Defendam o forte
","Defend the fort
",1,23,46,130,395,379,537,79,1589
He is putting the groceries away.,"Ele está guardando as compras.
","He is putting away the groceries.
",0,11,46,41,299,228,595,121,1341
fit as a fiddle,"Em perfeita forma.
","In perfect shape.
",1,52,46,414,500,531,426,183,2152
an iron fist,"Punho de ferro
","Iron Fist
",1,14,46,204,401,492,187,191,1535
beggars can’t be choosers,"Quem pede não escolhe.
","Beggars can't be choosers.
",1,1,46,171,243,395,593,159,1608
card up your sleeve,"Carta na manga
","Ace in the hole
",1,52,46,396,546,661,601,327,2629
beating around the bush,"Enrolar
","To roll.
",1,52,46,381,671,645,658,386,2839
She is giving a speech at the conference.,"Ela está fazendo um discurso na conferência.
","She's giving a speech at the conference.
",0,9,8,118,317,225,350,1,1028
She wrote a report for work.,"Ela escreveu um relatório para o trabalho.
","She wrote a report for work.
",0,1,1,3,142,103,478,6,734
ace up your sleeve,"Carta na manga
","Ace in the hole
",1,45,46,353,472,646,601,321,2484
an open book,"Um livro aberto
","An open book
",1,1,46,3,157,135,40,1,383
She is giving a presentation at work.,"Ela está apresentando no trabalho.
","She is presenting at work.
",0,23,46,174,376,438,585,42,1684
He went to a birthday party last night.,"Ele foi a uma festa de aniversário ontem à noite.
","He went to a birthday party last night.
",0,1,1,3,163,47,315,1,531
color outside the lines,"Colorir fora das linhas
","Color outside the lines
",1,1,46,5,187,194,495,85,1013
easy as pie,"Fácil como uma torta.
","Easy as pie.
",1,1,46,168,253,146,211,1,826
blind as a bat,"Cego como um morcego
","Blind as a bat
",1,1,46,3,146,291,502,66,1055
change of heart,"Mudança de coração
","Change of heart
",1,1,46,3,213,312,180,36,791
food for thought,"Comida para pensar
","Food for thought
",1,1,46,3,237,241,80,1,609
black as night,"Negro como a noite
","Black as night
",1,1,46,4,183,12,406,1,653
a chip on your shoulder,"Rancor.
","Rancor.
",1,52,46,442,622,687,625,354,2828
close to my heart,"Perto do meu coração.
","Close to my heart.
",1,1,46,149,26,286,92,1,601
apple of my eye,"A menina dos meus olhos
","Apple of my eye
",1,1,46,3,193,350,630,230,1453
get the show on the road,"Começar o show.
","Start the show.
",1,36,46,281,484,488,357,158,1850
easy as pie,"Fácil como uma torta.
","Easy as pie.
",1,1,46,168,253,146,211,1,826
back to square one,"De volta à estaca zero
","Back to square one
",1,1,46,3,226,52,259,1,588
devil's advocate,"Advogado do diabo
","Devil's advocate
",1,1,46,3,269,315,147,1,782
She went to the library to study.,"Ela foi à biblioteca para estudar.
","She went to the library to study.
",0,1,1,3,214,124,233,1,577
fit as a fiddle,"Em ótima forma.
","In great shape.
",1,52,46,403,553,543,487,250,2334
They went to the theater to watch a play.,"Eles foram ao teatro para assistir a uma peça.
","They went to the theater to see a play.
",0,8,18,11,311,182,143,1,674
falling through the cracks,"Caindo pelas frestas
","Falling through the cracks
",1,1,46,3,218,232,607,125,1232
She made breakfast for the family.,"Ela preparou o café da manhã para a família.
","She made breakfast for the family.
",0,1,1,3,166,106,161,1,439
She is talking on the phone.,"Ela está falando ao telefone.
","She is talking on the phone.
",0,1,1,3,40,54,105,1,205
all bark and no bite,"Só ladra, mas não morde.
","She barks, but she doesn't bite.
",1,51,46,346,487,495,576,211,2212
apple of discord,"Maçã da discórdia
","Apple of discord
",1,1,46,3,231,297,637,176,1391
spill the beans,"Contar tudo
","Tell all
",1,52,46,395,486,581,474,363,2397
burn your bridges,"Queime as pontes.
","Burn the bridges.
",1,23,46,243,429,361,571,1,1674
I need to buy groceries this afternoon.,"Preciso comprar mantimentos esta tarde.
","I need to buy groceries this afternoon.
",0,1,1,3,47,26,346,1,425
as bold as brass,"Descarado como o latão.
","Brazen as brass.
",1,29,46,292,586,506,673,319,2451
close to the vest,"Guardar segredo.
","Keep a secret.
",1,52,46,424,631,566,265,231,2215
blood is thicker than water,"Sangue do meu sangue.
","Blood of my blood.
",1,46,46,316,661,607,424,384,2484
back to the drawing board,"De volta à prancheta.
","Back to the drawing board.
",1,1,28,112,17,262,523,49,992
She went to the post office to send a package.,"Ela foi aos correios para enviar um pacote.
","She went to the post office to send a package.
",0,1,1,3,228,156,126,1,516
as right as rain,"Em perfeita ordem
","In perfect order
",1,52,46,468,575,549,158,345,2193
He is planning his day ahead.,"Ele está planejando o dia dele.
","He's planning his day.
",0,20,46,131,443,364,377,1,1382
She took a shower in the morning.,"Ela tomou banho de manhã.
","She took a shower in the morning.
",0,1,1,4,162,39,101,1,309
best of both worlds,"O melhor dos dois mundos.
","The best of both worlds.
",1,7,28,198,232,170,219,1,855
antsy as a cat on a hot tin roof,"Nervoso como gato em telhado de lata quente.
","Nervous as a cat on a hot tin roof.
",1,8,6,161,378,384,493,206,1636
He is building a model airplane.,"Ele está construindo um avião de brinquedo.
","He is building a toy airplane.
",0,11,30,53,380,334,78,1,887
devil's advocate,"Advogado do diabo
","Devil's advocate
",1,1,46,3,269,315,147,1,782
burst your bubble,"Estragar a festa
","Ruin the party
",1,52,46,324,578,540,297,288,2125
all eyes on you,"Todos os olhos em você.
","All eyes on you.
",1,1,46,128,13,239,365,36,828
a skeleton in the closet,"Um segredo sujo.
","A dirty secret.
",1,45,46,361,602,583,102,237,1976
He is attending a business meeting.,"Ele está participando de uma reunião de negócios.
","He is attending a business meeting.
",0,1,1,2,52,50,376,1,483
cool as a cucumber,"Calmo como um pepino.
","Cool as a cucumber.
",1,1,46,77,171,373,141,1,810
He took the bus to work.,"Ele pegou o ônibus para o trabalho.
","He took the bus to work.
",0,1,1,3,81,109,142,1,338
as easy as pie,"Tão fácil quanto uma torta.
","As easy as pie.
",1,1,46,135,93,91,225,36,627
butterfly effect,"Efeito borboleta
","Butterfly effect
",1,1,46,5,346,331,292,1,1022
They watched a TV show in the evening.,"Eles assistiram a um programa de TV à noite.
","They watched a TV show at night.
",0,23,31,104,349,335,307,36,1185
She is brushing her teeth before bed.,"Ela está escovando os dentes antes de dormir.
","She is brushing her teeth before bed.
",0,1,1,3,43,65,64,1,178
blown out of the water,"Superado completamente
","Completely overcome
",1,52,46,387,625,595,527,291,2523
He is feeding his pet hamster.,"Ele está alimentando seu hamster de estimação.
","He is feeding his pet hamster.
",0,1,1,3,132,51,255,1,444
I like to drink coffee in the morning.,"Eu gosto de tomar café de manhã.
","I like to drink coffee in the morning.
",0,1,1,2,103,53,27,1,188
"another day, another dollar","Mais um dia, mais um dólar.
","Another day, another dollar.
",1,1,28,152,206,195,89,1,672
actions speak louder than words,"Ações valem mais que palavras.
","Actions speak louder than words.
",1,1,28,119,38,168,81,1,436
climbing up the ladder,"Subindo na vida.
","Making progress.
",1,52,46,411,527,574,642,247,2499
early bird catches the worm,"Deus ajuda quem cedo madruga.
","God helps those who help themselves.
",1,52,46,449,665,686,581,380,2859
She is baking cookies in the kitchen.,"Ela está assando biscoitos na cozinha.
","She is baking cookies in the kitchen.
",0,1,1,4,108,95,466,83,758
bleeding heart,"Coração mole
","Soft heart
",1,33,46,258,645,590,53,285,1910
She is cleaning the kitchen after dinner.,"Ela está limpando a cozinha depois do jantar.
","She is cleaning the kitchen after dinner.
",0,1,1,3,34,129,166,1,335
She is drinking water.,"Ela está bebendo água.
","She is drinking water.
",0,1,1,3,71,7,51,1,135
They are having coffee at the café.,"Eles estão tomando café no café.
","They are drinking coffee at the café.
",0,10,23,31,322,276,82,1,745
hard pill to swallow,"Verdade difícil de engolir
","Tough pill to swallow
",1,19,46,61,283,403,452,36,1300
a slap on the wrist,"Uma bronca leve
","A mild scolding
",1,45,46,352,494,563,583,295,2378
They are visiting a museum this afternoon.,"Eles estão visitando um museu esta tarde.
","They are visiting a museum this afternoon.
",0,1,1,4,98,42,104,36,286
They are swimming at the pool.,"Eles estão nadando na piscina.
","They are swimming in the pool.
",0,11,46,30,310,208,35,1,641
cat on a hot tin roof,"Gata em Telhado de Zinco Quente
","Cat on a Hot Tin Roof
",1,1,46,3,281,420,464,170,1385
She is talking to her friend on the phone.,"Ela está falando com sua amiga no telefone.
","She is talking to her friend on the phone.
",0,1,1,3,179,108,31,36,359
He is walking his dog in the park.,"Ele está passeando com o cachorro no parque.
","He is walking the dog in the park.
",0,9,22,54,404,328,220,1,1038
add fuel to the fire,"Botar lenha na fogueira
","To add fuel to the fire
",1,5,6,78,292,321,361,130,1193
in hot water,"Em maus lençóis
","In deep trouble
",1,41,46,308,680,625,554,361,2615
boiling point,"Ponto de ebulição
","Boiling point
",1,1,46,3,289,147,132,1,619
beat a dead horse,"Bater em cachorro morto.
","Beating a dead horse.
",1,19,46,186,351,414,621,129,1766
blind alley,"Beco sem saída
","Dead end
",1,52,46,303,490,591,538,303,2323
cutting corners,"Fazer as coisas pela metade
","To do things halfway
",1,52,46,367,627,626,589,298,2605
actions speak louder than words,"Ações valem mais que palavras.
","Actions speak louder than words.
",1,1,28,119,38,168,81,1,436
chip on the shoulder,"Rancor
","Bitterness
",1,52,46,448,640,639,627,368,2820
He washed his car yesterday.,"Ele lavou o carro dele ontem.
","He washed his car yesterday.
",0,1,1,3,119,18,103,1,246
cold as ice,"Frio como gelo
","Cold as ice
",1,1,46,3,80,58,119,1,308
He is attending a wedding.,"Ele está indo a um casamento.
","He is going to a wedding.
",0,20,46,176,406,367,192,1,1208
He is making a cup of coffee.,"Ele está fazendo uma xícara de café.
","He's making a cup of coffee.
",0,10,13,59,282,301,289,1,955
chasing shadows,"Perseguindo sombras
","Chasing shadows
",1,1,46,3,250,166,374,36,876
feast your eyes,"Delicie seus olhos
","Feast your eyes
",1,1,46,3,277,134,261,135,857
a diamond in the rough,"Um diamante bruto.
","A rough diamond.
",1,33,46,239,450,428,253,162,1611
He is having breakfast with his family.,"Ele está tomando café da manhã com a família dele.
","He is having breakfast with his family.
",0,1,1,3,59,31,298,1,394
blind as a bat,"Cego como um morcego.
","Blind as a bat.
",1,1,46,137,5,363,520,113,1185
light at the end of the tunnel,"Luz no fim do túnel
","Light at the end of the tunnel
",1,1,3,3,251,193,54,1,506
as old as the hills,"Tão velho quanto as colinas
","As old as the hills
",1,1,16,3,155,82,352,15,624
break the ice,"Quebrar o gelo
","Break the ice
",1,1,46,3,278,244,120,36,728
He went for a jog in the morning.,"Ele foi correr de manhã.
","He went for a run in the morning.
",0,9,22,134,372,271,273,1,1082
finding your feet,"Adaptando-se
","Adapting
",1,52,46,439,619,613,479,280,2528
give someone a run for their money,"Dar trabalho a alguém.
","To give someone work.
",1,39,46,299,650,557,70,239,1900
have a bone to pick,"Ter algo a reclamar
","To have something to complain about
",1,40,46,315,568,524,470,222,2185
barking up the wrong tree,"Estar a bater na porta errada.
","You're barking up the wrong tree.
",1,12,21,219,444,444,594,218,1952
He enjoyed a cup of coffee in the morning.,"Ele apreciou uma xícara de café pela manhã.
","He enjoyed a cup of coffee in the morning.
",0,1,1,3,190,155,339,1,690
ball is in your court,"A bola está no seu campo.
","The ball is in your court.
",1,5,21,178,46,191,328,9,778
"blood, sweat, and tears","Sangue, suor e lágrimas
","Blood, sweat, and tears
",1,1,6,3,210,8,75,1,304
going down in flames,"Indo para o fundo em chamas
","Going down in flames
",1,1,46,3,23,260,597,120,1050
break a leg,"Boa sorte!
","Good luck!
",1,52,46,473,683,630,169,175,2228
The kids played in the playground.,"As crianças brincaram no parquinho.
","The children played at the playground.
",0,23,46,74,369,258,345,1,1116
change of tune,"Mudança de tom
","Change of tone
",1,23,46,205,422,341,94,36,1167
paint the town red,"Tornar a noite agitada
","Make the night eventful.
",1,45,46,368,565,521,518,317,2380
burnt out,"Esgotado
","Out of stock
",1,38,46,366,562,615,396,192,2215
burning the midnight oil,"Queimando pestana
","Burning the midnight oil
",1,1,46,4,254,296,660,220,1481
come out of the woodwork,"Aparecer do nada.
","To appear out of nowhere.
",1,37,46,350,559,525,534,307,2358
blessing in disguise,"Mal que vem para o bem.
","Every cloud has a silver lining.
",1,52,46,408,642,611,669,275,2703
He is cutting vegetables for dinner.,"Ele está cortando vegetais para o jantar.
","He is chopping vegetables for dinner.
",0,11,30,22,287,409,348,46,1153
bigger than life,"Maior que a vida
","Larger than life
",1,23,46,47,327,292,367,36,1138
cast iron stomach,"Estômago de aço
","Iron stomach
",1,14,46,191,448,491,185,114,1489
arm and a leg,"Um braço e uma perna
","An arm and a leg
",1,7,16,64,399,359,22,31,898
as hungry as a wolf,"Faminto como um lobo.
","Hungry as a wolf.
",1,7,46,213,423,415,545,202,1851
They went for a swim at the pool.,"Eles foram nadar na piscina.
","They went swimming in the pool.
",0,29,46,159,389,376,10,1,1010
blow a fuse,"Ficar furioso
","To fly into a rage
",1,45,46,314,618,556,561,322,2462
He is drawing a picture of his dog.,"Ele está desenhando um retrato do seu cachorro.
","He is drawing a portrait of his dog.
",0,9,22,58,328,255,195,1,868
bend over backwards,"Se esforçar ao máximo
","To give it your all
",1,52,46,397,682,689,546,351,2763
any port in a storm,"Qualquer porto em tempestade.
","Any port in a storm.
",1,1,28,94,290,279,371,1,1064
I met my friends for lunch.,"Encontrei meus amigos para almoçar.
","I met my friends for lunch.
",0,1,1,1,174,15,258,1,451
bare bones,"O essencial
","The essential
",1,52,46,399,667,571,304,358,2397
bottom of the totem pole,"No fim da hierarquia.
","At the bottom of the hierarchy.
",1,31,46,325,582,561,370,189,2104
face the music,"Assumir as consequências
","Face the consequences.
",1,23,46,282,572,486,476,26,1911
chomping at the bit,"Morrendo de vontade
","Dying to
",1,52,46,371,641,685,671,395,2861
on cloud nine,"Nas nuvens
","In the clouds
",1,52,46,335,536,600,550,332,2451
between a rock and a hard place,"Entre a cruz e a espada
","Between a rock and a hard place
",1,1,3,3,185,400,620,251,1463
batten down the hatches,"Abaixar as escotilhas.
","""Batten down the hatches.""
",1,1,46,181,312,443,483,167,1633
all ears,"Todo ouvidos
","All ears
",1,1,46,2,302,268,578,97,1294
a fly on the wall,"Uma mosca na parede
","A fly on the wall
",1,1,16,4,160,175,330,51,737
as sharp as a tack,"Esperto como uma raposa.
","As cunning as a fox.
",1,28,46,251,554,528,501,270,2178
She bought a new phone last week.,"Ela comprou um telefone novo na semana passada.
","She bought a new phone last week.
",0,1,1,3,126,22,5,1,159
don't put all your eggs in one basket,"Não coloque todos os ovos na mesma cesta.
","Don't put all your eggs in one basket.
",1,1,10,56,12,202,282,1,564
bottom of the barrel,"O fundo do poço
","The bottom of the barrel
",1,7,16,71,225,366,431,118,1234
carrying the weight of the world,"Carregando o peso do mundo.
","Carrying the weight of the world.
",1,1,21,110,270,316,565,1,1284
cogs in the machine,"Peças da engrenagem
","Gear pieces
",1,52,46,339,471,570,383,326,2187
I am traveling to the mountains this weekend.,"Eu vou viajar para as montanhas este fim de semana.
","I am going to travel to the mountains this weekend.
",0,16,26,65,297,209,269,1,883
They watched a movie on the weekend.,"Eles assistiram a um filme no fim de semana.
","They watched a movie on the weekend.
",0,1,1,4,121,81,52,1,261
blowing off steam,"Desabafando
","Unburdening
",1,52,46,330,539,612,572,289,2440
face the music,"Arrumar a casa
","Clean the house
",1,41,46,319,647,545,137,271,2006
a heart of gold,"Um coração de ouro.
","A heart of gold.
",1,1,46,155,148,261,83,17,711
caught in a web,"Preso em uma teia
","Caught in a web
",1,1,46,3,257,398,204,82,991
She made a salad for lunch.,"Ela fez uma salada para o almoço.
","She made a salad for lunch.
",0,1,1,4,175,41,25,1,248
mind over matter,"Mente sobre matéria
","Mind over matter
",1,1,46,2,239,265,499,35,1087
as good as done,"Praticamente feito.
","Pretty much done.
",1,42,46,356,468,473,207,1,1593
a voice in the wilderness,"Uma voz no deserto
","A voice in the wilderness
",1,1,16,3,272,187,165,1,645
He went to the gym to lift weights.,"Ele foi à academia para levantar pesos.
","He went to the gym to lift weights.
",0,1,1,3,220,142,247,1,615
another one bites the dust,"Mais um se foi.
","Another one bites the dust.
",1,1,28,81,14,287,533,182,1126
curiosity killed the cat,"A curiosidade matou o gato.
","Curiosity killed the cat.
",1,1,46,132,83,337,90,1,690
by leaps and bounds,"A olhos vistos
","Visibly
",1,52,46,415,608,692,603,391,2807
They are practicing their dance routine.,"Eles estão ensaiando sua rotina de dança.
","They are rehearsing their dance routine.
",0,11,30,105,393,285,354,1,1179
honest as the day is long,"Honesto como a luz do dia.
","Honest as the day is long.
",1,1,21,109,168,351,580,54,1284
butter wouldn’t melt in their mouth,"Não ter sangue de barata.
","Don't be a pushover.
",1,51,46,404,670,680,647,400,2898
be in hot water,"Estar em maus lençóis
","To be in a tight spot
",1,38,46,293,596,633,602,359,2567
by the seat of your pants,"Na raça.
","By hook or by crook.
",1,50,46,401,623,694,645,403,2862
comfort zone,"Zona de conforto
","Comfort zone
",1,1,46,5,294,169,133,1,649
give the green light,"Dar o sinal verde
","Give the green light
",1,1,46,3,244,151,482,40,967
fingers crossed,"Dedos cruzados
","Fingers crossed
",1,1,46,6,167,67,77,36,400
He went to the airport to catch a flight.,"Ele foi ao aeroporto para pegar um voo.
","He went to the airport to catch a flight.
",0,1,1,3,197,163,301,36,702
as mad as a hatter,"Louco como um chapeleiro.
","Mad as a hatter.
",1,7,46,196,400,482,633,190,1954
cracking the whip,"Mandando no pedaço
","Calling the shots
",1,41,46,291,521,547,584,335,2365
He is reading a newspaper.,"Ele está lendo um jornal.
","He is reading a newspaper.
",0,1,1,3,120,66,28,1,220
as easy as shooting fish in a barrel,"Tão fácil quanto atirar em peixes num barril.
","As easy as shooting fish in a barrel.
",1,1,10,52,131,294,262,99,849
He is taking photos with his camera.,"Ele está tirando fotos com sua câmera.
","He is taking pictures with his camera.
",0,10,29,8,260,153,308,1,769
ants in your pants,"Bichos-carpinteiros no traseiro.
","Woodpeckers in the rear.
",1,45,46,428,628,678,651,355,2831
He is cleaning the windows.,"Ele está limpando as janelas.
","He is cleaning the windows.
",0,1,1,3,70,132,439,21,667
clean bill of health,Atestado de saúde,"Health certificate
",1,41,46,334,503,460,163,226,1773
cold feet,"Pé frio
","Cold feet
",1,1,46,4,296,237,399,34,1017
burn bridges,"Queimar pontes
","Burn bridges
",1,1,46,3,303,250,13,36,652
cat's out of the bag,"O gato saiu da sacola.
","The cat is out of the bag.
",1,18,41,193,333,411,266,177,1439
bury your head in the sand,"Enterrar a cabeça na areia.
","Bury your head in the sand.
",1,1,21,108,67,342,385,91,1015
He read a book before bed.,"Ele leu um livro antes de dormir.
","He read a book before bed.
",0,1,1,3,141,84,128,1,359
bridge the gap,"Preencher a lacuna
","Fill the gap
",1,23,46,224,430,404,652,36,1815
He went to the doctor for a check-up.,"Ele foi ao médico para um check-up.
","He went to the doctor for a check-up.
",0,1,1,3,203,138,323,1,670
She is watching the sunset from the balcony.,"Ela está assistindo o pôr do sol da varanda.
","She is watching the sunset from the balcony.
",0,1,1,3,135,120,417,1,678
blessing in disguise,"Benção disfarçada
","Blessing in disguise
",1,1,46,3,265,307,327,36,985
a penny for your thoughts,"Um centavo pelos seus pensamentos.
","A penny for your thoughts.
",1,1,28,99,42,206,149,18,543
He is playing the guitar in the living room.,"Ele está tocando guitarra na sala de estar.
","He is playing guitar in the living room.
",0,2,15,16,291,179,155,1,659
He is sitting on the chair.,"Ele está sentado na cadeira.
","He is sitting on the chair.
",0,1,1,3,60,136,226,1,428
come hell or high water,"Custe o que custar
","Come what may.
",1,45,46,342,658,631,508,315,2545
I went to the beach for vacation.,"Eu fui à praia para as férias.
","I went to the beach for vacation.
",0,1,1,3,172,90,250,1,518
as cool as a cucumber,"Calmo como um pepino.
","Cool as a cucumber.
",1,7,46,190,359,413,141,102,1258
break the ice,"Quebrar o gelo
","Break the ice
",1,1,46,3,278,244,120,36,728
at the end of the day,"No fim das contas
","Ultimately
",1,52,46,457,583,586,530,329,2583
can't see the forest for the trees,"Não conseguir ver a floresta por causa das árvores.
","Can't see the forest for the trees.
",1,1,14,49,266,302,517,45,1194
He is doing his homework in the study room.,"Ele está fazendo o dever de casa no escritório.
","He is doing homework in the office.
",0,19,46,143,437,375,191,153,1364
They planted flowers in the garden.,"Eles plantaram flores no jardim.
","They planted flowers in the garden.
",0,1,1,3,215,83,24,1,328
They are making pizza together.,"Eles estão fazendo pizza juntos.
","They are making pizza together.
",0,1,1,3,49,4,244,1,303
blown out of proportion,"Fora de proporção
","Out of proportion
",1,10,46,206,434,372,335,194,1597
hand in glove,"De mãos dadas
","Hand in hand
",1,23,46,222,3,555,368,115,1332
birds of a feather flock together,"Semelhante atrai semelhante.
","Like attracts like.
",1,52,46,423,649,688,300,390,2548
get out of hand,"Sair do controle
","Lose control
",1,52,46,340,474,494,507,160,2073
He called his parents yesterday.,"Ele ligou para os pais dele ontem.
","He called his parents yesterday.
",0,1,1,5,192,23,173,1,396
He wrote a letter to his friend.,"Ele escreveu uma carta para o amigo dele.
","He wrote a letter to his friend.
",0,1,1,3,229,110,50,1,395
She danced at the party last night.,"Ela dançou na festa ontem à noite.
","She danced at the party last night.
",0,1,1,3,204,87,314,1,611
close to home,"Perto de casa
","Near home
",1,38,46,177,345,447,85,36,1174
"if you can't stand the heat, get out of the kitchen","Se não aguenta o calor, saia da cozinha.
","If you can't stand the heat, get out of the kitchen.
",1,1,2,32,41,242,208,1,527
between the devil and the deep blue sea,"Entre a cruz e a espada
","Between a rock and a hard place
",1,44,46,285,676,655,620,362,2688
get cold feet,"Sentir medo (de última hora)
","To get cold feet (at the last minute)
",1,31,46,255,475,535,575,256,2173
fish out of water,"Peixe fora d'água
","Fish out of water
",1,1,46,4,152,221,463,1,888
over the moon,"Nas nuvens
","In the clouds
",1,41,46,261,542,582,551,331,2354
once in a blue moon,"Raramente
","Rarely
",1,52,46,420,634,572,389,334,2447
chip off the old block,"Filho de peixe, peixinho é.
","Like father, like son.
",1,52,46,450,673,691,664,399,2975
break the mold,"Romper com os padrões
","Break the mold.
",1,1,46,187,188,181,541,7,1151
ace in the hole,"Trunfo na manga
","Ace in the hole
",1,1,46,3,284,439,484,144,1401
She is gardening in the backyard.,"Ela está jardinando no quintal.
","She is gardening in the backyard.
",0,1,1,3,33,97,393,1,529
blind as a bat,"Cego como um morcego.
","Blind as a bat.
",1,1,46,137,5,362,520,113,1184
call it a day,"Dar por encerrado o expediente
","To close the workday.
",1,52,46,384,635,533,612,306,2568
calm before the storm,"Calmaria antes da tempestade.
","Calm before the storm.
",1,1,46,117,207,339,224,80,1014
He attended a wedding last weekend.,"Ele foi a um casamento no fim de semana passado.
","He went to a wedding last weekend.
",0,18,24,75,371,318,277,1,1084
chill to the bone,"Arrepiante
","Hair-raising
",1,52,46,455,584,658,676,389,2860
broad strokes,"Em linhas gerais
","Generally speaking
",1,52,46,435,607,507,359,281,2287
She is listening to music while cooking.,"Ela está ouvindo música enquanto cozinha.
","She is listening to music while cooking.
",0,1,1,4,76,28,33,1,144
blind as a bat,"Cego como um morcego
","Blind as a bat
",1,1,46,3,146,291,502,66,1055
all thumbs,"Desastrado
","Clumsy
",1,52,46,376,611,603,616,375,2679
chip on your shoulder,"Rancor.
","Bitterness.
",1,52,46,445,664,635,631,339,2812
chase rainbows,"Correr atrás de arco-íris
","Chasing rainbows
",1,33,46,162,339,349,411,36,1376
"hope for the best, prepare for the worst","Esperar o melhor, preparar-se para o pior.
","Hope for the best, prepare for the worst.
",1,1,6,45,92,198,209,1,552
get a grip,"Controle-se
","Control yourself.
",1,52,46,419,459,469,556,272,2273
finger on the pulse,"Estar por dentro
","To be in the know
",1,46,46,375,643,621,460,278,2469
ball of fire,"Bola de fogo
","Fireball
",1,52,46,302,414,401,189,107,1511
He is making tea in the kitchen.,"Ele está fazendo chá na cozinha.
","He is making tea in the kitchen.
",0,1,1,5,94,75,95,1,272
bite your lip,"Morder o lábio
","To bite one's lip
",1,33,46,271,425,515,555,246,2091
live in a glass house,"Morar em casa de vidro
","Living in a glass house
",1,13,16,93,363,324,9,1,819
into thin air,"No ar rarefeito
","In the rarefied air
",1,42,46,267,508,605,592,178,2238
don’t cry over spilled milk,"Não chore sobre o leite derramado.
","Don't cry over spilt milk.
",1,11,46,216,387,323,237,1,1221
don't count your chickens before they hatch,"Não conte com o ovo no cu da galinha.
","Don't count your chickens before they hatch.
",1,1,14,66,95,304,646,103,1229
close to my heart,"Perto do meu coração
","Near my heart
",1,29,46,144,357,429,391,38,1434
He went fishing with his friends.,"Ele foi pescar com seus amigos.
","He went fishing with his friends.
",0,1,1,3,219,44,121,1,390
as clear as mud,"Mais claro que lama.
","Clear as mud.
",1,10,46,223,348,360,422,84,1493
be a fly on the wall,"Ser uma mosca na parede
","To be a fly on the wall
",1,4,3,82,352,370,375,172,1358
changing gears,"Mudando de marcha
","Shifting gears
",1,33,46,55,340,450,467,36,1427
call it quits,"Desistir
","Give up.
",1,52,46,322,436,470,657,293,2276
bottom line,"Resultado final
","Final result
",1,52,46,374,476,508,174,77,1707
bet the farm,"Apostar tudo
","Bet it all
",1,41,46,287,543,501,190,274,1882
as free as a bird,"Livre como um pássaro.
","Free as a bird.
",1,7,46,208,364,344,351,36,1356
flying by the seat of your pants,"Voando no improviso
","Flying by the seat of my pants
",1,10,34,84,428,423,650,292,1921
chasing your tail,"Correndo atrás do próprio rabo
","Chasing your own tail
",1,10,46,113,382,392,432,180,1555
She plays the piano beautifully.,"Ela toca piano lindamente.
","She plays the piano beautifully.
",0,1,1,4,161,29,49,1,246
heart of stone,"Coração de pedra
","Stone heart
",1,38,46,260,469,430,18,131,1392
They are going to the cinema tonight.,"Eles vão ao cinema hoje à noite.
","They are going to the movies tonight.
",0,10,23,87,360,196,268,1,945
a taste of your own medicine,"Um pouco do seu próprio veneno.
","A taste of your own medicine.
",1,1,21,107,143,281,390,1,944
break the ice,"Quebrar o gelo
","Break the ice
",1,1,46,3,278,244,120,36,728
cloud of suspicion,"Nuvem de suspeitas
","Cloud of suspicion
",1,1,46,3,264,158,19,1,492
diamond in the rough,"Diamante bruto
","Rough diamond
",1,41,46,273,502,459,26,252,1599
beat the clock,"Vencer o tempo
","Beating time
",1,52,46,290,458,589,320,145,1900
He is repairing the broken chair.,"Ele está consertando a cadeira quebrada.
","He is fixing the broken chair.
",0,11,30,18,306,289,203,1,858
She is watching a movie at the theater.,"Ela está assistindo a um filme no cinema.
","She is watching a movie at the cinema.
",0,9,7,21,365,245,186,1,834
a penny saved is a penny earned,"Um centavo poupado é um centavo ganho.
","A penny saved is a penny earned.
",1,1,14,39,199,210,129,59,651
He cleaned the garage on Saturday.,"Ele limpou a garagem no sábado.
","He cleaned the garage on Saturday.
",0,1,1,3,109,116,449,13,692
a fish out of water,"Um peixe fora d'água
","A fish out of water
",1,1,16,3,68,171,38,1,298
down to earth,"Pé no chão
","Down to earth
",1,1,46,3,85,205,279,57,676
happy as a clam,"Feliz da vida
","Happy as can be
",1,33,46,311,537,527,526,199,2179
He visited the museum with his class.,"Ele visitou o museu com a turma dele.
","He visited the museum with his class.
",0,1,1,5,235,133,284,1,660
I visited my parents last weekend.,"Visitei meus pais no fim de semana passado.
","I visited my parents last weekend.
",0,1,1,3,184,14,68,1,272
by the skin of your teeth,"Por um triz.
","By a hair.
",1,47,46,321,636,683,643,340,2716
crack the code,"Decifrar o código
","Decode the code
",1,23,46,229,415,345,239,36,1333
He watched a football match on TV.,"Ele assistiu a uma partida de futebol na TV.
","He watched a soccer game on TV.
",0,21,46,36,426,247,160,1,937
climbing the corporate ladder,"Subindo na carreira.
","Climbing the career ladder.
",1,19,46,214,465,371,400,48,1563
all in the same boat,"Todos no mesmo barco.
","We're all in the same boat.
",1,12,21,244,343,332,91,1,1044
cold feet,"Pé frio
","Cold feet
",1,1,46,4,296,237,399,34,1017
a mountain to climb,"Uma montanha para escalar
","A mountain to climb
",1,1,46,2,169,149,332,1,700
break the back of it,"Dar cabo disso
","Get rid of it.
",1,35,46,326,463,552,634,238,2294
blowing off steam,"Desabafando
","Venting
",1,52,46,284,505,634,610,268,2399
cook up a storm,"Cozinhar como um louco
","Cook like crazy
",1,42,46,309,510,529,317,215,1968
dead in the water,"Sem saída
","No way out
",1,52,46,466,493,618,199,209,2083
bite the big one,"Ir para o beleléu.
","Go to hell.
",1,52,46,453,656,673,600,402,2882
buy a lemon,"Comprar um carro ""bomba""
","Buying a ""lemon"" car.
",1,29,46,266,547,559,648,287,2382
get a second wind,"Renovar as energias
","Recharge your batteries.
",1,52,46,430,549,594,512,313,2496
He is working on his laptop.,"Ele está trabalhando em seu laptop.
","He is working on his laptop.
",0,1,1,4,205,5,140,1,357
clear as mud,"Mais confuso que lama.
","More confusing than mud.
",1,42,46,344,597,511,629,244,2413
different strokes for different folks,"Cada um com seus gostos.
","To each their own.
",1,52,46,394,601,649,522,318,2582
She had a cup of soup for lunch.,"Ela comeu uma xícara de sopa no almoço.
","She ate a cup of soup for lunch.
",0,9,7,42,394,322,256,1,1031
cast the first stone,"Atire a primeira pedra.
","Let he who is without sin cast the first stone.
",1,29,45,254,557,478,678,235,2276
call a spade a spade,"Chamar o pão pão.
","To call bread bread.
",1,46,46,349,669,674,471,325,2580
a ray of hope,"Um raio de esperança
","A ray of hope
",1,1,46,4,111,125,45,1,333
They are painting the walls of their house.,"Eles estão pintando as paredes da casa deles.
","They are painting the walls of their house.
",0,1,1,4,170,114,72,36,398
crash course,"Curso intensivo
","Intensive course
",1,33,46,262,522,441,118,50,1472
The sun rises in the east.,"O sol nasce no leste.
","The sun rises in the east.
",0,1,1,3,227,45,47,1,325
an arm and a leg,"Um braço e uma perna
","An arm and a leg
",1,1,16,3,45,282,21,20,388
breaking the mold,"Quebrando barreiras
","Breaking barriers
",1,38,46,249,525,461,433,146,1898
caught red-handed,"De mãos dadas na massa
","Hand in hand in the dough
",1,52,46,437,677,682,468,388,2750
blood from a stone,"Sangue de pedra
","Stone blood
",1,41,46,257,489,497,152,165,1647
beyond the pale,"Além do limite.
","Beyond the limit.
",1,23,46,283,551,463,309,109,1784
She is walking through the forest.,"Ela está caminhando pela floresta.
","She is walking through the forest.
",0,1,1,3,51,69,386,1,512
blood runs thicker than water,"Sangue do meu sangue.
","Blood of my blood.
",1,46,46,318,660,596,424,373,2463
follow your nose,"Siga seu nariz.
","Follow your nose.
",1,1,46,172,255,174,632,63,1343
hard nut to crack,"Difícil de resolver
","Hard to solve
",1,29,46,274,532,465,418,155,1919
an ounce of prevention is worth a pound of cure,"Um grama de prevenção vale um quilo de cura.
","An ounce of prevention is worth a pound of cure.
",1,1,5,29,247,207,134,1,624
come apart at the seams,"Desmoronar
","To crumble
",1,52,46,320,457,597,569,310,2351
She is arranging flowers in a vase.,"Ela está arranjando flores em um vaso.
","She is arranging flowers in a vase.
",0,1,1,3,55,94,148,1,303
They went shopping for new clothes.,"Eles foram comprar roupas novas.
","They went to buy new clothes.
",0,23,46,122,377,238,206,36,1048
big league,"Liga principal
","Main league
",1,33,46,235,453,343,67,101,1278
She is packing her suitcase for a trip.,"Ela está fazendo as malas para uma viagem.
","She is packing her bags for a trip.
",0,9,22,17,301,348,212,36,945
She attended a conference last week.,"Ela participou de uma conferência na semana passada.
","She attended a conference last week.
",0,1,1,2,113,9,310,1,437
all that glitters is not gold,"Nem tudo que reluz é ouro.
","All that glitters is not gold.
",1,1,21,73,7,37,506,68,713
rain on your parade,"Estragar a festa.
","Ruin the party.
",1,52,46,405,507,523,465,242,2240
as stubborn as a mule,"Teimoso como uma mula.
","Stubborn as a mule.
",1,7,46,226,386,410,505,138,1718
fall on deaf ears,"Cair em ouvidos moucos
","Fall on deaf ears
",1,1,46,3,9,259,558,188,1064
She is preparing dinner for the guests.,"Ela está preparando o jantar para os convidados.
","She is preparing dinner for the guests.
",0,1,1,3,159,128,200,1,493
He is writing an essay for school.,"Ele está escrevendo uma redação para a escola.
","He is writing an essay for school.
",0,1,1,3,88,72,116,1,282
beating a dead horse,"Bater em cachorro morto.
","Beating a dead horse.
",1,1,46,116,261,434,621,164,1643
keep your eyes peeled,"Fique de olhos bem abertos.
","Keep your eyes peeled.
",1,1,46,157,15,192,413,1,825
He visited his grandmother in the hospital.,"Ele visitou sua avó no hospital.
","He visited his grandmother in the hospital.
",0,1,1,3,238,118,230,1,592
caught in the crossfire,"Pego no fogo cruzado
","Caught in the crossfire
",1,1,46,3,16,329,427,95,917
a blessing in disguise,"Uma bênção disfarçada.
","A blessing in disguise.
",1,1,46,141,53,236,238,1,716
bending over backwards,"Se esforçar ao máximo
","Try your best.
",1,52,46,456,604,656,440,353,2607
He is drawing in his sketchbook.,"Ele está desenhando em seu caderno de esboços.
","He is sketching in his sketchbook.
",0,11,30,43,342,267,319,8,1020
a new lease on life,"Uma nova chance.
","A new chance.
",1,33,46,294,492,466,30,78,1439
climbing the ladder,"Subindo a escada
","Going up the stairs
",1,42,46,242,433,455,217,5,1440
a rolling stone gathers no moss,"""Pedra que rola não cria lodo.""
","A rolling stone gathers no moss.
",1,1,21,103,230,305,475,87,1222
better half,"Minha cara-metade
","My better half
",1,14,46,207,368,475,521,265,1896
He is eating dinner with his family.,"Ele está jantando com a família dele.
","He is having dinner with his family.
",0,10,23,33,308,213,536,1,1124
in the bag,"No papo.
","No sweat.
",1,52,46,434,616,578,624,364,2714
dead as a doornail,"Morto como um prego
","Dead as a doornail
",1,1,46,3,8,330,613,212,1213
She is playing with her children in the garden.,"Ela está brincando com seus filhos no jardim.
","She is playing with her children in the garden.
",0,1,1,3,234,137,57,1,434
I am playing video games in my room.,"Estou jogando video games no meu quarto.
","I am playing video games in my room.
",0,1,1,3,86,16,23,36,166
cut to the chase,"Vá direto ao ponto.
","Get to the point.
",1,33,46,338,464,498,398,157,1934
cut the mustardcross that bridge when you come to it,"Não se preocupe com isso, deixe para depois quando precisar.
","Don't worry about it, save it for when you need it.
",1,43,46,341,666,647,356,377,2476
She works as a software engineer.,"Ela trabalha como engenheira de software.
","She works as a software engineer.
",0,1,1,2,221,25,106,1,357
He is going to the post office.,"Ele vai aos correios.
","He is going to the post office.
",0,1,1,3,61,165,447,19,697
bare your soul,"Exponha sua alma.
","Bare your soul.
",1,1,46,127,127,273,636,127,1337
bad blood,"Rancor
","Grudge
",1,52,46,354,581,659,598,273,2563
She is playing piano in the evening.,"Ela está tocando piano à noite.
","She is playing the piano at night.
",0,30,46,136,332,346,205,1,1096
go down in flames,"Ir por água abaixo
","Go down the drain
",1,33,46,289,593,580,497,267,2305
get your ducks in a row,"Organize-se.
","Get organized.
",1,45,46,383,506,532,434,168,2114
They cleaned the house on Saturday.,"Eles limparam a casa no sábado.
","They cleaned the house on Saturday.
",0,1,1,2,66,101,234,1,406
at death's door,"À beira da morte
","On the brink of death
",1,46,46,307,438,484,420,106,1847
cut the mustard,"Dar conta do recado
","To deliver the goods
",1,42,46,345,657,679,547,392,2708
by the book,"À risca
","To a T
",1,52,46,433,637,652,679,374,2873
She played cards with her friends.,"Ela jogou cartas com as amigas dela.
","She played cards with her friends.
",0,1,1,3,248,73,127,1,454
an old flame,"Um antigo amor.
","An old love.
",1,23,46,259,512,445,4,70,1359
They are reading a novel by the fireplace.,"Eles estão lendo um romance perto da lareira.
","They are reading a novel near the fireplace.
",0,9,22,70,341,230,275,43,990
caught between a rock and a hard place,"Entre a cruz e a espada
","Between a rock and a hard place
",1,3,13,80,421,427,620,269,1833
a sinking ship,"Um navio afundando
","A sinking ship
",1,1,46,3,57,164,299,1,571
drive me up the wall,"Me tira do sério.
","You drive me crazy.
",1,35,46,328,585,522,529,227,2272
I called my friend last night.,"Liguei para meu amigo ontem à noite.
","I called my friend last night.
",0,1,1,3,176,38,108,1,328
burn the candle at both ends,"Viver perigosamente
","Live dangerously
",1,52,46,467,668,667,175,330,2405
They are attending a concert tonight.,"Eles estão indo a um show esta noite.
","They are going to a concert tonight.
",0,18,36,97,361,269,139,1,921
bite the bullet,"Engolir o sapo
","To swallow a frog
",1,52,46,312,672,637,540,369,2628
chase your tail,"Correr atrás do próprio rabo
","Chasing your tail
",1,23,46,101,313,378,490,197,1548
cool as a cucumber,"Calmo como um pepino.
","Cool as a cucumber.
",1,1,46,77,171,374,141,1,811
don't put all your eggs in one basket,"Não coloque todos os ovos na mesma cesta.
","Don't put all your eggs in one basket.
",1,1,10,56,12,201,283,1,564
black as coal,"Preto como carvão
","Black as coal
",1,1,46,3,196,21,274,1,542
ants in your pants,"Bichos carpinteiros.
","Woodpeckers.
",1,52,46,459,659,693,641,348,2898
don't bite the hand that feeds you,"Não morda a mão que te alimenta.
","Don't bite the hand that feeds you.
",1,1,14,46,128,325,71,36,621
live to fight another day,"Viver para lutar outro dia.
","Live to fight another day.
",1,1,28,123,36,233,380,76,877
cat's meow,"O máximo
","The most
",1,52,46,469,648,610,472,382,2679
by the book,"À risca
","To the letter
",1,41,46,280,528,538,654,316,2403
by the skin of your teeth,"Por um triz.
","By a hair.
",1,47,46,321,636,683,643,340,2716
busy as a bee,"Ocupado como uma abelha
","Busy as a bee
",1,1,46,3,29,391,454,128,1052
calm before the storm,"Calmaria antes da tempestade
","Calm before the storm
",1,1,46,3,79,257,202,105,693
She visited the art gallery on Sunday.,"Ela visitou a galeria de arte no domingo.
","She visited the art gallery on Sunday.
",0,1,1,3,133,112,312,36,598
They went to a restaurant for dinner.,"Eles foram a um restaurante para jantar.
","They went to a restaurant for dinner.
",0,1,1,3,140,56,179,1,381
all thumbs,"Desajeitado(a)
","Clumsy
",1,52,46,376,611,620,604,372,2681
She is dancing to the music.,"Ela está dançando ao som da música.
","She is dancing to the music.
",0,1,1,3,91,121,214,1,432
bend the rules,"Flexibilizar as regras
","Loosen the rules
",1,23,46,138,398,437,462,126,1630
bring to the table,"Apresentar
","Present
",1,52,46,470,558,628,421,302,2477
crash and burn,"Entrar em colapso
","To collapse
",1,52,46,358,534,654,649,258,2551
They are playing chess at the table.,"Eles estão jogando xadrez na mesa.
","They are playing chess on the table.
",0,10,29,38,338,314,42,36,807
bare bones,"Essencial
","Essential
",1,52,46,400,653,512,201,245,2109
an uphill battle,"Uma batalha difícil
","A tough battle
",1,41,46,236,477,313,12,29,1154
cast a shadow,"Projetar uma sombra
","To cast a shadow
",1,10,46,164,413,377,435,36,1481
She is watching the stars at night.,"Ela está observando as estrelas à noite.
","She is watching the stars at night.
",0,1,1,3,72,93,415,1,586
don’t put all your eggs in one basket,"Não coloque todos os ovos na mesma cesta.
","Don't put all your eggs in one basket.
",1,1,10,140,110,211,283,1,756
face the music,"Arque com as consequências.
","Face the consequences.
",1,23,46,282,572,481,196,60,1660
She is practicing yoga in the park.,"Ela está praticando ioga no parque.
","She is practicing yoga in the park.
",0,1,1,3,195,62,14,1,277
He made a sandwich for lunch.,"Ele fez um sanduíche para o almoço.
","He made a sandwich for lunch.
",0,1,1,4,186,30,231,1,454
hit the books,"Estudar bastante.
","Study hard.
",1,52,46,391,566,514,419,110,2098
close shave,"Por um triz
","By a hair's breadth
",1,52,46,429,555,676,586,401,2745
a leopard can't change its spots,"""A onça não muda suas manchas.""
","""The leopard doesn't change its spots.""
",1,21,46,202,410,365,360,1,1405
couch potato,"Jerico
","Jericho
",1,52,46,373,654,606,321,370,2422
She walked to the store.,"Ela caminhou para a loja.
","She walked to the store.
",0,1,1,3,58,123,241,1,428
like riding a bike,"Como andar de bicicleta.
","How to ride a bike.
",1,35,46,246,511,452,93,36,1419
They are playing volleyball at the beach.,"Eles estão jogando vôlei na praia.
","They are playing volleyball on the beach.
",0,10,29,14,305,190,56,1,605
He is playing soccer with his friends.,"Ele está jogando futebol com os amigos dele.
","He is playing soccer with his friends.
",0,1,1,4,165,43,181,1,396
curiosity killed the cat,"A curiosidade matou o gato.
","Curiosity killed the cat.
",1,1,46,132,83,337,90,1,690
barking up the wrong tree,"Causando confusão.
","Causing confusion.
",1,52,46,426,479,608,366,151,2128
They are visiting the zoo.,"Eles estão visitando o zoológico.
","They are visiting the zoo.
",0,1,1,3,20,104,159,1,289
pull the plug,"Desligar tudo
","Turn everything off.
",1,52,46,369,513,453,39,1,1473
beat a hasty retreat,"Bater em retirada.
","Fall back.
",1,52,46,357,518,599,656,309,2537
I went to the store to buy some bread.,"Fui à loja comprar pão.
","I went to the store to buy bread.
",0,2,11,15,344,235,99,2,708
butterflies in my stomach,"Borboletas no estômago
","Butterflies in the stomach
",1,19,46,217,334,426,570,44,1656
come up against a brick wall,"Encontrar uma barreira intransponível
","To encounter an insurmountable barrier.
",1,52,46,351,516,551,280,249,2045
smooth sailing,"Navegação tranquila
","Smooth sailing
",1,1,46,3,268,385,16,1,720
She is sending a letter to her friend.,"Ela está enviando uma carta para sua amiga.
","She is sending a letter to her friend.
",0,1,1,2,77,141,97,1,320
He is checking his email.,"Ele está checando seus e-mails.
","He is checking his emails.
",0,13,25,28,69,150,240,1,526
an uphill battle,"Uma batalha difícil
","A tough battle
",1,41,46,236,477,313,12,29,1154
make waves,"Causar impacto
","Make an impact
",1,38,46,264,529,502,425,266,2070
bury the hatchet,"Enterrar as armas
","Bury the hatchet
",1,1,46,4,212,406,675,223,1567
as good as gold,"Bom como ouro
","Good as gold
",1,10,46,184,316,356,560,149,1621
She is putting on her shoes.,"Ela está calçando os sapatos.
","She is putting on her shoes.
",0,1,1,4,30,96,74,1,207
built like a tank,"Construído como um tanque.
","Built like a tank.
",1,1,46,133,258,272,76,1,787
hit the sack,"Cair na cama
","Fall into bed
",1,52,46,355,609,579,458,367,2466
burst your bubble,"Estragar a surpresa
","Spoil the surprise
",1,52,46,333,544,530,500,308,2313
He is going for a bike ride.,"Ele vai andar de bicicleta.
","He will ride a bike.
",0,33,46,210,480,417,363,64,1613
bite the dust,"Cair em desgraça.
","To fall from grace.
",1,52,46,416,644,660,516,338,2672
falling apart at the seams,"Desmoronando
","Falling apart
",1,29,46,252,440,513,577,201,2058
They are jogging through the park.,"Eles estão correndo no parque.
","They are running in the park.
",0,23,46,167,405,407,324,1,1373
backseat driver,"""Carona chata""
","Annoying ride
",1,52,46,286,678,651,667,371,2751
a blessing in disguise,"Uma bênção disfarçada
","A blessing in disguise
",1,1,46,3,137,189,213,1,590
back against the wall,"Encurralado
","Cornered
",1,52,46,464,638,644,608,324,2776
blue collar,"Trabalhador braçal
","Manual laborer
",1,52,46,421,633,675,337,233,2397
kill two birds with one stone,"Matar dois coelhos com uma cajadada só.
","Kill two birds with one stone.
",1,1,21,86,62,288,509,89,1056
at the drop of a hat,"A qualquer momento.
","Any time.
",1,52,46,458,639,632,79,376,2282
by a hair's breadth,"Por um triz
","By a hair's breadth
",1,1,46,3,309,352,586,255,1552
They are planning a trip to Europe.,"Eles estão planejando uma viagem para a Europa.
","They are planning a trip to Europe.
",0,1,1,3,200,46,136,1,388
big picture,"Visão geral
","Overview
",1,52,46,431,498,518,408,284,2237
beat around the bush,"Ficar enrolando
","To stall
",1,52,46,370,655,662,644,394,2823
cast in stone,"Escrito em pedra
","Written in stone
",1,23,46,185,409,353,2,32,1050
They went to the supermarket yesterday.,"Eles foram ao supermercado ontem.
","They went to the supermarket yesterday.
",0,1,1,2,118,78,251,1,452
She cleaned the kitchen after dinner.,"Ela limpou a cozinha depois do jantar.
","She cleaned the kitchen after dinner.
",0,1,1,4,107,77,100,1,291
He traveled to Paris last year.,"Ele viajou para Paris no ano passado.
","He traveled to Paris last year.
",0,1,1,3,164,10,303,1,483
face like thunder,"Cara de poucos amigos
","Sourpuss
",1,52,46,441,679,690,665,378,2951
I am learning how to cook.,"Estou aprendendo a cozinhar.
","I am learning to cook.
",0,5,46,44,122,176,36,1,430
She is wearing a red dress.,"Ela está vestindo um vestido vermelho.
","She is wearing a red dress.
",0,1,1,3,158,6,110,1,280
come rain or shine,"Chova ou faça sol
","Rain or shine
",1,10,46,173,445,278,491,1,1444
get the ball rolling,"Começar a fazer algo
","To start doing something
",1,52,46,389,603,567,222,259,2138
He went to the gym for a workout session.,"Ele foi à academia para uma sessão de treino.
","He went to the gym for a workout.
",0,2,4,19,375,217,341,1,959
He is drinking tea in the morning.,"Ele está bebendo chá de manhã.
","He is drinking tea in the morning.
",0,1,1,3,90,102,215,1,413
They enjoyed a family dinner together.,"Eles apreciaram um jantar em família juntos.
","They enjoyed a family dinner together.
",0,1,1,2,154,61,254,1,474
They are playing basketball in the yard.,"Eles estão jogando basquete no quintal.
","They are playing basketball in the backyard.
",0,10,12,48,323,256,87,1,737
"blood, sweat, and tears","Sangue, suor e lágrimas.
","Blood, sweat, and tears.
",1,1,21,98,130,111,20,1,382
flying high,"Voando alto
","Flying high
",1,1,46,3,182,160,338,1,731
bring home the bacon,"Trazer o sustento para casa
","Bring home the bacon
",1,1,46,5,82,224,429,58,845
give someone the cold shoulder,"Dar o desprezo a alguém.
","To snub someone.
",1,45,46,365,530,592,566,262,2406
bite your tongue,"Morda a língua
","Bite your tongue.
",1,1,46,166,262,319,514,133,1441
all in a day's work,"Tudo em um dia de trabalho.
","All in a day's work.
",1,1,28,115,19,203,270,88,724
eyes in the back of your head,"Olhos na nuca
","Eyes in the back of your head
",1,1,3,3,209,440,395,148,1199
He ate his breakfast quickly.,"Ele comeu o café da manhã rapidamente.
","He ate breakfast quickly.
",0,7,46,50,318,173,382,30,1006
back on your feet,"Recuperar-se
","Recover
",1,52,46,471,473,601,626,336,2605
"blood, sweat, and tears","Sangue, suor e lágrimas.
","Blood, sweat, and tears.
",1,1,21,98,130,111,20,1,382
They are driving to the countryside.,"Eles estão indo para o campo.
","They are going to the field.
",0,23,46,232,485,471,306,216,1779
She cooked dinner for her family.,"Ela preparou o jantar para a família dela.
","She prepared dinner for her family.
",0,11,19,27,249,214,164,1,685
ace in the hole,"Carta na manga
","Ace up your sleeve
",1,45,46,353,504,681,666,305,2600
hard as nails,"Durão/Aço duro.
","Tough/Hard steel.
",1,41,46,385,605,573,588,282,2520
kill two birds with one stone,"Matar dois coelhos com uma cajadada só.
","To kill two birds with one stone.
",1,4,14,148,362,358,503,163,1552
black and blue,"Roxo e negro
","Purple and black
",1,41,46,203,435,284,296,36,1341
how the cookie crumbles,"É assim que a banda toca.
","That's how the cookie crumbles.
",1,14,28,199,402,386,681,264,1974
He played video games all evening.,"Ele jogou videogame a noite toda.
","He played video games all night.
",0,11,19,40,298,162,58,1,589
all bark and no bite,"Só ladra, mas não morde.
","She barks, but doesn't bite.
",1,50,46,329,501,476,459,208,2069
beef up,"Fortalecer
","Strengthen
",1,52,46,432,588,677,564,349,2708
be on cloud nine,"Estar nas nuvens.
","To be in the clouds.
",1,46,46,310,491,539,567,279,2278
They traveled to the mountains for vacation.,"Eles viajaram para as montanhas de férias.
","They traveled to the mountains for vacation.
",0,1,1,3,201,48,481,4,739
They went on a road trip last summer.,"Eles fizeram uma viagem de carro no verão passado.
","They took a road trip last summer.
",0,15,20,34,350,219,288,36,962
clear the air,"Esclarecer as coisas
","To clarify things
",1,52,46,410,470,588,453,104,2123
cat got your tongue,"Ficou sem fala?
","Lost for words?
",1,52,46,447,600,629,574,350,2698
as busy as a bee,"Tão ocupado como uma abelha.
","As busy as a bee.
",1,1,28,125,73,309,318,195,1049
They are visiting their friends in the city.,"Eles estão visitando seus amigos na cidade.
","They are visiting their friends in the city.
",0,1,1,3,139,70,168,36,418
come out of your shell,"Saia da sua concha.
","Come out of your shell.
",1,1,28,126,89,216,378,139,977
a storm in a teacup,"Tempestade em copo d'água
","A storm in a teacup
",1,1,16,3,276,280,242,72,890
a tower of strength,"Uma torre de força
","A power tower
",1,29,46,256,497,457,6,86,1377
all's fair in love and war,"Em amor e guerra, vale tudo.
","All's fair in love and war.
",1,1,21,96,208,188,401,24,939
She is doing her hair in front of the mirror.,"Ela está arrumando o cabelo em frente ao espelho.
","She is fixing her hair in front of the mirror.
",0,6,9,23,330,368,193,143,1072
all the world's a stage,"O mundo inteiro é um palco.
","All the world's a stage.
",1,1,28,102,156,212,131,1,631
"if the shoe fits, wear it","Se a carapuça servir, use-a.
","If the shoe fits, wear it.
",1,1,14,90,22,299,672,166,1264
They have three children.,"Eles têm três filhos.
","They have three children.
",0,1,1,3,138,3,117,1,264
She is preparing for a job interview.,"Ela está se preparando para uma entrevista de emprego.
","She is preparing for a job interview.
",0,1,1,3,124,36,223,1,389
They had a barbecue in the backyard.,"Eles fizeram um churrasco no quintal.
","They had a barbecue in the backyard.
",0,1,1,3,145,98,188,36,472
bite the bullet,"Engolir o choro
","To swallow one's tears
",1,52,46,363,652,650,504,396,2663
They went hiking in the mountains.,"Eles fizeram trilha nas montanhas.
","They hiked in the mountains.
",0,20,33,95,373,303,287,1,1112
keep your chin up,"Anime-se!
","Cheer up!
",1,41,46,427,571,534,623,241,2483
cut from the same cloth,"Feitos da mesma estirpe
","Made of the same stock
",1,37,46,227,446,544,488,47,1835
full plate,"Prato cheio
","A full plate
",1,14,46,142,354,432,619,234,1841
alive and kicking,"Vivo e forte
","Alive and strong
",1,23,46,215,488,458,329,173,1732
a place in the sun,"Um lugar ao sol
","A Place in the Sun
",1,1,46,4,194,327,198,36,806
They went to the zoo with the kids.,"Eles foram ao zoológico com as crianças.
","They went to the zoo with the children.
",0,9,7,13,329,240,112,1,711
I took a photo of the beautiful sunset.,"Eu tirei uma foto do belo pôr do sol.
","I took a picture of the beautiful sunset.
",0,9,22,10,321,220,451,52,1085
bad egg,"Mau caráter
","Bad character
",1,33,46,225,592,493,622,221,2232
back to square one,"De volta à estaca zero
","Back to square one
",1,1,46,3,226,52,259,1,588
break the ice,"Quebrar o gelo
","Break the ice
",1,1,46,3,278,243,120,36,727
The train arrived at the station on time.,"O trem chegou à estação na hora certa.
","The train arrived at the station on time.
",0,1,1,3,74,59,60,1,199
She took a nap after lunch.,"Ela tirou uma soneca depois do almoço.
","She took a nap after lunch.
",0,1,1,3,198,27,409,1,640
He is watering the plants.,"Ele está regando as plantas.
","He is watering the plants.
",0,1,1,3,75,144,281,1,506
at the helm,"No comando
","In command
",1,52,46,323,417,553,606,248,2245
The dog is playing outside.,"O cachorro está brincando lá fora.
","The dog is playing outside.
",0,1,1,3,106,89,44,1,245
coming full circle,"Completar um ciclo
","To complete a cycle
",1,52,46,412,569,480,84,140,1783
hold your horses,"Calma aí
","Hold on
",1,38,46,407,560,554,498,301,2404
as smooth as silk,"Macio como seda.
","Silky smooth.
",1,41,46,305,452,425,416,75,1760
a shot in the dark,"Um tiro no escuro
","A shot in the dark
",1,1,16,2,125,161,235,1,541
burst at the seams,"Estar prestes a explodir.
","About to explode.
",1,52,46,360,460,520,349,219,2006
They went to a concert last night.,"Eles foram a um show ontem à noite.
","They went to a concert last night.
",0,1,1,3,177,35,221,1,439
cat got your tongue,"O gato comeu sua língua?
","Cat got your tongue?
",1,1,46,169,295,396,532,181,1620
They are having a discussion in the classroom.,"Eles estão tendo uma discussão na sala de aula.
","They are having a discussion in the classroom.
",0,1,1,3,153,49,210,36,453
behind the eight ball,"Em maus lençóis
","In deep trouble
",1,52,46,398,681,653,554,404,2788
She is painting a picture on the canvas.,"Ela está pintando um quadro na tela.
","She is painting a picture on the canvas.
",0,1,1,3,101,117,353,1,577
against the grain,"Contra a corrente
","Against the current
",1,23,46,275,545,489,336,196,1910
She is typing on her computer.,"Ela está digitando no computador.
","She is typing on the computer.
",0,11,30,60,337,227,334,1,1000
left out in the cold,"Deixado ao léu
","Left to the elements
",1,35,46,343,461,558,525,187,2155
don't judge a book by its cover,"Não julgue um livro pela capa.
","Don't judge a book by its cover.
",1,1,14,62,32,184,17,1,311
bend over backward,"Se esforçar ao máximo
","Try your best
",1,52,46,443,531,671,494,357,2594
back to the grind,"De volta à labuta
","Back to the grind
",1,1,46,3,100,107,563,122,942
let sleeping dogs lie,"Deixe os mortos quietos.
","Let the dead lie.
",1,33,46,263,499,504,450,198,1993
a snowball's chance in hell,"Nenhuma chance.
","No way.
",1,52,46,451,630,604,539,379,2701
fighting a losing battle,"Lutar uma batalha perdida
","To fight a losing battle
",1,24,46,146,403,397,407,119,1542
a fish out of water,"Um peixe fora d'água
","A fish out of water
",1,1,16,3,68,171,37,1,297
hit the ground running,"Começar com o pé direito
","Start off on the right foot.
",1,49,46,327,615,546,364,154,2101
heart of stone,"Coração de pedra
","Stone heart
",1,38,46,260,469,430,18,131,1392
He took a walk in the park.,"Ele deu um passeio no parque.
","He took a walk in the park.
",0,1,1,4,245,63,227,1,542
They are enjoying a cup of coffee together.,"Eles estão apreciando uma xícara de café juntos.
","They are enjoying a cup of coffee together.
",0,1,1,3,112,92,194,36,439
I made a cup of tea for myself.,"Fiz uma xícara de chá para mim.
","I made myself a cup of tea.
",0,15,37,83,408,254,115,1,913
cooking up a storm,"Fazendo um estrondo
","Making a splash
",1,42,46,276,587,496,591,276,2314
fall through the cracks,"Passar despercebido.
","To go unnoticed.
",1,52,46,388,517,614,531,311,2459
bend over backwards,"Fazer de tudo
","Do anything
",1,52,46,392,675,665,486,383,2699
dance with the devil,"Dance com o diabo.
","Dance with the devil.
",1,1,46,139,274,338,477,36,1311
dark horse,"Cavalo negro
","Black horse
",1,33,46,197,432,424,8,1,1141
She enjoys walking in the park.,"Ela gosta de caminhar no parque.
","She likes to walk in the park.
",0,27,40,106,356,283,111,1,924
go the extra mile,"Ir além
","Go beyond
",1,41,46,317,514,472,573,137,2100
He is looking out the window at the rain.,"Ele está olhando a chuva pela janela.
","He is watching the rain through the window.
",0,34,46,153,419,382,343,1,1378
feeling under the weather,"Sentindo-se mal.
","Feeling bad.
",1,41,46,347,573,500,347,156,2010
bridge the gap,"Preencher a lacuna
","Fill in the gap
",1,29,46,241,441,456,617,36,1866
clear as crystal,"Claro como cristal
","Clear as crystal
",1,1,46,3,24,11,153,1,239
actions speak louder than words,"Ações valem mais que palavras.
","Actions speak louder than words.
",1,1,28,119,38,168,81,1,436
cutting corners,"Fazer as coisas pela metade
","To do things halfway
",1,52,46,367,627,627,590,299,2608
cost an arm and a leg,"Custar os olhos da cara.
","To cost an arm and a leg.
",1,4,14,165,381,421,674,214,1873
a far cry,"Uma grande diferença
","A big difference
",1,41,46,332,548,462,130,213,1772
carry the torch,"Passar o bastão
","Pass the baton
",1,41,46,248,580,519,379,147,1960
chew the fat,"Pôr a conversa em dia
","Catch up.
",1,52,46,454,662,642,653,347,2856
at a snail's pace,"A passos de cágado
","At a snail's pace
",1,1,46,3,63,263,373,27,776
He is taking a nap on the couch.,"Ele está tirando uma soneca no sofá.
","He is napping on the couch.
",0,21,39,88,355,387,438,171,1499
dressed to kill,"Arrasando.
","Killing it.
",1,52,46,364,626,623,677,337,2725
all in your head,"Tudo na sua cabeça.
","It's all in your head.
",1,14,28,221,331,320,48,1,963
He is writing a story for school.,"Ele está escrevendo uma história para a escola.
","He is writing a story for school.
",0,1,1,3,87,64,246,1,403
She painted a picture of a landscape.,"Ela pintou um quadro de uma paisagem.
","She painted a picture of a landscape.
",0,1,1,3,240,68,276,36,625
banging your head against a brick wall,"Bater a cabeça contra a parede.
","To bang one's head against a wall.
",1,32,46,231,424,435,302,94,1564
She is visiting her grandmother in the hospital.,"Ela está visitando sua avó no hospital.
","She is visiting her grandmother in the hospital.
",0,1,1,3,136,143,182,36,502
She had a meeting with her boss.,"Ela teve uma reunião com seu chefe.
","She had a meeting with her boss.
",0,1,1,3,233,139,183,1,561
She is knitting a scarf for winter.,"Ela está tricotando um cachecol para o inverno.
","She is knitting a scarf for the winter.
",0,3,17,26,273,199,264,1,783
She took the train to the city.,"Ela pegou o trem para a cidade.
","She took the train to the city.
",0,1,1,3,147,145,125,10,432
break a leg,"Boa sorte!
","Good luck!
",1,52,46,473,683,630,170,175,2229
They are taking pictures in front of the monument.,"Eles estão tirando fotos em frente ao monumento.
","They are taking photos in front of the monument.
",0,8,18,7,271,154,228,36,722
They went for a walk in the park.,"Eles foram passear no parque.
","They went for a walk in the park.
",0,1,1,3,189,34,144,1,373
below the belt,"Abaixo da cintura
","Below the waist
",1,23,46,218,396,542,263,100,1588
caught red-handed,"De mãos dadas na massa
","Hand in hand in the dough
",1,52,46,437,677,682,468,388,2750
make a mountain out of a molehill,"Fazer tempestade em copo d'água
","To make a mountain out of a molehill.
",1,3,10,129,326,355,662,296,1781
burning bridges,"Queimando pontes
","Burning bridges
",1,1,46,3,280,295,29,1,655
burn a hole in your pocket,"Furar o bolso.
","To rip someone off.
",1,52,46,409,614,657,596,346,2720
He is waiting for the bus.,"Ele está esperando o ônibus.
","He is waiting for the bus.
",0,1,1,3,129,126,342,1,603
better safe than sorry,"Mais vale prevenir do que remediar.
","Prevention is better than cure.
",1,35,46,304,570,487,326,81,1849
burnt to a crisp,"Queimado(a) até virar carvão.
","Burnt to a crisp.
",1,1,46,154,6,326,492,205,1230
They are doing laundry in the basement.,"Eles estão lavando roupa no porão.
","They are doing laundry in the basement.
",0,1,1,3,84,113,66,36,304
as light as a feather,"Leve como uma pluma
","Light as a feather
",1,7,46,179,347,408,293,112,1392
as fit as a fiddle,"Em plena forma
","In good shape
",1,52,46,382,478,560,559,366,2443
They are going for a run in the morning.,"Eles vão correr de manhã.
","They will run in the morning.
",0,22,35,201,431,446,457,56,1648
adding insult to injury,"Para piorar as coisas
","To make matters worse
",1,45,46,422,509,516,340,243,2121
apple of discord,"Maçã da discórdia
","Apple of discord
",1,1,46,3,231,298,637,176,1392
broken dreams,"Sonhos desfeitos
","Dreams Unravelled
",1,33,46,277,520,517,444,200,2037
bitten by the bug,"Picado pela curiosidade.
","Bitten by curiosity.
",1,29,46,297,567,641,609,210,2399
blown away,"Impressionado
","Impressed
",1,52,46,380,523,483,544,253,2281
big shoes to fill,"Grandes responsabilidades
","Big responsibilities
",1,41,46,306,563,510,394,152,2012
He is cleaning the garage.,"Ele está limpando a garagem.
","He is cleaning the garage.
",0,1,1,3,48,148,267,1,469
She played tennis with her brother.,"Ela jogou tênis com o irmão dela.
","She played tennis with her brother.
",0,1,1,3,259,55,41,1,361
grasp at straws,"Aferrar-se a uma palhinha
","To clutch at straws
",1,29,46,189,391,576,461,204,1896
coming up roses,"Tudo vai dar certo.
","Everything will be alright.
",1,52,46,472,590,568,442,297,2467
The car stopped at the red light.,"O carro parou no sinal vermelho.
","The car stopped at the red light.
",0,1,1,3,116,115,271,1,508
They are sitting around the campfire.,"Eles estão sentados ao redor da fogueira.
","They are sitting around the campfire.
",0,1,1,3,99,71,232,1,408
He is working out in the gym.,"Ele está malhando na academia.
","He is working out at the gym.
",0,10,29,20,307,183,553,92,1194
She is playing with her cat.,"Ela está brincando com seu gato.
","She is playing with her cat.
",0,1,1,3,241,86,167,1,500
He is fixing the car.,"Ele está consertando o carro.
","He is fixing the car.
",0,1,1,4,104,167,286,1,564
I like to read books in the evening.,"Gosto de ler livros à noite.
","I like to read books at night.
",0,23,31,89,336,300,3,1,783
They went to a museum last month.,"Eles foram a um museu no mês passado.
","They went to a museum last month.
",0,1,1,3,151,60,69,36,321
They went to the library to borrow books.,"Eles foram à biblioteca pegar livros emprestados.
","They went to the library to borrow books.
",0,1,1,3,216,130,402,36,789
flying off the handle,"Sair do sério
","To lose it
",1,52,46,406,617,669,639,343,2772
catch lightning in a bottle,"Capturar um raio em uma garrafa
","Catching lightning in a bottle
",1,13,16,37,314,390,443,62,1275
bare your soul,"Abrir o coração.
","Open your heart.
",1,41,46,253,447,451,114,22,1374
They met their friends at the café.,"Eles encontraram seus amigos no café.
","They met their friends at the café.
",0,1,1,3,181,119,65,1,371
jump the gun,"Antecipar-se
","To anticipate
",1,52,46,444,606,643,548,344,2683
She worked on her project all afternoon.,"Ela trabalhou no projeto a tarde toda.
","She worked on the project all afternoon.
",0,10,29,63,319,249,362,1,1033
bury the hatchet,"Enterrar as armas
","Bury the hatchet
",1,1,46,4,212,405,675,223,1566
They are watching TV in the living room.,"Eles estão assistindo TV na sala.
","They are watching TV in the living room.
",0,1,1,3,65,88,46,1,205
They are eating lunch together.,"Eles estão almoçando juntos.
","They are having lunch together.
",0,13,46,51,304,180,177,1,772
He is taking a walk around the block.,"Ele está dando uma volta no quarteirão.
","He's walking around the block.
",0,29,43,182,388,433,445,36,1556
hit the nail on the head,"Acertar em cheio
","Hit the bullseye
",1,36,46,279,594,564,599,320,2438
He sent an email to his colleague.,"Ele enviou um email para o colega dele.
","He sent an email to his colleague.
",0,1,1,4,236,159,73,1,475
carry a torch,"Manter acesa a chama
","Keep the flame alive.
",1,52,46,348,598,537,485,263,2329
They took a bus to the city center.,"Eles pegaram um ônibus para o centro da cidade.
","They took a bus downtown.
",0,26,42,170,397,380,124,1,1140
eat your heart out,"Morra de inveja!
","Die of envy!
",1,52,46,413,576,670,515,341,2613
I did the laundry yesterday.,"Eu lavei a roupa ontem.
","I washed the clothes yesterday.
",0,28,46,183,427,412,260,1,1357
They are taking a walk along the beach.,"Eles estão passeando na praia.
","They are walking on the beach.
",0,29,46,156,392,389,236,36,1284
a weight on my shoulders,"Um peso nos meus ombros.
","A weight on my shoulders.
",1,1,28,92,180,234,272,1,808
can't cut the mustard,"Não ter o mínimo necessário.
","Not having the bare minimum.
",1,48,46,372,651,636,437,300,2490
come down to earth,"Voltar à realidade
","Get back to reality
",1,45,46,288,451,467,107,93,1497
She is writing a letter to her friend.,"Ela está escrevendo uma carta para a amiga dela.
","She is writing a letter to her friend.
",0,1,1,4,78,140,86,1,311
bad apple,"Mau elemento
","Bad egg
",1,33,46,180,515,548,638,228,2188
apple of my eye,"Menina dos meus olhos
","Apple of my eye
",1,1,46,3,193,340,611,229,1423
She is making a salad for lunch.,"Ela está fazendo uma salada para o almoço.
","She is making a salad for lunch.
",0,1,1,4,54,74,61,1,196
He repaired the broken chair.,"Ele consertou a cadeira quebrada.
","He fixed the broken chair.
",0,13,25,72,367,277,109,1,864
icing on the cake,"Cereja no topo do bolo
","The icing on the cake
",1,7,16,76,353,197,535,74,1258
She went to the dentist for a check-up.,"Ela foi ao dentista para uma revisão.
","She went to the dentist for a check-up.
",0,1,1,3,178,127,414,16,740
armed to the teeth,"Armado até os dentes
","Armed to the teeth
",1,1,46,3,4,157,384,161,756
Water boils at 100°C.,"A água ferve a 100°C.
","Water boils at 100°C.
",0,1,1,3,44,1,1,1,52
red herring,"Cortina de fumaça
","Smoke screen
",1,52,46,390,610,666,63,277,2104
have a lot on your plate,"Estar com muito trabalho.
","I'm swamped.
",1,52,46,460,540,624,680,385,2787
a clean slate,"Um recomeço.
","A fresh start.
",1,41,46,300,496,442,184,55,1564
feeding the fire,"Alimentando o fogo
","Feeding the fire
",1,1,46,4,217,253,455,116,1092
finding a needle in a haystack,"Procurar uma agulha no palheiro
","Looking for a needle in a haystack.
",1,18,27,124,383,418,410,123,1503
She is shopping for groceries.,"Ela está comprando mantimentos.
","She is buying groceries.
",0,24,46,69,358,252,305,1,1055
born with a silver spoon,"Nascido em berço de ouro.
","Born with a silver spoon in their mouth.
",1,17,44,209,412,468,635,283,2068
let the cat out of the bag,"Revelar um segredo
","To reveal a secret
",1,52,46,438,620,622,176,261,2215
black mark,"Mancha negra
","Black stain
",1,33,46,212,456,449,404,124,1724
call it a day,"Dar o dia por encerrado.
","Call it a day.
",1,1,46,147,11,251,469,1,926
batten down the hatches,"Arriar as escotilhas
","Secure the hatches.
",1,29,46,238,420,464,489,232,1918
call it a night,"Vamos parar por hoje.
","Let's call it a day.
",1,28,46,268,495,509,316,39,1701
I worked on my computer for two hours.,"Eu trabalhei no meu computador por duas horas.
","I worked on my computer for two hours.
",0,1,1,3,96,24,245,36,406
man of the hour,"O homem do momento
","Man of the moment
",1,19,46,160,374,369,412,76,1456
from the bottom of my heart,"Do fundo do meu coração
","From the bottom of my heart
",1,1,6,1,25,172,59,1,265
beat around the bush,"Ficar enrolando
","To stall
",1,52,46,370,655,663,644,393,2823
go the extra mile,"Ir além
","Go beyond
",1,41,46,317,514,472,573,137,2100
down to earth,"Pé no chão
","Down to earth
",1,1,46,3,85,205,278,57,675
They are chatting in the living room.,"Eles estão conversando na sala.
","They are talking in the living room.
",0,10,23,24,293,317,145,1,813
The dog ran across the yard.,"O cachorro correu pelo quintal.
","The dog ran through the yard.
",0,11,46,25,370,275,358,53,1138
bigger fish to fry,"Problemas maiores para resolver
","Bigger problems to solve.
",1,33,46,298,621,565,252,61,1876
climbing the walls,"Subindo pelas paredes
","Climbing the walls
",1,1,46,3,242,394,311,36,1033
as clear as day,"Claro como o dia.
","Clear as day.
",1,10,46,211,320,248,543,141,1519
like a fish out of water,"Como peixe fora d'água
","Like a fish out of water
",1,1,6,3,134,226,138,1,509
"like father, like son","Tal pai, tal filho.
","Like father, like son.
",1,1,28,111,256,290,405,76,1167
blaze a trail,"Abrir caminho
","Make way
",1,52,46,362,632,584,423,260,2359
dare to dream,"Ouse sonhar
","Dare to dream
",1,1,46,2,275,347,542,28,1241
at your wit’s end,"No fim da paciência
","At the end of patience
",1,37,46,296,574,526,369,179,2027
a piece of cake,"Coisa fácil
","Easy peasy
",1,52,46,386,684,593,171,108,2040
call the shots,"Dar as cartas
","Deal the cards
",1,41,46,269,564,587,381,193,2081
close call,"Por pouco.
","Close call.
",1,1,46,175,102,310,659,186,1479
against the clock,"Contra o tempo
","Against time
",1,38,46,265,467,617,150,41,1624
eye of the storm,"Olho do furacão
","Eye of the storm
",1,1,46,3,224,266,333,1,874
don't count your chickens before they hatch,"Não conte com o ovo no cu da galinha.
","Don't count your chickens before they hatch.
",1,1,14,66,95,304,646,103,1229
They are having a family gathering at home.,"Eles estão fazendo uma reunião familiar em casa.
","They are having a family gathering at home.
",0,1,1,3,246,53,156,36,496
big time,"Em grande estilo
","In style
",1,52,46,465,663,585,430,312,2553
a drop in the ocean,"Uma gota no oceano
","A drop in the ocean
",1,1,16,3,31,200,480,69,800
big fish in a small pond,"Peixe grande em lago pequeno
","Big fish in a small pond
",1,1,6,5,267,204,11,1,495
She studied for the test all week.,"Ela estudou para a prova a semana toda.
","She studied for the test all week.
",0,1,1,3,123,131,243,1,503
against all odds,"Contra todas as probabilidades
","Against all odds
",1,1,46,3,2,218,55,1,326
hit the nail on the head,"Acertar em cheio
","To hit the mark
",1,38,46,278,550,575,605,365,2457
back against the wall,"Encurralado
","Cornered
",1,52,46,464,638,644,608,324,2776
They watched the sunrise at the beach.,"Eles assistiram o nascer do sol na praia.
","They watched the sunrise on the beach.
",0,10,29,12,325,185,216,1,778
butter wouldn't melt,"Não seria capaz de fazer mal a uma mosca.
","They wouldn't hurt a fly.
",1,38,46,272,629,616,473,352,2426
a taste of their own medicine,"Provar do próprio veneno
","To taste one's own medicine
",1,33,46,240,416,436,428,73,1672
She is organizing her closet.,"Ela está organizando o armário dela.
","She is organizing her closet.
",0,1,1,3,50,20,197,1,273
She went to the gym for a workout.,"Ela foi à academia para treinar.
","She went to the gym to work out.
",0,25,32,150,384,333,218,1,1143
dropping like flies,"Caindo como moscas
","Dropping like flies
",1,1,46,3,56,311,615,150,1182
a taste of freedom,"Um gostinho de liberdade.
","A taste of freedom.
",1,1,46,158,114,178,34,1,532
hold your horses,"Calma aí!
","Hold on!
",1,38,46,440,561,562,248,224,2119
The weather is very cold today.,"O tempo está muito frio hoje.
","The weather is very cold today.
",0,1,1,2,211,57,88,1,361
blood runs cold,"O sangue gela.
","My blood runs cold.
",1,10,46,233,288,229,614,184,1604
don't cry over spilled milk,"Não chore pelo leite derramado.
","Don't cry over spilled milk.
",1,1,28,91,27,306,249,1,703
back to basics,"De volta ao básico
","Back to basics
",1,1,46,3,286,19,62,1,418
go the extra mile,"Ir além do esperado
","Go above and beyond.
",1,45,46,378,535,474,511,12,2001
carved in stone,"Esculpido em pedra
","Carved in stone
",1,1,46,3,191,122,313,1,677
She brushed her teeth before bed.,"Ela escovou os dentes antes de dormir.
","She brushed her teeth before bed.
",0,1,1,3,35,33,178,1,252
chip off the old block,"Filho de peixe, peixinho é.
","Like father, like son.
",1,52,46,450,673,691,663,398,2973
cat nap,"Cochilo.
","Nap.
",1,23,46,336,533,448,562,286,2234
chip on your shoulder,"Rancor
","Grudge
",1,52,46,452,591,664,598,381,2784
as gentle as a lamb,"Tão dócil quanto um cordeiro.
","As gentle as a lamb.
",1,1,28,120,115,354,403,98,1119
They went to a theme park for the day.,"Eles foram a um parque temático passar o dia.
","They went to a theme park for the day.
",0,1,1,3,222,80,172,37,516
burn the midnight oil,"Queimar pestanas
","Burn the midnight oil
",1,1,46,4,279,308,670,132,1440
blind leading the blind,"Um cego guiando outro cego.
","A blind man leading another blind man.
",1,31,46,270,481,485,519,3,1835
blue in the face,"Exausto de tanto falar/fazer
","Tired of talking/doing so much.
",1,52,46,463,646,640,446,387,2680
She is taking a picture of the flowers in the garden.,"Ela está tirando uma foto das flores no jardim.
","She is taking a picture of the flowers in the garden.
",0,1,1,3,252,105,285,36,683
They are having a barbecue in the garden.,"Eles estão fazendo um churrasco no jardim.
","They are having a barbecue in the garden.
",0,1,1,3,97,40,113,36,291
jump the gun,"Antecipar-se
","To anticipate
",1,52,46,444,606,643,548,344,2683
They are walking through the city streets.,"Eles estão caminhando pelas ruas da cidade.
","They are walking through the city streets.
",0,1,1,5,150,79,325,1,562
She reads a book every night.,"Ela lê um livro todas as noites.
","She reads a book every night.
",0,1,1,3,149,13,32,1,200
chained to the desk,"Preso à mesa
","Stuck to the table
",1,33,46,228,524,503,618,217,2169
He did some gardening in the afternoon.,"Ele fez jardinagem à tarde.
","He gardened in the afternoon.
",0,23,38,192,418,381,344,36,1432
They enjoyed a picnic in the park.,"Eles aproveitaram um piquenique no parque.
","They enjoyed a picnic in the park.
",0,1,1,3,223,76,257,1,562
dive in headfirst,"Mergulhar de cabeça
","To dive in headfirst
",1,10,46,100,390,388,524,203,1661
have the upper hand,"Levar vantagem
","To gain an advantage
",1,52,46,377,454,541,496,236,2202
She is ironing her clothes.,"Ela está passando suas roupas.
","She is ironing her clothes.
",0,1,1,3,21,85,229,11,351
He plays soccer every weekend.,"Ele joga futebol todo fim de semana.
","He plays soccer every weekend.
",0,1,1,3,105,2,154,1,267
at the drop of a hat,"Imediatamente
","Immediately
",1,52,46,446,595,638,387,342,2506
have a heart of stone,"Ter um coração de pedra.
","To have a heart of stone.
",1,5,21,188,385,357,151,67,1174
He worked on his computer for hours.,"Ele trabalhou no computador por horas.
","He worked on the computer for hours.
",0,10,29,57,315,231,294,1,937
airing dirty laundry,"Expor a roupa suja.
","Air the dirty laundry.
",1,29,46,245,541,431,579,90,1961
dead in the water,"*   **Em dificuldades**
","**In trouble**
",1,41,46,461,579,598,355,360,2440
another string to your bow,"Outra arma no seu arco.
","Another arrow in your quiver.
",1,37,46,237,466,536,549,240,2111
"easy come, easy go","Fácil vem, fácil vai.
","Easy come, easy go.
",1,1,28,114,64,177,397,96,877
bend over backwards,"Se esforçar ao máximo
","Try your best
",1,52,46,436,526,648,494,356,2558
bolt from the blue,"Raio em céu azul
","Lightning in a clear sky
",1,52,46,337,624,505,372,207,2143
dropping the ball,"Deixar a peteca cair
","To drop the ball
",1,29,46,145,439,416,456,117,1648
born with a silver spoon,"Nascer em berço de ouro.
","Born with a silver spoon in one's mouth.
",1,21,44,220,407,490,661,254,2097
as plain as day,"Claro como o dia.
","Clear as day.
",1,29,46,250,411,383,543,142,1804
like a fish to water,"Como peixe na água.
","Like a fish in water.
",1,13,46,200,442,399,157,71,1328
change your tune,"Mudar o discurso
","Change the narrative
",1,41,46,295,538,479,123,36,1558
adding fuel to the fire,"Botando lenha na fogueira.
","Adding fuel to the fire.
",1,1,28,121,263,336,331,1,1081
They are playing board games in the living room.,"Eles estão jogando jogos de tabuleiro na sala de estar.
","They are playing board games in the living room.
",0,1,1,3,173,100,135,1,414
dying to know,"Morrendo de curiosidade.
","Dying to know.
",1,1,46,163,1,274,552,25,1062
She is making a smoothie for breakfast.,"Ela está fazendo um smoothie para o café da manhã.
","She's making a smoothie for breakfast.
",0,10,13,35,285,223,96,1,663
in the same boat,"Na mesma situação
","In the same situation
",1,19,46,230,483,422,291,111,1602
better late than never,"Antes tarde do que nunca.
","Better late than never.
",1,1,46,151,39,152,43,14,446
frog in your throat,"Garganta seca
","Dry throat
",1,41,46,331,589,550,655,304,2516
down in the dumps,"Para baixo astral
","Down in the dumps
",1,1,46,3,37,270,640,174,1171
blood is thicker than water,"Sangue é mais espesso que água.
","Blood is thicker than water.
",1,1,28,79,18,99,15,1,241
as high as a kite,"Chapado
","Stoned
",1,52,46,462,674,672,568,397,2871
foot in the door,"Pé na porta
","Foot in the door
",1,1,46,3,28,215,436,136,865
crying over spilled milk,"Chorar sobre o leite derramado.
","Don't cry over spilled milk.
",1,28,46,234,462,454,668,323,2215
He is studying for his exams.,"Ele está estudando para as provas.
","He is studying for the exams.
",0,11,30,67,324,293,295,1,1021
darkest before dawn,"A noite mais escura precede a alvorada.
","The darkest night is just before the dawn.
",1,31,46,247,455,402,322,33,1536
They are taking a family vacation.,"Eles estão de férias em família.
","They are on a family vacation.
",0,11,30,68,300,246,162,76,893
cat got your tongue,"O gato comeu sua língua.
","The cat got your tongue.
",1,7,28,194,379,393,528,134,1663
barking up the wrong tree,"Estar enganado.
","To be mistaken.
",1,52,46,418,519,684,582,314,2615
bird's eye view,"Vista panorâmica
","Panoramic view
",1,41,46,313,449,477,7,65,1398
by a long shot,"De longe
","From afar
",1,52,46,425,552,619,392,169,2255
add insult to injury,"Piorar as coisas
","Make things worse.
",1,52,46,417,482,499,441,257,2194
