indice,ingles_original,portugues_traduzido,modelo,prompt,score_combinado,xcomet_xl,comet22,kiwi_xl,quartil,origem,parascore
4,He likes to watch movies in his free time.,Ele gosta de assistir a filmes no seu tempo livre.,gpt,prompt2,1.0066,1.0,0.9826611876487732,1.0370140075683594,Q2,parascore,0.9501
4,He likes to watch movies in his free time.,Ele gosta de assistir a filmes em seu tempo livre.,gpt,prompt4,0.8138,0.9038722515106201,0.9043962359428406,0.6330904364585876,Q2,parascore,0.9468
4,He likes to watch movies in his free time.,"Ele gosta de assistir filmes em seu tempo livre.
",gemini,prompt2,1.0136,1.0,0.981781542301178,1.058876395225525,Q2,dataset_final,
4,He likes to watch movies in his free time.,"Ele se delicia com filmes nos tempos livres.
",gemini,prompt4,0.8157,0.9490663409233093,0.8559903502464294,0.642035961151123,Q2,parascore,0.9349
4,He likes to watch movies in his free time.,Ele gosta de assistir filmes no tempo livre.,gemma3,prompt2,1.0002,1.0,0.9660385251045227,1.0345391035079956,Q2,parascore,0.9603
5,She enjoys painting in her free time.,Ela gosta de pintar em seu tempo livre.,gpt,prompt2,1.0172,1.0,0.9821787476539612,1.0695534944534302,Q2,parascore,0.9361
5,She enjoys painting in her free time.,Ela se diverte pintando em seu tempo livre.,gpt,prompt4,0.7388,0.8460196256637573,0.8303959369659424,0.5401124954223633,Q2,parascore,0.9091
5,She enjoys painting in her free time.,Ela gosta de pintar no tempo livre.,gemma3,prompt2,1.0173,1.0,0.9824775457382202,1.0693206787109375,Q2,dataset_final,
9,They are having a picnic in the park.,Eles estão fazendo um piquenique no parque.,gpt,prompt2,1.0168,1.0,0.9804415106773376,1.0700602531433103,Q2,dataset_final,
9,They are having a picnic in the park.,"Estão fazendo um piquenique na vida.
",gemini,prompt4,0.7339,0.8210592269897461,0.6675254702568054,0.7129969000816345,Q2,parascore,0.9338
9,They are having a picnic in the park.,Estão estendendo a toalha no parque da vida.,gemma3,prompt4,0.6183,0.7830026149749756,0.45752885937690735,0.6142676472663879,Q2,parascore,0.9027
9,They are having a picnic in the park.,Eles estão tendo um piquenique no parque.,gemmaX,sem_prompt,1.0115,1.0,0.9646105766296387,1.069926381111145,Q2,parascore,0.9368
22,She is giving a presentation at work.,"Ela está apresentando no trabalho.
",gemini,prompt2,0.7209,0.9899743795394897,0.8153822422027588,0.35739874839782715,Q2,parascore,0.9774
22,She is giving a presentation at work.,"Ela está no palco no trabalho.
",gemini,prompt4,0.7753,0.980513870716095,0.6820589900016785,0.6633721590042114,Q2,parascore,0.988
22,She is giving a presentation at work.,"Ela está fazendo uma apresentação no trabalho.
",gemma3,prompt2,1.014,1.0,0.9747384190559388,1.0672123432159424,Q2,dataset_final,
22,She is giving a presentation at work.,"Ela está expondo suas cartas no trabalho.
",gemma3,prompt4,0.685,0.8619949817657471,0.5545298457145691,0.6385912299156189,Q2,parascore,0.9346
22,She is giving a presentation at work.,Ela está dando uma apresentação no trabalho.,gemmaX,sem_prompt,1.005,1.0,0.94520103931427,1.069752812385559,Q2,parascore,0.9478
39,They went to the theater to watch a play.,Eles foram ao teatro para assistir a uma peça.,gpt,prompt2,1.0103,1.0,0.976241648197174,1.054599404335022,Q2,dataset_final,
39,They went to the theater to watch a play.,"Foram ao teatro para testemunhar a encenação da vida.
",gemini,prompt4,0.6924,0.7951531410217285,0.7549780011177063,0.5271871089935303,Q2,parascore,0.9293
39,They went to the theater to watch a play.,Foram ao palco assistir à encenação.,gemma3,prompt4,0.4803,0.5152051448822021,0.5535664558410645,0.3720991015434265,Q2,parascore,0.919
41,She made breakfast for the family.,Ela preparou o café da manhã para a família.,gpt,prompt4,0.9479,1.0,0.9739371538162231,0.869783878326416,Q2,parascore,0.9578
41,She made breakfast for the family.,"Ela botou o sol na mesa para a família.
",gemini,prompt4,0.6483,0.8051143884658813,0.6326623558998108,0.5069753527641296,Q2,parascore,0.9533
41,She made breakfast for the family.,Ela fez o café da manhã para a família.,gemma3,prompt2,1.015,1.0,0.972861349582672,1.0722179412841797,Q2,dataset_final,
41,She made breakfast for the family.,Ela preparou o ninho para a família.,gemma3,prompt4,0.6363,0.7602407932281494,0.4636504352092743,0.6850394010543823,Q2,parascore,0.9578
42,She is talking on the phone.,Ela está ao telefone.,gpt,prompt4,0.7869,0.9635006189346313,0.5502799153327942,0.8467937111854553,Q2,parascore,0.9939
42,She is talking on the phone.,"Ela está falando ao telefone.
",gemini,prompt2,1.0169,1.0,0.9783831238746644,1.0723775625228882,Q2,dataset_final,
42,She is talking on the phone.,"Ela está no fio.
",gemini,prompt4,0.5836,0.5575701594352722,0.45207247138023376,0.741296648979187,Q2,parascore,0.9393
42,She is talking on the phone.,Ela está com a voz presa ao fio.,gemma3,prompt4,0.6867,0.7438876032829285,0.5772314667701721,0.738864004611969,Q2,parascore,0.9112
52,She went to the post office to send a package.,Ela foi ao correio para enviar um pacote.,gpt,prompt2,1.0187,1.0,0.9695536494255066,1.0866451263427734,Q1,parascore,0.9579
52,She went to the post office to send a package.,Ela foi ao correio enviar uma encomenda.,gpt,prompt4,0.9314,1.0,0.9686159491539001,0.8256165981292725,Q1,parascore,0.9666
52,She went to the post office to send a package.,"Ela foi aos correios para enviar um pacote.
",gemini,prompt2,1.0113,1.0,0.9685618281364441,1.0652523040771484,Q1,parascore,0.9644
52,She went to the post office to send a package.,"Ela foi aos correios despachar um pedaço de saudade.
",gemini,prompt4,0.7399,0.7953737378120422,0.7380807995796204,0.6862401962280273,Q1,parascore,0.9189
52,She went to the post office to send a package.,"Ela foi aos correios entregar um pedaço de si.
",gemma3,prompt4,0.6543,0.7492586374282837,0.4436235725879669,0.7699525356292725,Q1,parascore,0.9539
52,She went to the post office to send a package.,Ela foi à agência dos correios para enviar um pacote.,gemmaX,sem_prompt,1.02,1.0,0.9687079787254332,1.0911462306976318,Q1,dataset_final,
55,She took a shower in the morning.,Ela tomou um banho de manhã.,gpt,prompt2,1.024,1.0,0.9790115356445312,1.0929954051971436,Q1,dataset_final,
55,She took a shower in the morning.,Ela tomou um banho pela manhã.,gpt,prompt4,0.9253,0.9912000298500061,0.9372568130493164,0.8474546670913696,Q1,parascore,0.9539
55,She took a shower in the morning.,"Ela tomou banho de manhã.
",gemini,prompt2,1.0179,1.0,0.9797559380531311,1.073907732963562,Q1,parascore,0.9656
55,She took a shower in the morning.,Ela lavou a alma pela manhã.,gemma3,prompt4,0.7097,0.8029276132583618,0.626274824142456,0.6998302936553955,Q1,parascore,0.9212
65,He took the bus to work.,Ele pegou o ônibus para o trampo.,gpt,prompt4,0.596,0.8401967287063599,0.5412707328796387,0.40645039081573486,Q2,parascore,0.904
65,He took the bus to work.,"Ele pegou o ônibus para o trabalho.
",gemini,prompt2,1.0113,1.0,0.9736977815628052,1.060231328010559,Q2,dataset_final,
65,He took the bus to work.,"Ele pegou o busão para o trabalho.
",gemini,prompt4,0.489,0.6135867834091187,0.6010028719902039,0.2524436116218567,Q2,parascore,0.931
65,He took the bus to work.,"Ele pegou a carruagem para o labor.
",gemma3,prompt4,0.3164,0.26299092173576355,0.4954496920108795,0.1907205879688263,Q2,parascore,0.9474
65,He took the bus to work.,Ele pegou o ônibus para trabalhar.,gemmaX,sem_prompt,1.0075,1.0,0.9742336869239807,1.0481599569320679,Q2,parascore,0.9592
69,She is brushing her teeth before bed.,"Ela está preparando a noite para dormir.
",gemini,prompt4,0.3723,0.4932049810886383,0.35891249775886536,0.2648637294769287,Q1,parascore,0.949
69,She is brushing her teeth before bed.,Ela está escovando os dentes antes de dormir.,gemma3,prompt2,1.0268,1.0,0.9775684475898744,1.102954626083374,Q1,dataset_final,
69,She is brushing her teeth before bed.,Ela está escovando as estrelas antes de dormir.,gemma3,prompt4,0.5745,0.7636677622795105,0.5182328224182129,0.4416038393974304,Q1,parascore,0.9462
69,She is brushing her teeth before bed.,Ela está escoando os dentes antes de dormir.,gemmaX,sem_prompt,1.0184,1.0,0.951971709728241,1.1033005714416504,Q1,parascore,0.9386
72,I like to drink coffee in the morning.,Eu gosto de beber café pela manhã.,gpt,prompt2,1.0269,1.0,0.979884684085846,1.1007294654846191,Q1,parascore,0.9648
72,I like to drink coffee in the morning.,"Eu gosto de tomar café de manhã.
",gemini,prompt2,1.029,1.0,0.978393256664276,1.1085923910140991,Q1,dataset_final,
72,I like to drink coffee in the morning.,"Afogo minhas mágoas no café da manhã.
",gemini,prompt4,0.6199,0.7144715785980225,0.4110479950904846,0.7342391610145569,Q1,parascore,0.9151
72,I like to drink coffee in the morning.,Gosto de tomar café de manhã.,gemmaX,sem_prompt,1.0199,1.0,0.9775829911231995,1.0821161270141602,Q1,parascore,0.9366
79,She is cleaning the kitchen after dinner.,Ela está arrumando a cozinha após o jantar.,gpt,prompt4,0.9182,0.9998085498809814,0.9184333682060242,0.8362772464752197,Q2,parascore,0.9568
79,She is cleaning the kitchen after dinner.,"Ela está limpando a cozinha depois do jantar.
",gemini,prompt2,1.0082,1.0,0.97198885679245,1.0527286529541016,Q2,dataset_final,
79,She is cleaning the kitchen after dinner.,"Ela está lavando a alma da cozinha depois do jantar.
",gemini,prompt4,0.5563,0.7449274063110352,0.5482771992683411,0.37570279836654663,Q2,parascore,0.9597
79,She is cleaning the kitchen after dinner.,Ela está varrendo os rastros do banquete.,gemma3,prompt4,0.6946,0.9183188080787659,0.4609697759151459,0.7044134140014648,Q2,parascore,0.9299
80,She is drinking water.,Ela está bebendo água.,gpt,prompt2,1.032,1.0,0.984463632106781,1.1115353107452393,Q1,dataset_final,
80,She is drinking water.,Ela está se hidratando.,gpt,prompt4,0.5547,0.8337322473526001,0.6483557820320129,0.18206197023391724,Q1,parascore,0.9653
80,She is drinking water.,"Ela está matando a sede.
",gemini,prompt4,0.7333,0.9643679261207581,0.5481679439544678,0.6872488260269165,Q1,parascore,0.9501
80,She is drinking water.,"Ela está saciando a sede.
",gemma3,prompt4,0.7405,0.9706754088401794,0.5560606718063354,0.6948258876800537,Q1,parascore,0.9304
81,They are having coffee at the café.,Eles estão tomando café no café.,gpt,prompt2,1.0174,1.0,0.9764923453330994,1.0758098363876345,Q2,dataset_final,
81,They are having coffee at the café.,Eles estão tomando um café no café.,gpt,prompt4,0.9373,0.9899328947067261,0.9535800814628601,0.8684970140457153,Q2,parascore,0.9534
81,They are having coffee at the café.,"Estão a tomar um café no ninho da conversa.
",gemini,prompt4,0.2915,0.3176923096179962,0.43121448159217834,0.12569937109947205,Q2,parascore,0.9075
81,They are having coffee at the café.,Eles estão se aquecendo na cafeteria.,gemma3,prompt4,0.6753,0.856897234916687,0.55748450756073,0.6114256381988525,Q2,parascore,0.9152
84,They are visiting a museum this afternoon.,Eles estão visitando um museu esta tarde.,gpt,prompt2,1.02,1.0,0.9793164134025574,1.0806715488433838,Q1,dataset_final,
84,They are visiting a museum this afternoon.,Eles estão fazendo uma visita ao museu esta tarde.,gpt,prompt4,0.91,0.9912000298500061,0.9219569563865662,0.8168865442276001,Q1,parascore,0.983
84,They are visiting a museum this afternoon.,"Eles vão passear nos olhos da tarde por um museu.
",gemini,prompt4,0.5288,0.7140430212020874,0.5344730019569397,0.3379691243171692,Q1,parascore,0.9326
84,They are visiting a museum this afternoon.,Eles estão peregrinando por um templo de memórias esta tarde.,gemma3,prompt4,0.6985,0.7973718643188477,0.6345604658126831,0.663466215133667,Q1,parascore,0.9586
84,They are visiting a museum this afternoon.,"Esta tarde, eles estão visitando um museu.",gemmaX,sem_prompt,1.0012,1.0,0.9428098797798157,1.060786485671997,Q1,parascore,0.9896
85,They are swimming at the pool.,Eles estão mergulhando na piscina.,gpt,prompt4,0.8598,0.9613805413246155,0.8109899759292603,0.8070970773696899,Q1,parascore,0.931
85,They are swimming at the pool.,"Eles estão nadando na piscina.
",gemini,prompt2,1.0197,1.0,0.9542171359062196,1.1050058603286743,Q1,dataset_final,
85,They are swimming at the pool.,Eles estão se afogando na piscina.,gemma3,prompt4,0.7657,0.9432681798934937,0.5167890191078186,0.8371275067329407,Q1,parascore,0.9074
87,She is talking to her friend on the phone.,Ela está conversando com a amiga pelo telefone.,gpt,prompt2,1.0284,1.0,0.9714134335517883,1.113664984703064,Q1,parascore,0.9583
87,She is talking to her friend on the phone.,Ela está conversando com a amiga ao telefone.,gpt,prompt4,0.9281,0.9998033046722412,0.9057053327560425,0.8788458108901978,Q1,parascore,0.9577
87,She is talking to her friend on the phone.,"Ela está falando com sua amiga no telefone.
",gemini,prompt2,1.0241,0.9912000298500061,0.9738432765007019,1.1073260307312012,Q1,parascore,0.9481
87,She is talking to her friend on the phone.,"Ela está tecendo confidências ao telefone.
",gemini,prompt4,0.5837,0.7728850841522217,0.5461515188217163,0.4319746792316437,Q1,parascore,0.9009
87,She is talking to her friend on the phone.,Ela está falando com sua amiga ao telefone.,gemma3,prompt2,1.029,1.0,0.9736365675926208,1.113477110862732,Q1,dataset_final,
87,She is talking to her friend on the phone.,Ela está bordando uma conversa com a amiga ao telefone.,gemma3,prompt4,0.7003,0.8749700784683228,0.6149144768714905,0.6109727621078491,Q1,parascore,0.9324
87,She is talking to her friend on the phone.,Ela está falando com uma amiga no telefone.,gemmaX,sem_prompt,1.021,1.0,0.9347538948059082,1.1281726360321045,Q1,parascore,0.9437
97,He washed his car yesterday.,Ele deu um trato no carro ontem.,gpt,prompt4,0.7867,0.9449872970581055,0.7195836901664734,0.6955347657203674,Q1,parascore,0.9533
97,He washed his car yesterday.,"Ele lavou o carro dele ontem.
",gemini,prompt2,1.0182,1.0,0.981741428375244,1.0728662014007568,Q1,dataset_final,
97,He washed his car yesterday.,Ele lavou o carro ontem.,gemma3,prompt2,0.9952,1.0,0.9392293095588684,1.04625403881073,Q1,parascore,0.9797
97,He washed his car yesterday.,Ele lavou seu carro ontem.,gemmaX,sem_prompt,1.0064,1.0,0.9830175638198853,1.0361069440841675,Q1,parascore,0.9772
131,They went for a swim at the pool.,Eles foram se refrescar na piscina.,gpt,prompt4,0.8966,0.9973573684692383,0.8341532945632935,0.8583551645278931,Q2,parascore,0.9519
131,They went for a swim at the pool.,"Eles foram nadar na piscina.
",gemini,prompt2,1.0072,1.0,0.8959540128707886,1.1255375146865845,Q2,dataset_final,
131,They went for a swim at the pool.,"Eles mergulharam no frescor azul.
",gemma3,prompt4,0.6076,0.792765736579895,0.4327305257320404,0.5972164869308472,Q2,parascore,0.9045
136,I met my friends for lunch.,Encontrei meus amigos para almoçar.,gpt,prompt4,0.9345,0.9990782737731934,0.9819269180297852,0.8223651647567749,Q2,parascore,0.9197
136,I met my friends for lunch.,"Encontrei meus amigos para um banquete de palavras.
",gemini,prompt4,0.793,0.9352645874023438,0.638958215713501,0.8047385215759277,Q2,parascore,0.9236
136,I met my friends for lunch.,"Eu encontrei meus amigos para almoçar.
",gemma3,prompt2,1.0174,1.0,0.981300413608551,1.0709837675094604,Q2,dataset_final,
136,I met my friends for lunch.,Encontrei minha turma para um rango.,gemma3,prompt4,0.5676,0.7887672185897827,0.5254781246185303,0.38857370615005493,Q2,parascore,0.9072
136,I met my friends for lunch.,Encontrei-me com os meus amigos para almoçar.,gemmaX,sem_prompt,0.997,1.0,0.9806405901908875,1.0104358196258545,Q2,parascore,0.9231
147,She bought a new phone last week.,Ela comprou um telefone novo na semana passada.,gpt,prompt2,1.0383,1.0,0.9814562797546388,1.133400797843933,Q1,dataset_final,
147,She bought a new phone last week.,"Ela estreou um celular novo semana passada.
",gemini,prompt4,0.8632,0.9801793098449707,0.7958188652992249,0.8136329650878906,Q1,parascore,0.9448
147,She bought a new phone last week.,Ela comprou um celular novo na semana passada.,gemma3,prompt2,1.0353,1.0,0.9814289212226868,1.124375581741333,Q1,parascore,0.9673
147,She bought a new phone last week.,Ela trocou de aparelho na semana passada.,gemma3,prompt4,0.6587,0.7528673410415649,0.7450435757637024,0.4780842661857605,Q1,parascore,0.9666
147,She bought a new phone last week.,Ela comprou um novo telefone na semana passada.,gemmaX,sem_prompt,1.038,1.0,0.9816002249717712,1.132291316986084,Q1,parascore,0.9874
153,They watched a movie on the weekend.,"Eles assistiram a um filme no fim de semana.
",gemini,prompt2,1.025,1.0,0.976432740688324,1.098678708076477,Q1,dataset_final,
153,They watched a movie on the weekend.,"No fim de semana, eles se embalaram num filme.
",gemini,prompt4,0.7445,0.8579429388046265,0.7694197297096252,0.6061171889305115,Q1,parascore,0.9384
153,They watched a movie on the weekend.,"Eles se perderam na tela do fim de semana.
",gemma3,prompt4,0.5123,0.6925108432769775,0.44765588641166687,0.39659762382507324,Q1,parascore,0.9517
158,She made a salad for lunch.,Ela fez uma salada para o almoço.,gpt,prompt2,1.0314,1.0,0.9793736338615416,1.1148709058761597,Q1,dataset_final,
158,She made a salad for lunch.,Ela preparou uma salada para o almoço.,gpt,prompt4,0.9091,0.9680360555648804,0.8984755277633667,0.860730767250061,Q1,parascore,0.9653
158,She made a salad for lunch.,Ela juntou um arco-íris no prato para o almoço.,gemma3,prompt4,0.6707,0.7604343891143799,0.6439613699913025,0.607776939868927,Q1,parascore,0.9166
177,He is reading a newspaper.,Ele está lendo um jornal.,gpt,prompt2,1.0298,1.0,0.9775685667991638,1.1118632555007937,Q1,dataset_final,
177,He is reading a newspaper.,"Ele está devorando o jornal.
",gemini,prompt4,0.509,0.8096744418144226,0.4744326174259186,0.24285507202148438,Q1,parascore,0.9423
187,He read a book before bed.,Ele mergulhou em um livro antes de dormir.,gpt,prompt4,0.7854,0.8539971113204956,0.845918595790863,0.6562687158584595,Q2,parascore,0.9455
187,He read a book before bed.,"Ele leu um livro antes de dormir.
",gemini,prompt2,1.0138,1.0,0.976381540298462,1.064913630485535,Q2,dataset_final,
187,He read a book before bed.,"Ele se afogou em palavras antes de dormir.
",gemini,prompt4,0.6442,0.7807184457778931,0.640333354473114,0.511678159236908,Q2,parascore,0.9319
187,He read a book before bed.,Ele mergulhou em páginas antes de dormir.,gemma3,prompt4,0.6337,0.8613018989562988,0.6050928831100464,0.43475931882858276,Q2,parascore,0.9463
196,I went to the beach for vacation.,Eu fui para a praia de férias.,gpt,prompt2,1.0083,1.0,0.9769195914268494,1.0481189489364624,Q2,dataset_final,
196,I went to the beach for vacation.,Fui à praia para relaxar.,gpt,prompt4,0.9168,0.9990476369857788,0.8845838904380798,0.8667585849761963,Q2,parascore,0.9426
196,I went to the beach for vacation.,"Eu fui à praia para as férias.
",gemini,prompt2,1.0002,1.0,0.9757611155509949,1.0248892307281494,Q2,parascore,0.9748
196,I went to the beach for vacation.,"Mergulhei na praia para as férias.
",gemini,prompt4,0.7449,0.8853768110275269,0.7396393418312073,0.609643280506134,Q2,parascore,0.9416
196,I went to the beach for vacation.,Eu fui à praia de férias.,gemma3,prompt2,1.0015,1.0,0.9482870101928711,1.056140661239624,Q2,parascore,0.9765
196,I went to the beach for vacation.,Fui para a praia de férias.,gemmaX,sem_prompt,0.9875,1.0,0.9362310171127319,1.0263715982437134,Q2,parascore,0.9567
201,He is doing his homework in the study room.,Ele está fazendo a lição de casa na sala de estudos.,gpt,prompt2,1.0077,1.0,0.9760352969169617,1.0471869707107544,Q2,parascore,0.9492
201,He is doing his homework in the study room.,Ele está fazendo seu dever de casa no escritório.,gpt,prompt4,0.8947,0.9621582627296448,0.8766635060310364,0.8451407551765442,Q2,parascore,0.9658
201,He is doing his homework in the study room.,"Ele está fazendo o dever de casa no escritório.
",gemini,prompt2,0.966,0.955623984336853,0.8967497944831848,1.0456699132919312,Q2,parascore,0.9602
201,He is doing his homework in the study room.,"Ele está debruçado sobre os livros no escritório.
",gemini,prompt4,0.6806,0.8657429814338684,0.4714548885822296,0.7047113180160522,Q2,parascore,0.9221
201,He is doing his homework in the study room.,Ele está se dedicando aos seus estudos no refúgio do saber.,gemma3,prompt4,0.662,0.7959117889404297,0.6069796681404114,0.5831465721130371,Q2,parascore,0.9159
201,He is doing his homework in the study room.,Ele está fazendo sua lição de casa na sala de estudo.,gemmaX,sem_prompt,1.0112,1.0,0.9739362001419068,1.0595543384552002,Q2,dataset_final,
202,They planted flowers in the garden.,Eles semearam flores no jardim.,gpt,prompt4,0.9516,0.9987729787826538,0.9759141802787781,0.8801453113555908,Q1,parascore,0.9378
202,They planted flowers in the garden.,"Eles semearam flores no jardim da vida.
",gemini,prompt4,0.8294,0.9481274485588074,0.7013612389564514,0.8386416435241699,Q1,parascore,0.9501
202,They planted flowers in the garden.,"Eles plantaram flores no jardim.
",gemma3,prompt2,1.0313,1.0,0.9763957262039183,1.1174554824829102,Q1,dataset_final,
203,They are making pizza together.,Eles estão fazendo pizza juntos.,gemma3,prompt2,1.0069,1.0,0.9862179756164552,1.0343519449234009,Q2,dataset_final,
203,They are making pizza together.,Estão a fazer uma pizza juntos.,gemmaX,sem_prompt,0.9936,1.0,0.9493257999420166,1.0316191911697388,Q2,parascore,0.9331
208,He called his parents yesterday.,Ele chamou os pais dele ontem.,gpt,prompt2,1.0137,1.0,0.981137216091156,1.0600143671035769,Q2,dataset_final,
208,He called his parents yesterday.,Ele entrou em contato com os pais ontem.,gpt,prompt4,0.9099,1.0,0.896990954875946,0.8326543569564819,Q2,parascore,0.9434
208,He called his parents yesterday.,"Ele ligou para os pais dele ontem.
",gemini,prompt2,1.011,1.0,0.9814514517784119,1.051631212234497,Q2,parascore,0.9469
208,He called his parents yesterday.,"Ele ligou para a base ontem.
",gemini,prompt4,0.4911,0.691163182258606,0.5408408641815186,0.24129772186279297,Q2,parascore,0.9262
208,He called his parents yesterday.,"Ele telefonou para os pais no ontem.
",gemma3,prompt4,0.493,0.6496205925941467,0.5299861431121826,0.29941460490226746,Q2,parascore,0.929
209,He wrote a letter to his friend.,Ele escreveu uma carta para seu amigo.,gpt,prompt2,1.0243,1.0,0.9758993983268738,1.0969433784484863,Q1,parascore,0.9714
209,He wrote a letter to his friend.,Ele escreveu uma carta para o amigo.,gpt,prompt4,0.9119,0.9848524332046509,0.9216126799583435,0.8293194770812988,Q1,parascore,0.9702
209,He wrote a letter to his friend.,"Ele escreveu uma carta para o amigo dele.
",gemini,prompt2,1.0245,1.0,0.9736509323120116,1.0999906063079834,Q1,dataset_final,
209,He wrote a letter to his friend.,"Ele teceu uma carta ao amigo.
",gemini,prompt4,0.9259,0.9883773922920227,0.9468928575515747,0.8424123525619507,Q1,parascore,0.9561
209,He wrote a letter to his friend.,Ele escreveu uma carta para o seu amigo.,gemma3,prompt2,1.0235,1.0,0.9747703671455383,1.0957673788070679,Q1,parascore,0.9782
209,He wrote a letter to his friend.,Ele desfolhou um bilhete para o amigo.,gemma3,prompt4,0.7879,0.907564640045166,0.6456727385520935,0.8105217218399048,Q1,parascore,0.9169
228,She is listening to music while cooking.,"Ela está ouvindo música enquanto cozinha.
",gemini,prompt2,1.0289,1.0,0.980880081653595,1.1057063341140747,Q1,dataset_final,
237,He is making tea in the kitchen.,Ele está preparando um chá na cozinha.,gpt,prompt4,0.9138,0.9862394332885742,0.9147500395774841,0.8403461575508118,Q1,parascore,0.9547
237,He is making tea in the kitchen.,"Ele está fazendo chá na cozinha.
",gemini,prompt2,1.0177,1.0,0.9768637418746948,1.0763717889785769,Q1,dataset_final,
237,He is making tea in the kitchen.,"Ele está botando a chaleira pra cantar na cozinha.
",gemini,prompt4,0.5302,0.7842409610748291,0.5330358147621155,0.2732434570789337,Q1,parascore,0.9177
237,He is making tea in the kitchen.,"Ele está preparando o chá no coração da casa.
",gemma3,prompt4,0.6279,0.8096499443054199,0.5617121458053589,0.5123485922813416,Q1,parascore,0.9499
244,He went fishing with his friends.,Ele foi pescar com os amigos.,gpt,prompt2,1.0101,1.0,0.9781059622764587,1.0522589683532715,Q2,parascore,0.9516
244,He went fishing with his friends.,"Ele foi pescar com seus amigos.
",gemini,prompt2,1.0153,1.0,0.9790359139442444,1.0668598413467407,Q2,dataset_final,
244,He went fishing with his friends.,"Foi pescar com os amigos.
",gemini,prompt4,0.8145,0.827386736869812,0.8386792540550232,0.7773036360740662,Q2,parascore,0.9663
244,He went fishing with his friends.,"Partiu à pesca com a turma.
",gemma3,prompt4,0.4975,0.6223108768463135,0.6180135607719421,0.252088725566864,Q2,parascore,0.9313
254,She plays the piano beautifully.,Ela toca piano com maestria.,gpt,prompt4,0.9142,1.0,0.9030176997184753,0.8396698832511902,Q1,parascore,0.9306
254,She plays the piano beautifully.,"Ela toca piano lindamente.
",gemini,prompt2,1.027,1.0,0.9808467626571656,1.1001147031784058,Q1,dataset_final,
256,They are going to the cinema tonight.,Eles vão ao cinema esta noite.,gpt,prompt2,1.0154,1.0,0.982410967350006,1.0637775659561155,Q2,dataset_final,
256,They are going to the cinema tonight.,"Eles vão ao cinema hoje à noite.
",gemini,prompt2,0.9913,1.0,0.9575442671775818,1.016325831413269,Q2,parascore,0.9652
256,They are going to the cinema tonight.,"Eles vão às estrelas esta noite.
",gemini,prompt4,0.7263,0.8088088035583496,0.6613887548446655,0.7086206674575806,Q2,parascore,0.9556
256,They are going to the cinema tonight.,Eles vão se perder nas sombras da tela esta noite.,gemma3,prompt4,0.6533,0.7271815538406372,0.530788779258728,0.7017824649810791,Q2,parascore,0.9344
269,He visited the museum with his class.,Ele visitou o museu com sua turma.,gpt,prompt2,0.9992,1.0,0.9724180102348328,1.0250972509384155,Q2,parascore,0.9698
269,He visited the museum with his class.,"Ele visitou o museu com a turma dele.
",gemini,prompt2,0.9935,1.0,0.9715792536735535,1.009057641029358,Q2,parascore,0.9693
269,He visited the museum with his class.,"Ele passeou pelo museu com sua turma.
",gemini,prompt4,0.7987,0.9189136028289795,0.8411390781402588,0.6361115574836731,Q2,parascore,0.9718
269,He visited the museum with his class.,Ele guiou a turma pelos corredores da história.,gemma3,prompt4,0.6158,0.7076112031936646,0.5709943771362305,0.5688994526863098,Q2,parascore,0.9161
269,He visited the museum with his class.,Ele visitou o museu com sua classe.,gemmaX,sem_prompt,1.007,1.0,0.972622573375702,1.0484081506729126,Q2,dataset_final,
270,I visited my parents last weekend.,Eu visitei meus pais no último fim de semana.,gpt,prompt2,1.0215,1.0,0.9830445647239685,1.0814471244812012,Q1,parascore,0.9767
270,I visited my parents last weekend.,Eu fui visitar meus pais no último fim de semana.,gpt,prompt4,0.8906,0.9755676984786987,0.8961911797523499,0.8000887036323547,Q1,parascore,0.9671
270,I visited my parents last weekend.,"Visitei meus pais no fim de semana passado.
",gemini,prompt2,1.0235,1.0,0.9820217490196228,1.088486909866333,Q1,dataset_final,
270,I visited my parents last weekend.,"Fui visitar meus pais no fim de semana passado.
",gemini,prompt4,0.6754,0.8128429651260376,0.6979780793190002,0.5153254270553589,Q1,parascore,0.9432
270,I visited my parents last weekend.,Passei para ver meus pais no fim de semana que foi.,gemma3,prompt4,0.6554,0.7919666767120361,0.5263540148735046,0.6480257511138916,Q1,parascore,0.9467
273,He watched a football match on TV.,Ele assistiu a uma partida de futebol na TV.,gpt,prompt2,1.0078,1.0,0.9852189421653748,1.0382657051086426,Q2,dataset_final,
273,He watched a football match on TV.,Ele assistiu a um jogo de futebol na TV.,gpt,prompt4,0.9471,1.0,0.9847589135169983,0.8566612601280212,Q2,parascore,0.979
273,He watched a football match on TV.,"Ele assistiu a um duelo de gigantes na telinha.
",gemini,prompt4,0.7762,0.922600269317627,0.630038321018219,0.7759370803833008,Q2,parascore,0.9525
273,He watched a football match on TV.,"Ele acompanhou um espetáculo de embates em uma tela.
",gemma3,prompt4,0.567,0.6416221857070923,0.5107719302177429,0.5486541986465454,Q2,parascore,0.9174
285,He is working on his laptop.,Ele está digitando em seu laptop.,gpt,prompt4,0.901,0.9806771278381348,0.9109326004981995,0.811445951461792,Q2,parascore,0.9354
285,He is working on his laptop.,"Ele está trabalhando em seu laptop.
",gemini,prompt2,1.0153,1.0,0.9852835536003112,1.060614824295044,Q2,dataset_final,
285,He is working on his laptop.,"Ele está teclando no seu cérebro.
",gemini,prompt4,0.6079,0.7388665676116943,0.5574174523353577,0.5274487733840942,Q2,parascore,0.9052
285,He is working on his laptop.,Ele está debruçado sobre o teclado.,gemma3,prompt4,0.4268,0.531872034072876,0.4603443443775177,0.28817734122276306,Q2,parascore,0.9021
288,She had a cup of soup for lunch.,Ela teve uma xícara de sopa no almoço.,gpt,prompt2,1.0011,1.0,0.9331123232841492,1.0702719688415527,Q2,parascore,0.9561
288,She had a cup of soup for lunch.,Ela teve um prato de sopa no almoço.,gpt,prompt4,0.9265,0.9970918893814087,0.937809944152832,0.8447248935699463,Q2,parascore,0.9643
288,She had a cup of soup for lunch.,"Ela comeu uma xícara de sopa no almoço.
",gemini,prompt2,0.9825,1.0,0.9251682162284851,1.0223661661148071,Q2,parascore,0.9459
288,She had a cup of soup for lunch.,"Ela almoçou uma caneca de sopa.
",gemini,prompt4,0.321,0.3493843376636505,0.4449349641799927,0.1685798466205597,Q2,parascore,0.9597
288,She had a cup of soup for lunch.,Ela tomou uma sopa no almoço.,gemma3,prompt2,1.0082,1.0,0.9228037595748901,1.1018389463424683,Q2,parascore,0.9892
288,She had a cup of soup for lunch.,Ela tomou uma xícara de sopa no almoço.,gemmaX,sem_prompt,1.0087,1.0,0.9686071872711182,1.057511329650879,Q2,dataset_final,
292,They are painting the walls of their house.,Eles estão pintando as paredes da casa deles.,gpt,prompt2,1.0214,1.0,0.9730553030967712,1.0910602807998655,Q1,dataset_final,
292,They are painting the walls of their house.,Eles estão colorindo as paredes de sua casa.,gpt,prompt4,0.9452,1.0,0.9737724661827087,0.8619391918182373,Q1,parascore,0.9867
292,They are painting the walls of their house.,"Eles estão dando cor à vida da casa.
",gemini,prompt4,0.7767,0.8639395236968994,0.6915385127067566,0.7746025323867798,Q1,parascore,0.948
292,They are painting the walls of their house.,"Eles estão pintando as paredes de sua casa.
",gemma3,prompt2,1.012,1.0,0.9746535420417786,1.0612415075302124,Q1,parascore,0.969
292,They are painting the walls of their house.,Eles estão vestindo as paredes de sua casa com cor.,gemma3,prompt4,0.8601,0.9698872566223145,0.824505627155304,0.7858383059501648,Q1,parascore,0.9558
292,They are painting the walls of their house.,Estão a pintar as paredes da sua casa.,gemmaX,sem_prompt,0.9456,0.9912000298500061,0.8142428398132324,1.03145170211792,Q1,parascore,0.9325
294,The sun rises in the east.,O sol nasce no Oriente.,gpt,prompt4,0.9284,1.0,0.9406867623329163,0.8445481657981873,Q1,parascore,0.9503
294,The sun rises in the east.,"O sol nasce no leste.
",gemini,prompt2,1.0266,1.0,0.9789478182792664,1.1008963584899902,Q1,dataset_final,
294,The sun rises in the east.,"O sol desponta no oriente.
",gemini,prompt4,0.7063,0.8255963325500488,0.7329246401786804,0.5602372288703918,Q1,parascore,0.918
306,She is arranging flowers in a vase.,Ela está arrumando flores em um vaso.,gpt,prompt2,1.0115,1.0,0.9725625514984131,1.0619664192199707,Q2,parascore,0.9471
306,She is arranging flowers in a vase.,Ela está organizando flores em um vaso.,gpt,prompt4,0.9462,0.9967577457427979,0.9770742058753967,0.8647744655609131,Q2,parascore,0.9524
306,She is arranging flowers in a vase.,"Ela está lapidando a beleza.
",gemini,prompt4,0.5439,0.6500152349472046,0.48420217633247375,0.4973551034927368,Q2,parascore,0.9418
306,She is arranging flowers in a vase.,Ela está arranjando flores em um vaso.,gemma3,prompt2,1.0152,1.0,0.9756184816360474,1.070077896118164,Q2,dataset_final,
306,She is arranging flowers in a vase.,Ela está tecendo vida em um receptáculo.,gemma3,prompt4,0.5831,0.6805675029754639,0.4319685995578766,0.636737585067749,Q2,parascore,0.9122
307,They went shopping for new clothes.,Eles foram às compras por roupas novas.,gpt,prompt2,1.0022,1.0,0.9845024347305298,1.022209644317627,Q2,parascore,0.952
307,They went shopping for new clothes.,Eles foram às compras por novas roupas.,gpt,prompt4,0.6135,0.7081571817398071,0.772150993347168,0.36033210158348083,Q2,parascore,0.9754
307,They went shopping for new clothes.,"Eles foram comprar roupas novas.
",gemini,prompt2,0.9935,0.9912000298500061,0.9480103850364685,1.0411943197250366,Q2,parascore,0.9715
307,They went shopping for new clothes.,"Foram às compras para trocar de pele.
",gemini,prompt4,0.4379,0.5655013918876648,0.4867542088031769,0.2614378035068512,Q2,parascore,0.9167
307,They went shopping for new clothes.,Eles foram fazer compras de roupas novas.,gemma3,prompt2,1.014,1.0,0.985390603542328,1.0564602613449097,Q2,dataset_final,
316,He is writing an essay for school.,Ele está escrevendo um ensaio para a escola.,gpt,prompt2,1.0202,1.0,0.9762236475944519,1.0842716693878174,Q1,parascore,0.9558
316,He is writing an essay for school.,"Ele está botando as tripas no papel.
",gemini,prompt4,0.4962,0.7447615265846252,0.438143253326416,0.30572593212127686,Q1,parascore,0.9303
316,He is writing an essay for school.,Ele está escrevendo uma redação para a escola.,gemma3,prompt2,1.0211,1.0,0.9771533012390136,1.0862244367599487,Q1,dataset_final,
316,He is writing an essay for school.,"Ele está tecendo palavras para a escola.
",gemma3,prompt4,0.6888,0.8508955240249634,0.5681033730506897,0.6473582983016968,Q1,parascore,0.945
331,She is playing with her children in the garden.,Ela está brincando com os filhos no jardim.,gpt,prompt2,0.988,1.0,0.9356833100318909,1.028455138206482,Q1,parascore,0.9525
331,She is playing with her children in the garden.,"Ela está brincando com seus filhos no jardim.
",gemini,prompt2,1.0218,1.0,0.9712027311325072,1.0940836668014526,Q1,dataset_final,
331,She is playing with her children in the garden.,"Ela brinca com os filhos no jardim, tecendo a vida.
",gemini,prompt4,0.702,0.8553386926651001,0.6550253629684448,0.5955935716629028,Q1,parascore,0.9443
331,She is playing with her children in the garden.,"Ela tece sorrisos no jardim, embalada pelos seus filhos.",gemma3,prompt4,0.5818,0.773140549659729,0.48581355810165405,0.4864194393157959,Q1,parascore,0.9339
332,I am playing video games in my room.,Estou jogando videogames no meu quarto.,gpt,prompt2,1.0216,1.0,0.9640899300575256,1.1007957458496094,Q1,parascore,0.951
332,I am playing video games in my room.,"Estou jogando video games no meu quarto.
",gemini,prompt2,1.0278,0.991200029850006,0.9818645119667052,1.1102582216262815,Q1,dataset_final,
332,I am playing video games in my room.,"Estou navegando em mundos virtuais no meu refúgio.
",gemini,prompt4,0.5691,0.6276389360427856,0.4258553087711334,0.6539117097854614,Q1,parascore,0.9168
332,I am playing video games in my room.,"Estou jogando videogame no meu quarto.
",gemma3,prompt2,1.0201,1.0,0.9639408588409424,1.0964545011520386,Q1,parascore,0.9497
332,I am playing video games in my room.,Estou me perdendo em pixels no meu quarto.,gemma3,prompt4,0.7439,0.9028196334838867,0.5462688207626343,0.7827445268630981,Q1,parascore,0.944
335,She works as a software engineer.,Ela atua como engenheira de software.,gpt,prompt4,0.8862,0.9912000298500061,0.8843871355056763,0.783151388168335,Q2,parascore,0.9595
335,She works as a software engineer.,"Ela trabalha como engenheira de software.
",gemini,prompt2,1.0175,1.0,0.9809526205062866,1.0714499950408936,Q2,dataset_final,
342,They cleaned the house on Saturday.,Eles deram uma geral na casa no sábado.,gpt,prompt4,0.8791,0.977494478225708,0.8675180077552795,0.7923821210861206,Q2,parascore,0.9563
342,They cleaned the house on Saturday.,"Eles colocaram a casa nos eixos no sábado.
",gemini,prompt4,0.5453,0.7978750467300415,0.5059874653816223,0.3318883180618286,Q2,parascore,0.9487
342,They cleaned the house on Saturday.,Eles limparam a casa no sábado.,gemma3,prompt2,1.0077,1.0,0.9746971726417542,1.048293948173523,Q2,dataset_final,
342,They cleaned the house on Saturday.,Deixaram a casa brilhando no sábado.,gemma3,prompt4,0.4099,0.5189080834388733,0.4700423777103424,0.24083465337753296,Q2,parascore,0.9405
342,They cleaned the house on Saturday.,Limparam a casa no sábado.,gemmaX,sem_prompt,0.8948,0.9987506866455078,0.9719279408454895,0.7138581275939941,Q2,parascore,0.9138
346,She played cards with her friends.,Ela jogou cartas com os amigos.,gpt,prompt2,1.0006,1.0,0.9756167531013489,1.0263237953186035,Q2,parascore,0.9697
346,She played cards with her friends.,Ela jogou na sorte com suas amigas.,gpt,prompt4,0.5762,0.6076891422271729,0.47224268317222595,0.6486592292785645,Q2,parascore,0.9641
346,She played cards with her friends.,"Ela jogou cartas com as amigas dela.
",gemini,prompt2,1.014,1.0,0.9768989682197572,1.0651321411132812,Q2,dataset_final,
346,She played cards with her friends.,"Ela jogou cartas com as amigas.
",gemini,prompt4,0.9022,0.9863907694816589,0.9274621605873108,0.7926853895187378,Q2,parascore,0.9734
346,She played cards with her friends.,Ela jogou cartas com seus amigos.,gemma3,prompt2,0.9992,1.0,0.9764450192451477,1.0210076570510864,Q2,parascore,0.9695
346,She played cards with her friends.,Ela passou a tarde se divertindo com as cartas e as amigas.,gemma3,prompt4,0.4427,0.5359365344047546,0.4867965877056122,0.30551618337631226,Q2,parascore,0.9401
346,She played cards with her friends.,Ela jogava cartas com seus amigos.,gemmaX,sem_prompt,1.002,1.0,0.9759555459022522,1.0300366878509521,Q2,parascore,0.9732
352,I called my friend last night.,Eu liguei para o meu amigo na noite passada.,gpt,prompt2,1.0243,1.0,0.9790841341018676,1.0937572717666626,Q1,dataset_final,
352,I called my friend last night.,Eu liguei para meu amigo ontem à noite.,gpt,prompt4,0.9253,1.0,0.9007050395011902,0.8752481937408447,Q1,parascore,0.9926
352,I called my friend last night.,"Liguei para meu amigo ontem à noite.
",gemini,prompt2,1.017,1.0,0.9798722863197327,1.0710784196853638,Q1,parascore,0.9844
352,I called my friend last night.,"Liguei para o meu amigo ontem à noite.
",gemini,prompt4,0.7487,0.9718897342681885,0.6003649830818176,0.6739111542701721,Q1,parascore,0.9878
352,I called my friend last night.,"Estiquei o fio da noite até o meu amigo.
",gemma3,prompt4,0.4803,0.6999138593673706,0.5406595468521118,0.20039469003677368,Q1,parascore,0.938
352,I called my friend last night.,Eu liguei para o meu amigo ontem à noite.,gemmaX,sem_prompt,1.0159,1.0,0.9791956543922424,1.0685255527496338,Q1,parascore,0.9879
368,She visited the art gallery on Sunday.,Ela visitou a galeria de arte no domingo.,gpt,prompt2,1.0188,1.0,0.9734659194946288,1.0828834772109983,Q1,dataset_final,
368,She visited the art gallery on Sunday.,"Ela passeou pelos quadros no domingo.
",gemini,prompt4,0.5818,0.7760717868804932,0.7017564177513123,0.2677093744277954,Q1,parascore,0.9476
368,She visited the art gallery on Sunday.,Ela passeou pelo templo das cores no domingo.,gemma3,prompt4,0.5475,0.6592099070549011,0.4914458096027374,0.49172186851501465,Q1,parascore,0.9414
369,They went to a restaurant for dinner.,Eles foram a um restaurante para o jantar.,gpt,prompt2,1.0147,1.0,0.977888822555542,1.0661052465438845,Q2,dataset_final,
369,They went to a restaurant for dinner.,Eles foram a um restaurante para jantar.,gpt,prompt4,0.7972,0.9339315891265869,0.7654810547828674,0.6920387744903564,Q2,parascore,0.9553
375,They are playing chess at the table.,Eles estão jogando xadrez na mesa.,gpt,prompt2,1.02,1.0,0.9704439043998718,1.089635729789734,Q1,dataset_final,
375,They are playing chess at the table.,Eles estão jogando xadrez à mesa.,gpt,prompt4,0.9446,0.997654914855957,0.9688882827758789,0.8671935796737671,Q1,parascore,0.9386
375,They are playing chess at the table.,"Estão jogando xadrez na mesa.
",gemini,prompt4,0.8765,0.9911583662033081,0.8811032176017761,0.757304310798645,Q1,parascore,0.9431
375,They are playing chess at the table.,"Eles estão travando uma batalha de estratégia à mesa.
",gemma3,prompt4,0.7411,0.9318483471870422,0.5689620971679688,0.722442626953125,Q1,parascore,0.9254
375,They are playing chess at the table.,Estão a jogar xadrez na mesa.,gemmaX,sem_prompt,1.0012,1.0,0.9055947661399841,1.0981076955795288,Q1,parascore,0.9425
382,She is practicing yoga in the park.,Ela está praticando yoga no parque.,gpt,prompt2,1.0268,1.0,0.9785241484642029,1.1017895936965942,Q1,parascore,0.9343
382,She is practicing yoga in the park.,"Ela está praticando ioga no parque.
",gemini,prompt2,1.0337,1.0,0.97788268327713,1.1230729818344116,Q1,dataset_final,
382,She is practicing yoga in the park.,"Ela está se alongando com a natureza.
",gemini,prompt4,0.5883,0.7476820945739746,0.597129762172699,0.41998904943466187,Q1,parascore,0.9301
382,She is practicing yoga in the park.,Ela está desdobrando a alma no parque.,gemma3,prompt4,0.6469,0.7745324969291687,0.5427953600883484,0.6233434081077576,Q1,parascore,0.9291
390,They are playing volleyball at the beach.,Eles estão se divertindo na areia.,gpt,prompt4,0.8498,0.9478144645690918,0.7580245137214661,0.8436346054077148,Q1,parascore,0.9415
390,They are playing volleyball at the beach.,"Eles estão jogando vôlei na praia.
",gemini,prompt2,1.0183,1.0,0.9588100910186768,1.0959702730178833,Q1,dataset_final,
390,They are playing volleyball at the beach.,"Estão sacando alegrias na areia.
",gemini,prompt4,0.6394,0.686939001083374,0.5317543148994446,0.699425220489502,Q1,parascore,0.906
390,They are playing volleyball at the beach.,"Eles estão se divertindo na areia, buscando o ponto.",gemma3,prompt4,0.3826,0.5719701051712036,0.42280277609825134,0.153080016374588,Q1,parascore,0.917
391,He is playing soccer with his friends.,Ele está jogando futebol com seus amigos.,gpt,prompt2,1.0007,1.0,0.979691207408905,1.0224627256393433,Q2,parascore,0.9671
391,He is playing soccer with his friends.,Ele está jogando bola com os amigos.,gpt,prompt4,0.7628,0.9727400541305542,0.7525439858436584,0.5630298256874084,Q2,parascore,0.9791
391,He is playing soccer with his friends.,"Ele está jogando futebol com os amigos dele.
",gemini,prompt2,1.0095,1.0,0.9793084859848022,1.0491933822631836,Q2,dataset_final,
391,He is playing soccer with his friends.,"Ele está em campo com os amigos.
",gemini,prompt4,0.781,0.9462956190109253,0.646881103515625,0.7497130632400513,Q2,parascore,0.9834
391,He is playing soccer with his friends.,Ele está driblando a vida com a turma.,gemma3,prompt4,0.4213,0.5389489531517029,0.4588892459869385,0.26601535081863403,Q2,parascore,0.9246
394,They are visiting the zoo.,"Eles estão visitando o zoológico.
",gemini,prompt2,1.0098,1.0,0.9740951657295228,1.0554025173187256,Q2,dataset_final,
394,They are visiting the zoo.,"Estão no zoológico da vida.
",gemini,prompt4,0.7406,0.9112730026245117,0.6308785080909729,0.6796084642410278,Q2,parascore,0.9234
394,They are visiting the zoo.,"Eles estão passeando pelo reino selvagem.
",gemma3,prompt4,0.5964,0.7496495246887207,0.5039854645729065,0.5355626940727234,Q2,parascore,0.9311
397,I went to the store to buy some bread.,Eu fui à loja para comprar pão.,gpt,prompt2,1.0183,1.0,0.9523675441741944,1.1025454998016355,Q1,dataset_final,
397,I went to the store to buy some bread.,Fui à padaria comprar pão.,gpt,prompt4,0.9126,0.9878624677658081,0.896441638469696,0.8533980250358582,Q1,parascore,0.9563
397,I went to the store to buy some bread.,"Fui à loja comprar pão.
",gemini,prompt2,1.0076,0.9999369382858276,0.9487327933311462,1.0741733312606812,Q1,parascore,0.9798
397,I went to the store to buy some bread.,"Fui à padaria atrás do pão da vida.
",gemini,prompt4,0.7694,0.8875608444213867,0.6769154667854309,0.7436199188232422,Q1,parascore,0.9095
397,I went to the store to buy some bread.,"Eu fui à loja comprar pão.
",gemma3,prompt2,1.0133,1.0,0.9520251154899597,1.0879930257797241,Q1,parascore,0.9758
401,She is sending a letter to her friend.,Ela está enviando uma carta para a amiga dela.,gpt,prompt2,1.0156,1.0,0.9706076979637146,1.076075553894043,Q1,parascore,0.9613
401,She is sending a letter to her friend.,"Ela está lançando uma carta para a amiga.
",gemini,prompt4,0.765,0.9181696176528931,0.8032480478286743,0.5735200643539429,Q1,parascore,0.9592
401,She is sending a letter to her friend.,Ela está tecendo palavras para sua amiga.,gemma3,prompt4,0.6194,0.8186419606208801,0.5546658635139465,0.4849702715873718,Q1,parascore,0.947
401,She is sending a letter to her friend.,Ela está enviando uma carta para sua amiga.,gemmaX,sem_prompt,1.019,1.0,0.9707185626029968,1.086145043373108,Q1,dataset_final,
402,He is checking his email.,Ele está conferindo suas mensagens.,gpt,prompt4,0.9197,1.0,0.9175487160682678,0.8415576219558716,Q2,parascore,0.9681
402,He is checking his email.,"Ele está checando seus e-mails.
",gemini,prompt2,0.9999,1.0,0.9697224497795105,1.0298326015472412,Q2,parascore,0.9461
402,He is checking his email.,"Ele está pescando seus e-mails.
",gemini,prompt4,0.6693,0.9479787349700928,0.6382395029067993,0.4216848611831665,Q2,parascore,0.9557
402,He is checking his email.,Ele está verificando seu e-mail.,gemma3,prompt2,1.0089,1.0,0.9816250205039978,1.045140504837036,Q2,dataset_final,
402,He is checking his email.,Ele está espiando a caixa de entrada.,gemma3,prompt4,0.3195,0.5014077425003052,0.4262087941169739,0.030880670994520187,Q2,parascore,0.91
402,He is checking his email.,Ele está checando seu e-mail.,gemmaX,sem_prompt,1.0019,1.0,0.9598104357719421,1.0460033416748047,Q2,parascore,0.9449
407,She is putting on her shoes.,Ela está colocando os sapatos.,gpt,prompt2,0.986,1.0,0.923325777053833,1.0348047018051147,Q1,parascore,0.945
407,She is putting on her shoes.,"Ela está calçando os sapatos.
",gemini,prompt2,1.0208,1.0,0.9755738377571106,1.0868951082229614,Q1,dataset_final,
407,She is putting on her shoes.,"Ela está calçando os sapatos da vida.
",gemini,prompt4,0.7202,0.9097191095352173,0.7216907143592834,0.5292904376983643,Q1,parascore,0.958
407,She is putting on her shoes.,Ela está calçando a vida.,gemma3,prompt4,0.4928,0.8132319450378418,0.45182371139526367,0.21329817175865173,Q1,parascore,0.9561
422,They are planning a trip to Europe.,Eles estão planejando uma viagem à Europa.,gpt,prompt4,0.9064,0.9802229404449463,0.9250767230987549,0.813792884349823,Q2,parascore,0.9601
422,They are planning a trip to Europe.,"Eles estão planejando uma viagem para a Europa.
",gemini,prompt2,1.0136,1.0,0.9789019227027892,1.061916708946228,Q2,dataset_final,
422,They are planning a trip to Europe.,"Estão com a Europa na mira.
",gemini,prompt4,0.7654,0.8966984152793884,0.6236159801483154,0.7758721113204956,Q2,parascore,0.9093
422,They are planning a trip to Europe.,Eles estão traçando rotas para o Velho Mundo.,gemma3,prompt4,0.2678,0.2543896734714508,0.38557130098342896,0.1634572148323059,Q2,parascore,0.9348
427,She cleaned the kitchen after dinner.,Ela arrumou a cozinha depois do jantar.,gpt,prompt4,0.9249,0.9907490015029907,0.9200979471206665,0.8639604449272156,Q2,parascore,0.9454
427,She cleaned the kitchen after dinner.,"Ela limpou a cozinha depois do jantar.
",gemini,prompt2,1.0169,1.0,0.976700246334076,1.0739939212799072,Q2,dataset_final,
427,She cleaned the kitchen after dinner.,"Ela passou a vassoura na cozinha depois do jantar.
",gemini,prompt4,0.8784,0.9726959466934204,0.8336039185523987,0.8288305997848511,Q2,parascore,0.9502
430,I am learning how to cook.,Estou aprendendo a arte da culinária.,gpt,prompt4,0.9251,1.0,0.906444251537323,0.8688430190086365,Q1,parascore,0.9438
430,I am learning how to cook.,"Estou aprendendo a cozinhar.
",gemini,prompt2,1.0221,1.0,0.9613847136497498,1.10493266582489,Q1,dataset_final,
430,I am learning how to cook.,"Estou botando a mão na massa.
",gemini,prompt4,0.6373,0.8102148175239563,0.3854890763759613,0.7162483930587769,Q1,parascore,0.9096
430,I am learning how to cook.,"Estou desvendando os segredos da cozinha.
",gemma3,prompt4,0.6138,0.7555146813392639,0.4772666394710541,0.6087398529052734,Q1,parascore,0.9295
430,I am learning how to cook.,Estou a aprender a cozinhar.,gemmaX,sem_prompt,1.0035,1.0,0.9412844181060791,1.0692874193191528,Q1,parascore,0.9592
431,She is wearing a red dress.,"Ela está vestindo um vestido vermelho.
",gemini,prompt2,1.0185,1.0,0.9845478534698486,1.0709102153778076,Q1,dataset_final,
431,She is wearing a red dress.,"Ela está vestindo um vestido de fogo.
",gemini,prompt4,0.8334,0.933938205242157,0.7757603526115417,0.7905240654945374,Q1,parascore,0.948
431,She is wearing a red dress.,"Ela veste um rubi.
",gemma3,prompt4,0.427,0.6459929347038269,0.4691290557384491,0.16584202647209167,Q1,parascore,0.9054
431,She is wearing a red dress.,Ela está usando um vestido vermelho.,gemmaX,sem_prompt,1.0013,1.0,0.9674413800239563,1.0363365411758423,Q1,parascore,0.9471
435,He is drinking tea in the morning.,Ele está saboreando o chá pela manhã.,gpt,prompt4,0.8627,0.9631631374359131,0.8583058714866638,0.7666887044906616,Q2,parascore,0.949
435,He is drinking tea in the morning.,"Ele está tomando chá da rainha pela manhã.
",gemini,prompt4,0.6942,0.8583778142929077,0.6814927458763123,0.5426225662231445,Q2,parascore,0.9543
435,He is drinking tea in the morning.,Ele está bebendo chá de manhã.,gemma3,prompt2,1.0069,1.0,0.974439799785614,1.046378493309021,Q2,dataset_final,
437,They are playing basketball in the yard.,Eles estão fazendo uma partida de basquete no quintal.,gpt,prompt4,0.921,0.9897036552429199,0.9013553857803345,0.8720715045928955,Q2,parascore,0.9809
437,They are playing basketball in the yard.,"Eles estão duelando cestas no quintal.
",gemini,prompt4,0.6059,0.7079677581787109,0.4970792829990387,0.6125618815422058,Q2,parascore,0.9253
437,They are playing basketball in the yard.,"Eles estão se divertindo à toa no quintal.
",gemma3,prompt4,0.3093,0.3615700602531433,0.449359655380249,0.11696892231702805,Q2,parascore,0.9286
437,They are playing basketball in the yard.,Eles estão jogando basquete no quintal.,gemmaX,sem_prompt,1.0142,1.0,0.959044635295868,1.0834320783615112,Q2,dataset_final,
449,She cooked dinner for her family.,Ela cozinhou o jantar para sua família.,gpt,prompt2,1.0065,1.0,0.9796186089515686,1.0399385690689087,Q2,parascore,0.9668
449,She cooked dinner for her family.,Ela preparou o jantar para a família.,gpt,prompt4,0.9392,1.0,0.9426030516624451,0.875045657157898,Q2,parascore,0.9689
449,She cooked dinner for her family.,"Ela preparou o jantar para a família dela.
",gemini,prompt2,1.0019,1.0,0.9521523118019104,1.0534405708312988,Q2,parascore,0.9543
449,She cooked dinner for her family.,"Ela preparou um banquete para a família.
",gemini,prompt4,0.8358,0.891754150390625,0.8065566420555115,0.8092039227485657,Q2,parascore,0.9626
449,She cooked dinner for her family.,Ela cozinhou o jantar para a família dela.,gemma3,prompt2,1.012,1.0,0.978672444820404,1.0573290586471558,Q2,dataset_final,
449,She cooked dinner for her family.,Ela preparou o ninho para sua família.,gemma3,prompt4,0.5485,0.5870059728622437,0.42931613326072693,0.6290576457977295,Q2,parascore,0.958
455,He played video games all evening.,Ele jogou videogames a noite toda.,gpt,prompt2,1.0064,1.0,0.9543918371200562,1.0647519826889038,Q1,parascore,0.9499
455,He played video games all evening.,Ele passou a noite mergulhado em videogames.,gpt,prompt4,0.8773,0.977959156036377,0.8511934280395508,0.8026283979415894,Q1,parascore,0.9319
455,He played video games all evening.,"Ele jogou videogame a noite toda.
",gemini,prompt2,1.0203,1.0,0.9673332571983337,1.0934796333312988,Q1,parascore,0.9471
455,He played video games all evening.,"Ele devorou videogames a noite inteira.
",gemini,prompt4,0.7986,0.8461464643478394,0.8365671038627625,0.7131720781326294,Q1,parascore,0.9184
455,He played video games all evening.,"Ele se perdeu no labirinto digital da noite toda.
",gemma3,prompt4,0.7245,0.8637704253196716,0.6048946976661682,0.7049819231033325,Q1,parascore,0.9239
455,He played video games all evening.,Ele jogou video games a noite toda.,gemmaX,sem_prompt,1.0211,1.0,0.968010187149048,1.0952616930007937,Q1,dataset_final,
464,They are visiting their friends in the city.,Eles estão visitando os amigos na cidade.,gpt,prompt4,0.9148,1.0,0.9239252209663391,0.8204315900802612,Q2,parascore,0.9521
464,They are visiting their friends in the city.,"Eles estão visitando seus amigos na cidade.
",gemini,prompt2,1.007,0.991200029850006,0.9773280024528505,1.0524252653121948,Q2,dataset_final,
464,They are visiting their friends in the city.,"Eles estão de passagem pela cidade dos amigos.
",gemini,prompt4,0.6399,0.7880440950393677,0.4385567903518677,0.6931965351104736,Q2,parascore,0.959
464,They are visiting their friends in the city.,Eles estão cortando uma escapada com os amigos na metrópole.,gemma3,prompt4,0.6566,0.7938276529312134,0.5530174374580383,0.6229435801506042,Q2,parascore,0.9117
464,They are visiting their friends in the city.,Estão a visitar os amigos na cidade.,gemmaX,sem_prompt,0.951,1.0,0.9332085251808167,0.9197002649307251,Q2,parascore,0.9318
472,They have three children.,Eles têm três filhos.,gpt,prompt2,1.0277,1.0,0.9865394830703736,1.096514344215393,Q1,dataset_final,
472,They have three children.,"Eles têm três rebentos.
",gemini,prompt4,0.6229,0.8468303084373474,0.5038972496986389,0.5181066393852234,Q1,parascore,0.9133
472,They have three children.,Eles construíram um lar para três vidas.,gemma3,prompt4,0.728,0.9001595377922058,0.45304831862449646,0.8307619094848633,Q1,parascore,0.9024
472,They have three children.,Têm três filhos.,gemmaX,sem_prompt,0.9985,1.0,0.9856025576591492,1.0098237991333008,Q1,parascore,0.9492
476,They went hiking in the mountains.,Eles foram fazer trilha nas montanhas.,gpt,prompt2,1.0084,1.0,0.9755762815475464,1.0496959686279297,Q2,dataset_final,
476,They went hiking in the mountains.,Eles foram explorar as montanhas.,gpt,prompt4,0.6851,0.8441731929779053,0.7299816608428955,0.48125943541526794,Q2,parascore,0.9787
476,They went hiking in the mountains.,"Eles fizeram trilha nas montanhas.
",gemini,prompt2,0.9804,1.0,0.9331855177879333,1.0079467296600342,Q2,parascore,0.9868
476,They went hiking in the mountains.,Eles se aventuraram pelos picos.,gemma3,prompt4,0.7094,0.935150146484375,0.6109871864318848,0.5819929838180542,Q2,parascore,0.9143
476,They went hiking in the mountains.,Eles foram fazer caminhadas nas montanhas.,gemmaX,sem_prompt,1.0053,1.0,0.9762237668037415,1.0397655963897705,Q2,parascore,0.9593
487,The train arrived at the station on time.,O trem chegou à estação pontualmente.,gpt,prompt4,0.6885,0.8129807710647583,0.7393553853034973,0.5131669044494629,Q1,parascore,0.9457
487,The train arrived at the station on time.,"O trem chegou à estação na hora certa.
",gemini,prompt2,1.023,1.0,0.9779856204986572,1.09114408493042,Q1,dataset_final,
487,The train arrived at the station on time.,"O trem chegou à estação na hora marcada.
",gemini,prompt4,0.8979,0.9655117988586426,0.8976297378540039,0.8305367827415466,Q1,parascore,0.9597
487,The train arrived at the station on time.,O trem chegou à estação no horário.,gemma3,prompt2,1.0219,1.0,0.9799529910087585,1.0858020782470703,Q1,parascore,0.9639
487,The train arrived at the station on time.,O trem chegou à estação no ponto marcado.,gemma3,prompt4,0.5069,0.6591603755950928,0.6109596490859985,0.2506130337715149,Q1,parascore,0.9613
487,The train arrived at the station on time.,O comboio chegou à estação no horário.,gemmaX,sem_prompt,1.0201,1.0,0.9791955351829529,1.0810552835464478,Q1,parascore,0.9595
491,The dog is playing outside.,O cachorro está brincando do lado de fora.,gpt,prompt2,1.0148,1.0,0.9784600138664246,1.0659860372543335,Q1,parascore,0.9444
491,The dog is playing outside.,"O cão brinca ao relento.
",gemini,prompt4,0.6838,0.9009065628051758,0.7844060063362122,0.36602699756622314,Q1,parascore,0.9088
491,The dog is playing outside.,"O cachorro está brincando lá fora.
",gemma3,prompt2,1.0267,1.0,0.9758135676383972,1.1043001413345337,Q1,dataset_final,
491,The dog is playing outside.,O cão está brincando lá fora.,gemmaX,sem_prompt,1.0181,1.0,0.9761704802513123,1.077987551689148,Q1,parascore,0.9412
499,They are having a discussion in the classroom.,Eles estão tendo uma discussão na sala de aula.,gpt,prompt2,1.0137,1.0,0.9785884022712708,1.062653660774231,Q2,dataset_final,
499,They are having a discussion in the classroom.,Eles estão trocando ideias na sala de aula.,gpt,prompt4,0.8896,1.0,0.8464217782020569,0.8224351406097412,Q2,parascore,0.9708
499,They are having a discussion in the classroom.,"Estão a trocar ideias na sala de aula.
",gemini,prompt4,0.5434,0.7859456539154053,0.5737090706825256,0.2705655097961426,Q2,parascore,0.9399
499,They are having a discussion in the classroom.,Um diálogo floresce na sala de aula.,gemma3,prompt4,0.8696,0.9628003835678101,0.8080529570579529,0.8379029035568237,Q2,parascore,0.9469
515,They are enjoying a cup of coffee together.,Eles estão disfrutando de uma xícara de café juntos.,gpt,prompt2,1.0052,1.0,0.9752140641212463,1.040486216545105,Q2,parascore,0.9445
515,They are enjoying a cup of coffee together.,Eles estão dividindo uma xícara de café juntos.,gpt,prompt4,0.9356,1.0,0.9374940991401672,0.8692291975021362,Q2,parascore,0.9623
515,They are enjoying a cup of coffee together.,"Eles estão apreciando uma xícara de café juntos.
",gemini,prompt2,1.0039,0.9912000298500061,0.9756632447242737,1.0448247194290161,Q2,parascore,0.9551
515,They are enjoying a cup of coffee together.,"Estão dividindo o pão, tomando um café.
",gemini,prompt4,0.7341,0.8368220329284668,0.7495651841163635,0.6159230470657349,Q2,parascore,0.9225
515,They are enjoying a cup of coffee together.,"Eles estão aproveitando uma xícara de café juntos.
",gemma3,prompt2,1.0073,1.0,0.975312352180481,1.0465596914291382,Q2,dataset_final,
515,They are enjoying a cup of coffee together.,Compartilham um instante de calor e aroma.,gemma3,prompt4,0.5,0.42979148030281067,0.47858837246894836,0.5917211771011353,Q2,parascore,0.9024
515,They are enjoying a cup of coffee together.,Estão a desfrutar de uma chávena de café juntos.,gemmaX,sem_prompt,1.0047,1.0,0.9717951416969299,1.0423393249511719,Q2,parascore,0.9373
516,I made a cup of tea for myself.,Eu fiz uma xícara de chá para mim mesmo.,gpt,prompt2,1.0108,1.0,0.9403658509254456,1.0921353101730347,Q2,parascore,0.9882
516,I made a cup of tea for myself.,Preparei uma xícara de chá para mim.,gpt,prompt4,0.9325,0.9813125133514404,0.9514588117599487,0.8646443486213684,Q2,parascore,0.9499
516,I made a cup of tea for myself.,"Fiz uma xícara de chá para mim.
",gemini,prompt2,1.0044,1.0,0.944739580154419,1.0683355331420898,Q2,parascore,0.9783
516,I made a cup of tea for myself.,"Preparei um chá para mim.
",gemini,prompt4,0.6623,0.7898884415626526,0.777786910533905,0.419116735458374,Q2,parascore,0.9585
516,I made a cup of tea for myself.,Eu preparei uma xícara de chá para mim.,gemma3,prompt2,1.0128,1.0,0.945885181427002,1.0923815965652466,Q2,dataset_final,
516,I made a cup of tea for myself.,Preparei um chá para me acalmar.,gemma3,prompt4,0.6226,0.7334080934524536,0.6141749620437622,0.5202892422676086,Q2,parascore,0.9255
516,I made a cup of tea for myself.,Fiz uma chávena de chá para mim.,gemmaX,sem_prompt,1.0039,1.0,0.9787481427192688,1.032995581626892,Q2,parascore,0.9477
541,She is visiting her grandmother in the hospital.,Ela está visitando a avó dela no hospital.,gpt,prompt2,1.0094,1.0,0.9710153937339784,1.057268500328064,Q2,dataset_final,
541,She is visiting her grandmother in the hospital.,Ela está visitando a avó no hospital.,gpt,prompt4,0.9391,0.9996780157089233,0.9705333709716797,0.8470808267593384,Q2,parascore,0.9681
541,She is visiting her grandmother in the hospital.,"Ela está visitando sua avó no hospital.
",gemini,prompt2,1.0035,0.9912000298500061,0.9705668091773987,1.048833966255188,Q2,parascore,0.9616
541,She is visiting her grandmother in the hospital.,"Ela está visitando a avó na UTI.
",gemini,prompt4,0.4219,0.6007852554321289,0.6095206141471863,0.055484846234321594,Q2,parascore,0.974
541,She is visiting her grandmother in the hospital.,"Ela está levando flores para a casa de repouso da avó.
",gemma3,prompt4,0.3578,0.2898450791835785,0.4898454248905182,0.2937217950820923,Q2,parascore,0.931
542,She had a meeting with her boss.,Ela teve uma conversa com seu chefe.,gpt,prompt4,0.7829,0.9539685249328613,0.6255126595497131,0.7693619728088379,Q2,parascore,0.9771
542,She had a meeting with her boss.,"Ela teve um encontro com o leão.
",gemini,prompt4,0.5719,0.547683835029602,0.5008652210235596,0.6670532822608948,Q2,parascore,0.9559
542,She had a meeting with her boss.,"Ela teve uma reunião com seu chefe.
",gemma3,prompt2,1.0119,1.0,0.9708013534545898,1.064786076545715,Q2,dataset_final,
542,She had a meeting with her boss.,"Ela teve um desfile com o patrão.
",gemma3,prompt4,0.4841,0.6152398586273193,0.5238868594169617,0.3130526542663574,Q2,parascore,0.9539
544,She took the train to the city.,"Ela embarcou na locomotiva para a metrópole.
",gemini,prompt4,0.4891,0.6471145153045654,0.6226682066917419,0.19749382138252258,Q1,parascore,0.9067
544,She took the train to the city.,"Ela pegou o trem para a cidade.
",gemma3,prompt2,1.0249,1.0,0.9703924655914308,1.1042271852493286,Q1,dataset_final,
547,They went for a walk in the park.,Eles foram passear no parque.,gpt,prompt2,1.0183,1.0,0.9803269505500792,1.0746599435806274,Q1,dataset_final,
547,They went for a walk in the park.,Eles foram dar uma volta no parque.,gpt,prompt4,0.9384,1.0,0.9504210948944092,0.8647544980049133,Q1,parascore,0.9661
547,They went for a walk in the park.,"Deram um passeio no parque da vida.
",gemini,prompt4,0.844,0.9449265003204346,0.8191635012626648,0.7679271101951599,Q1,parascore,0.9301
547,They went for a walk in the park.,"Passearam um pouco na praça da vida.
",gemma3,prompt4,0.6349,0.8234301209449768,0.5750503540039062,0.5060843229293823,Q1,parascore,0.9009
547,They went for a walk in the park.,Eles foram dar uma caminhada no parque.,gemmaX,sem_prompt,1.0144,1.0,0.981073260307312,1.0621272325515747,Q1,parascore,0.9693
556,They are doing laundry in the basement.,Eles estão lavando roupa suja no porão.,gpt,prompt4,0.8154,0.9202882051467896,0.7540958523750305,0.7717022895812988,Q1,parascore,0.9459
556,They are doing laundry in the basement.,"Eles estão lavando roupa no porão.
",gemini,prompt2,1.0179,0.991200029850006,0.973233997821808,1.0894101858139038,Q1,dataset_final,
556,They are doing laundry in the basement.,"Estão lavando roupa suja no porão.
",gemini,prompt4,0.7797,0.9124190807342529,0.7417443990707397,0.6850254535675049,Q1,parascore,0.9518
556,They are doing laundry in the basement.,"Eles estão varrendo a sujeira no porão.
",gemma3,prompt4,0.516,0.7173852920532227,0.5109906196594238,0.3195442259311676,Q1,parascore,0.9318
556,They are doing laundry in the basement.,Estão a lavar roupa na cave.,gemmaX,sem_prompt,1.0018,1.0,0.9526190757751465,1.0527548789978027,Q1,parascore,0.9268
567,She played tennis with her brother.,Ela jogou tênis com seu irmão.,gpt,prompt2,1.0216,1.0,0.9786390662193298,1.0861315727233887,Q1,parascore,0.9789
567,She played tennis with her brother.,Ela jogou tênis com o irmão.,gpt,prompt4,0.9545,1.0,0.9771762490272522,0.886455774307251,Q1,parascore,0.976
567,She played tennis with her brother.,"Ela jogou tênis com o irmão dela.
",gemini,prompt2,1.027,1.0,0.978213906288147,1.1026759147644043,Q1,dataset_final,
567,She played tennis with her brother.,"Ela duelou tênis com o irmão.
",gemini,prompt4,0.6784,0.830004096031189,0.7134250998497009,0.49185577034950256,Q1,parascore,0.9525
567,She played tennis with her brother.,Ela jogava tênis com seu irmão.,gemmaX,sem_prompt,1.0175,1.0,0.9794848561286926,1.0729715824127197,Q1,parascore,0.9839
570,The car stopped at the red light.,O carro parou no sinal vermelho.,gpt,prompt4,0.9186,0.9970850944519043,0.8983667492866516,0.8603346347808838,Q2,parascore,0.9643
570,The car stopped at the red light.,"O carro sangrou no rubro.
",gemini,prompt4,0.6438,0.8418534994125366,0.41486963629722595,0.6747021675109863,Q2,parascore,0.9084
570,The car stopped at the red light.,"O carro parou no semáforo vermelho.
",gemma3,prompt2,1.0071,1.0,0.9729037284851074,1.0483721494674685,Q2,dataset_final,
570,The car stopped at the red light.,O carro parou no sinal de alerta.,gemma3,prompt4,0.5522,0.6703948974609375,0.6490592360496521,0.3370799720287323,Q2,parascore,0.9664
573,She is playing with her cat.,Ela está se divertindo com seu gato.,gpt,prompt4,0.8975,1.0,0.8587210774421692,0.8336783647537231,Q2,parascore,0.9473
573,She is playing with her cat.,"Ela está brincando com seu gato.
",gemini,prompt2,1.0096,1.0,0.976249635219574,1.0525569915771484,Q2,dataset_final,
573,She is playing with her cat.,"Ela está brincando com o gato dela.
",gemini,prompt4,0.9316,1.0,0.9225517511367798,0.8722701668739319,Q2,parascore,0.9582
573,She is playing with her cat.,Ela tece laços com seu felino.,gemma3,prompt4,0.7351,0.9230337738990784,0.5383847951889038,0.7440103888511658,Q2,parascore,0.9206
575,I like to read books in the evening.,Eu gosto de ler livros à noite.,gpt,prompt2,1.0245,1.0,0.9348077774047852,1.1386107206344604,Q1,dataset_final,
575,I like to read books in the evening.,Gosto de mergulhar em livros à noite.,gpt,prompt4,0.8831,0.9876423478126526,0.8448395133018494,0.8168038129806519,Q1,parascore,0.9239
575,I like to read books in the evening.,"Gosto de ler livros à noite.
",gemini,prompt2,1.0242,1.0,0.933826744556427,1.1388481855392456,Q1,parascore,0.9338
576,They went to a museum last month.,Eles foram a um museu no mês passado.,gpt,prompt2,1.0229,1.0,0.9779029488563538,1.090797781944275,Q1,dataset_final,
576,They went to a museum last month.,Eles visitaram um museu no mês passado.,gpt,prompt4,0.8859,0.9824000597000122,0.8152479529380798,0.8600577712059021,Q1,parascore,0.9654
576,They went to a museum last month.,"No mês passado, eles fizeram uma visita ao templo das musas.
",gemini,prompt4,0.6254,0.7779787182807922,0.6894126534461975,0.408954381942749,Q1,parascore,0.9384
576,They went to a museum last month.,Visitaram um espelho do tempo no mês passado.,gemma3,prompt4,0.304,0.3113563656806946,0.4521975517272949,0.14833208918571472,Q1,parascore,0.9353
581,They met their friends at the café.,Eles se encontraram com os amigos no café.,gpt,prompt2,0.9846,1.0,0.8939564228057861,1.059871792793274,Q1,parascore,0.9452
581,They met their friends at the café.,"Eles encontraram seus amigos no café.
",gemini,prompt2,1.0208,1.0,0.9728277325630188,1.089510440826416,Q1,dataset_final,
581,They met their friends at the café.,"Encontraram seus amigos no café.
",gemini,prompt4,0.8685,0.9101152420043945,0.8823865652084351,0.8130683898925781,Q1,parascore,0.9151
581,They met their friends at the café.,Encontraram-se com os amigos no café.,gemma3,prompt4,0.5211,0.7549282312393188,0.6103797554969788,0.1981310248374939,Q1,parascore,0.9235
585,They are watching TV in the living room.,Eles estão assistindo TV na sala de estar.,gpt,prompt2,1.025,1.0,0.9760773777961731,1.0990722179412842,Q1,parascore,0.9669
585,They are watching TV in the living room.,Eles estão assistindo à televisão na sala de estar.,gpt,prompt4,0.9421,0.9988534450531006,0.9547585844993591,0.8726094961166382,Q1,parascore,0.979
585,They are watching TV in the living room.,"Eles estão assistindo TV na sala.
",gemini,prompt2,1.0257,1.0,0.975910484790802,1.10108482837677,Q1,dataset_final,
585,They are watching TV in the living room.,Eles estão grudados na telinha na sala.,gemma3,prompt4,0.7766,0.9207135438919067,0.6954167485237122,0.7137259244918823,Q1,parascore,0.9176
589,He sent an email to his colleague.,Ele enviou um e-mail para seu colega.,gpt,prompt2,1.035,1.0,0.970501184463501,1.1346182823181152,Q1,dataset_final,
589,He sent an email to his colleague.,Ele enviou uma mensagem ao seu colega.,gpt,prompt4,0.9295,1.0,0.9297334551811218,0.8586461544036865,Q1,parascore,0.9719
589,He sent an email to his colleague.,"Ele enviou um email para o colega dele.
",gemini,prompt2,1.0184,1.0,0.9679796695709229,1.0871233940124512,Q1,parascore,0.9663
589,He sent an email to his colleague.,"Ele disparou um e-mail para o colega.
",gemini,prompt4,0.727,0.8487584590911865,0.7108979821205139,0.6213372349739075,Q1,parascore,0.9622
589,He sent an email to his colleague.,"Ele lançou um e-mail para o colega.
",gemma3,prompt4,0.8017,0.9126889705657959,0.75641930103302,0.7360304594039917,Q1,parascore,0.9467
591,They took a bus to the city center.,Eles pegaram um ônibus para o centro da cidade.,gpt,prompt2,1.0156,1.0,0.974182903766632,1.072520136833191,Q2,dataset_final,
591,They took a bus to the city center.,Eles pegaram um ônibus rumo ao coração da cidade.,gpt,prompt4,0.9291,1.0,0.9128608703613281,0.8744994401931763,Q2,parascore,0.9546
591,They took a bus to the city center.,"Pegaram o busão rumo ao coração da cidade.
",gemini,prompt4,0.8483,0.9422794580459595,0.8460527062416077,0.7564288973808289,Q2,parascore,0.9214
591,They took a bus to the city center.,Eles engataram o ônibus rumo ao coração da cidade.,gemma3,prompt4,0.8198,0.9241112470626831,0.7330151200294495,0.8022643327713013,Q2,parascore,0.9497
593,I did the laundry yesterday.,Eu fiz a lavanderia ontem.,gpt,prompt2,1.0279,1.0,0.9722957015037536,1.1115398406982422,Q1,dataset_final,
593,I did the laundry yesterday.,Eu lavei a roupa ontem.,gpt,prompt4,0.9438,1.0,0.9723402261734009,0.859074592590332,Q1,parascore,0.9578
593,I did the laundry yesterday.,"Lavei a roupa suja ontem.
",gemini,prompt4,0.7263,0.9186993837356567,0.5889726281166077,0.671244740486145,Q1,parascore,0.9366
593,I did the laundry yesterday.,"Eu ajudei as roupas a renascerem ontem.
",gemma3,prompt4,0.6461,0.7441375255584717,0.564825177192688,0.6293138265609741,Q1,parascore,0.911
598,She is writing a letter to her friend.,Ela está escrevendo uma carta para sua amiga.,gpt,prompt2,1.0174,1.0,0.9725314974784852,1.0797218084335327,Q2,dataset_final,
598,She is writing a letter to her friend.,"Ela está escrevendo uma carta para a amiga dela.
",gemini,prompt2,1.0171,1.0,0.9707538485527039,1.0804120302200317,Q2,parascore,0.9599
598,She is writing a letter to her friend.,"Ela despeja palavras no papel para a amiga.
",gemini,prompt4,0.7582,0.8618934154510498,0.6901939511299133,0.7226423621177673,Q2,parascore,0.9401
598,She is writing a letter to her friend.,Ela tece palavras para sua amiga.,gemma3,prompt4,0.7677,0.930128812789917,0.6361081004142761,0.7367941737174988,Q2,parascore,0.9484
601,She is making a salad for lunch.,Ela está fazendo uma salada para o almoço.,gpt,prompt2,1.0235,1.0,0.976865828037262,1.093579649925232,Q1,dataset_final,
601,She is making a salad for lunch.,Ela está preparando uma salada para o almoço.,gpt,prompt4,0.8724,0.9677600860595703,0.9047626256942749,0.7446463704109192,Q1,parascore,0.964
601,She is making a salad for lunch.,Ela está montando um banquete verde para o almoço.,gemma3,prompt4,0.6022,0.7466588020324707,0.5579394698143005,0.5020955801010132,Q1,parascore,0.9528
606,Water boils at 100°C.,"A água ferve a 100°C.
",gemini,prompt2,1.0456,1.0,0.9886383414268494,1.14820659160614,Q1,dataset_final,
606,Water boils at 100°C.,A água ferve aos cem graus.,gemma3,prompt4,0.4587,0.6819154024124146,0.5110815167427063,0.18300756812095642,Q1,parascore,0.9411
641,They are having a family gathering at home.,Eles estão tendo um encontro familiar em casa.,gpt,prompt2,1.0077,1.0,0.9781872630119324,1.0449308156967163,Q2,parascore,0.9618
641,They are having a family gathering at home.,"Eles estão fazendo uma reunião familiar em casa.
",gemini,prompt2,1.0085,0.991200029850006,0.978393256664276,1.0559650659561155,Q2,dataset_final,
641,They are having a family gathering at home.,Eles estão tendo uma reunião de família em casa.,gemmaX,sem_prompt,0.9968,1.0,0.9272114038467407,1.0631486177444458,Q2,parascore,0.9402
645,She studied for the test all week.,Ela estudou para o teste a semana toda.,gpt,prompt2,1.0092,1.0,0.9741004109382628,1.053594708442688,Q2,dataset_final,
645,She studied for the test all week.,Ela se preparou para a prova a semana inteira.,gpt,prompt4,0.8475,0.9813269376754761,0.8755854368209839,0.6854754090309143,Q2,parascore,0.9188
645,She studied for the test all week.,"Ela estudou para a prova a semana toda.
",gemini,prompt2,1.0002,1.0,0.9718787670135498,1.0288567543029785,Q2,parascore,0.9543
645,She studied for the test all week.,"Ela mergulhou nos estudos a semana inteira.
",gemini,prompt4,0.6556,0.8193289041519165,0.6262540817260742,0.5212658047676086,Q2,parascore,0.9084
645,She studied for the test all week.,Ela estudou para o teste a semana inteira.,gemmaX,sem_prompt,1.0066,1.0,0.9721686840057373,1.0475257635116577,Q2,parascore,0.923
652,She is organizing her closet.,Ela está organizando seu armário.,gpt,prompt2,1.0172,1.0,0.9822463393211364,1.0693961381912231,Q2,dataset_final,
652,She is organizing her closet.,Ela está organizando sua vida.,gpt,prompt4,0.7568,0.839722216129303,0.6630358099937439,0.7676941156387329,Q2,parascore,0.9614
652,She is organizing her closet.,"Ela está organizando o armário dela.
",gemini,prompt2,1.0085,1.0,0.9816141724586487,1.0440282821655273,Q2,parascore,0.9668
652,She is organizing her closet.,"Ela está colocando a vida em ordem.
",gemini,prompt4,0.7492,0.8683788776397705,0.5914734601974487,0.7878657579421997,Q2,parascore,0.9408
652,She is organizing her closet.,Ela está organizando seu guarda-roupa.,gemma3,prompt2,1.0136,1.0,0.9788966774940491,1.0620485544204712,Q2,parascore,0.9256
652,She is organizing her closet.,"Ela está colocando a casa em ordem.
",gemma3,prompt4,0.8299,0.958358883857727,0.7044224143028259,0.8268660306930542,Q2,parascore,0.9485
657,The weather is very cold today.,"O tempo está muito frio hoje.
",gemini,prompt2,1.0193,1.0,0.9781306385993958,1.0796711444854736,Q1,dataset_final,
657,The weather is very cold today.,"O frio hoje corta a carne.
",gemini,prompt4,0.5507,0.7597801685333252,0.5054219365119934,0.3869107663631439,Q1,parascore,0.9288
657,The weather is very cold today.,O inverno mordeu forte hoje.,gemma3,prompt4,0.7447,0.8468416929244995,0.7203011512756348,0.6669631600379944,Q1,parascore,0.9149
663,She brushed her teeth before bed.,"Escovou a alma antes de dormir.
",gemini,prompt4,0.7308,0.8363242745399475,0.7592172622680664,0.5969425439834595,Q1,parascore,0.9365
663,She brushed her teeth before bed.,Ela escovou os dentes antes de dormir.,gemma3,prompt2,1.0219,1.0,0.9803842902183532,1.0854326486587524,Q1,dataset_final,
663,She brushed her teeth before bed.,Ela escoou os dentes antes de dormir.,gemmaX,sem_prompt,0.9841,1.0,0.9445237517356873,1.007729411125183,Q1,parascore,0.9388
673,They are having a barbecue in the garden.,Eles estão fazendo um churrasco no jardim.,gpt,prompt2,1.0156,1.0,0.979587733745575,1.0673025846481323,Q2,dataset_final,
673,They are having a barbecue in the garden.,"Estão assando um sol no quintal.
",gemini,prompt4,0.4462,0.6687335968017578,0.4684672951698303,0.201305091381073,Q2,parascore,0.9097
676,She reads a book every night.,Ela lê um livro todas as noites.,gpt,prompt2,1.0313,1.0,0.9822731614112854,1.111493468284607,Q1,dataset_final,
676,She reads a book every night.,Ela mergulha em um livro todas as noites.,gpt,prompt4,0.8863,0.9903922080993652,0.8615444898605347,0.8069140911102295,Q1,parascore,0.9364
676,She reads a book every night.,"Ela se alimenta de livros todas as noites.
",gemini,prompt4,0.8521,0.9831904172897339,0.8292933106422424,0.7437528371810913,Q1,parascore,0.9638
676,She reads a book every night.,Ela se alimenta de histórias todas as noites.,gemma3,prompt4,0.7724,0.9513789415359497,0.6202819347381592,0.7456702589988708,Q1,parascore,0.9535
683,He plays soccer every weekend.,Ele joga bola todo fim de semana.,gpt,prompt4,0.7847,0.8982741832733154,0.72428959608078,0.7314276099205017,Q2,parascore,0.9616
683,He plays soccer every weekend.,"Ele joga futebol todo fim de semana.
",gemini,prompt2,1.0145,1.0,0.9869911074638368,1.056413173675537,Q2,dataset_final,
683,He plays soccer every weekend.,"Ele veste a camisa todo fim de semana.
",gemini,prompt4,0.7931,0.8292802572250366,0.6796059012413025,0.8704590797424316,Q2,parascore,0.9726
683,He plays soccer every weekend.,"Ele dribla o fim de semana a cada sábado e domingo.
",gemma3,prompt4,0.4601,0.5846484899520874,0.5128647089004517,0.28287333250045776,Q2,parascore,0.9215
683,He plays soccer every weekend.,Ele joga futebol todo final de semana.,gemmaX,sem_prompt,1.0054,1.0,0.9868389964103699,1.0292116403579712,Q2,parascore,0.9573
699,They are playing board games in the living room.,Eles estão jogando jogos de tabuleiro na sala de estar.,gpt,prompt2,1.0159,1.0,0.9752779603004456,1.0723434686660769,Q2,dataset_final,
699,They are playing board games in the living room.,Eles estão jogando os dados da vida na sala de estar.,gpt,prompt4,0.7317,0.8164985179901123,0.5955001711845398,0.7830934524536133,Q2,parascore,0.956
699,They are playing board games in the living room.,"Estão navegando no tabuleiro da vida na sala.
",gemini,prompt4,0.7472,0.834087073802948,0.679158091545105,0.728441596031189,Q2,parascore,0.9292
699,They are playing board games in the living room.,"Eles estão desdobrando o mundo sobre a mesa na sala.
",gemma3,prompt4,0.6109,0.6325846910476685,0.48709437251091003,0.7130835056304932,Q2,parascore,0.9387
699,They are playing board games in the living room.,Estão a jogar jogos de tabuleiro na sala de estar.,gemmaX,sem_prompt,1.0035,1.0,0.9543437957763672,1.056054949760437,Q2,parascore,0.9449
701,She is making a smoothie for breakfast.,Ela está fazendo um smoothie para o café da manhã.,gpt,prompt2,1.0237,1.0,0.9780049920082092,1.0932444334030151,Q1,dataset_final,
701,She is making a smoothie for breakfast.,Ela está preparando um batido para o café da manhã.,gpt,prompt4,0.9114,0.9764867424964905,0.9010728001594543,0.8567354679107666,Q1,parascore,0.9625
701,She is making a smoothie for breakfast.,"Ela está preparando um raio de sol para o café da manhã.
",gemini,prompt4,0.5899,0.7087305784225464,0.646087646484375,0.41494446992874146,Q1,parascore,0.9442
701,She is making a smoothie for breakfast.,"Ela está preparando um elixir matinal.
",gemma3,prompt4,0.5005,0.7494184970855713,0.5011940598487854,0.25081998109817505,Q1,parascore,0.9284
