108,787,1049,1551,1649,1984,1245
49,231,411,496,256,302,1
50,787,2032,1616,2045,2026,1576
51,118,1026,2097,1917,2519,1667
103,787,1356,888,1046,1562,1
1,787,3,9,288,69,1
1,787,3,113,835,710,1
45,277,1909,2104,1677,320,1
69,787,1192,1022,1954,1221,564
131,724,2107,1970,1385,403,219
116,787,2408,2204,1535,2144,1139
163,787,1936,2212,2311,2372,1498
24,376,548,523,309,1222,151
37,498,285,1218,1486,1386,488
154,787,1726,2169,1420,1838,1463
36,109,238,859,382,983,142
16,36,10,413,251,331,348
106,602,2024,2231,2092,2272,1497
39,486,273,1394,1942,2453,888
3,43,431,1451,875,1744,706
46,129,483,1777,1794,2418,1589
69,298,512,873,849,1978,976
137,787,2190,1660,1512,2042,966
147,787,2084,1504,1818,471,598
28,787,237,1105,1222,2150,1264
92,534,2076,2148,2072,1876,1132
106,787,728,1445,2215,684,594
45,787,956,1141,1517,858,347
28,787,54,1131,2308,2490,940
64,787,1926,933,1948,2358,1306
181,787,2389,2578,2534,2411,1718
46,65,1542,1411,1897,2223,1075
1,787,3,16,641,854,34
61,566,1485,2141,2023,2427,1639
51,542,771,1099,1850,2105,1106
181,787,1544,788,279,65,1
96,572,1551,1497,2109,1979,1014
96,787,1788,1371,958,1576,993
106,408,1693,2333,2105,1841,1236
50,189,232,398,424,1895,522
42,787,465,276,612,511,132
155,787,2370,1963,2365,1182,770
1,1,3,164,128,1028,86
114,401,1093,867,1918,2340,1352
166,787,2001,1424,1995,1577,1044
111,693,1963,2426,2298,2401,1714
53,232,384,974,564,922,1144
88,777,1066,557,1562,445,247
38,251,797,1416,628,1633,1325
208,787,2378,2405,2556,2069,1489
1,787,3,193,402,101,1
167,787,2099,1212,468,426,137
206,787,2399,2535,2520,2214,1740
181,787,2392,2134,1703,417,40
154,787,2272,1360,914,255,1
117,731,1769,1536,1825,1495,271
46,155,399,1220,717,701,1
69,249,1153,1513,1165,1802,849
16,516,90,317,974,182,1
121,629,1917,1879,1925,1955,1393
176,626,2141,2416,2398,2134,1418
99,787,1958,2050,2530,1541,521
36,592,1821,758,450,1216,507
74,787,1157,1441,1944,1452,1116
63,153,64,565,104,283,1
68,787,1565,1338,1790,1659,469
167,678,2356,2386,2403,2278,1398
55,318,872,1895,642,852,1
82,305,901,1302,494,1371,1186
76,787,885,1247,605,506,312
32,787,532,989,2036,1157,620
7,735,103,469,1009,74,1
181,787,2249,1904,2444,1448,127
9,787,679,390,388,947,452
9,787,419,307,993,124,1
32,342,455,528,118,1121,1
55,242,182,942,177,1184,1
58,787,437,1008,1183,1615,902
102,787,428,355,1329,208,1
174,635,2259,2074,2043,2213,1501
32,787,809,793,308,1342,1
74,787,1656,2090,2328,2550,1573
82,775,1702,1510,1168,743,855
18,44,74,511,208,422,1
68,608,993,2172,2362,2048,1198
28,131,68,186,61,496,1
171,568,2131,2580,2389,2442,1780
10,787,650,432,1397,869,348
60,380,1776,1456,768,618,542
219,787,2275,2548,2528,2576,1769
10,787,451,1576,1264,600,367
32,787,999,1433,1014,865,348
155,712,2377,2583,2548,2520,1722
211,787,2396,2561,2571,2555,1643
69,787,1278,1953,2525,2381,1554
115,787,2087,2003,1475,1150,510
46,224,1409,1986,1044,733,718
10,787,1253,1240,540,1363,899
42,132,1674,1841,1552,1268,1203
56,740,739,804,1284,1075,137
82,212,936,1263,1854,1620,920
153,787,2031,2428,2508,2435,1548
125,787,1165,1211,1304,1202,637
128,632,2112,2154,2411,2192,1524
19,44,38,370,258,1131,137
32,787,602,807,767,1118,279
114,787,2015,2197,2468,2565,676
55,541,558,1854,2082,2180,1487
208,787,2329,2331,2503,1980,1693
76,787,1960,2042,2222,1823,1227
28,787,392,347,1048,163,137
51,787,853,1764,1330,1443,393
217,787,2413,2284,2322,1666,1636
96,483,1934,1443,853,1127,651
45,787,705,1101,366,294,358
17,9,52,365,197,584,372
111,787,964,610,343,183,1
170,787,2342,2373,2393,2035,1076
22,202,1013,1060,755,1396,137
70,787,862,870,1185,99,1
65,178,454,487,526,1516,263
114,787,1864,1401,1839,2405,653
109,653,1140,1261,1522,1636,696
32,94,100,498,58,379,137
125,586,2065,1827,2263,1961,1505
125,710,640,1270,1302,1643,801
10,70,227,108,62,1119,1
65,170,756,1843,953,1143,408
114,468,1611,2103,637,1912,1213
46,787,448,1968,1452,482,530
32,422,442,1937,2413,2584,1529
141,787,2079,2452,2465,2530,1773
127,787,2056,2209,2372,2227,1735
63,787,652,691,469,244,1
99,148,1874,1313,740,2059,897
63,787,376,472,1104,805,1
106,787,1125,800,2020,1695,502
46,130,535,2230,1953,2437,1619
42,787,1463,2113,1817,1478,955
154,787,1989,2466,1787,1451,1345
74,403,1690,1971,1779,2195,1032
157,787,2271,2255,2332,1479,1569
210,787,2223,1670,2374,1621,1627
102,787,366,705,2390,2483,1232
141,639,1923,1561,1699,1594,600
12,787,190,247,797,247,1
125,787,1880,2397,2250,2079,1372
164,594,2388,2271,1845,311,446
88,787,1353,1922,2211,911,1150
91,410,1823,2019,1860,2287,1208
102,371,1048,2299,2350,1501,1292
24,94,199,871,209,1241,103
202,787,2332,2224,1993,1252,1105
99,388,1344,1448,1542,938,90
125,787,1327,1388,2038,1725,1255
1,131,340,422,64,404,1
24,30,102,40,1618,1568,399
9,787,175,242,1111,1272,1
197,762,2137,2418,2218,2065,1652
32,129,63,360,14,21,1
105,787,2085,1964,2449,2339,1006
78,787,423,808,1200,585,66
1,1,3,11,81,2506,612
179,787,2363,2413,2574,2561,1749
6,14,434,289,52,777,1
126,296,1778,2573,2485,2538,1762
102,132,1387,2357,1820,2233,1268
76,600,612,1945,568,1178,553
125,787,1375,2053,1796,1060,981
18,139,1799,1899,1583,1837,930
50,576,487,1349,1024,2022,933
32,222,798,1311,2213,2475,1650
55,787,924,1386,1662,2394,1020
24,787,909,2305,2555,1473,1461
180,787,2310,1505,1388,1232,339
1,1,2,230,21,1108,527
69,787,477,541,1007,88,1
24,70,804,1756,1170,1297,1146
32,131,49,196,40,464,1
72,787,980,1104,1411,1385,771
167,787,2407,2541,1684,2374,1632
167,787,1247,1242,1481,1705,609
88,787,1703,2158,1530,818,724
189,787,2229,2498,2565,2549,1726
68,787,505,729,1500,1316,932
88,729,916,894,1603,222,1
195,787,2313,2208,2487,2466,1404
24,787,953,1627,1608,1759,1237
24,280,394,762,694,2062,591
102,787,1071,962,2301,1000,805
24,787,76,474,805,1437,1
106,787,1808,2403,2475,2430,1744
93,351,1057,761,263,902,1
132,787,1699,1484,1521,2429,1138
1,44,2,33,87,769,137
111,655,1279,970,491,1032,1
189,787,2064,2251,2428,2319,1424
31,563,393,1176,639,478,137
5,787,229,217,1141,946,1
166,787,2184,1853,2098,1192,333
146,787,2144,2400,2237,2231,1401
114,787,1837,2353,1756,1941,1210
24,787,115,281,1251,71,1
28,131,1069,1166,516,756,137
45,316,1635,1626,1345,2362,828
17,29,322,965,671,1513,287
22,787,523,1996,2074,1974,978
36,158,445,918,229,730,252
102,787,805,1704,2274,1835,749
99,192,2045,1711,1716,1224,1031
154,787,1785,1358,1087,1998,684
61,304,1410,1444,873,1417,654
69,787,639,743,307,211,1
7,503,197,354,859,744,137
135,701,1614,1165,991,761,137
141,787,2287,2513,2409,2116,1721
31,350,1062,1046,837,1084,6
124,787,1849,2162,1988,2259,913
88,787,629,453,547,560,1
93,787,1784,2256,2472,1860,1431
78,787,1523,2422,2295,2552,1607
124,787,2298,2348,2454,1647,869
1,787,2,45,480,452,137
102,384,1557,2277,1572,2341,1365
83,787,1610,1888,1893,1779,814
93,456,1408,1558,1686,885,1276
123,511,1954,2282,1547,1683,1495
46,787,724,832,1513,479,1
65,110,1655,2015,1231,1707,971
28,595,361,772,449,883,816
154,787,2006,1830,553,1120,994
36,189,289,467,341,1288,137
46,787,620,1205,1109,535,137
96,523,849,1304,1158,877,11
103,787,2122,1149,1335,2247,1035
68,787,1506,2061,690,2085,1591
130,787,1999,1920,2376,1088,1079
93,787,2147,2417,2129,2152,1757
125,787,1915,2559,2430,2108,1719
98,269,1513,1301,1106,429,154
28,787,170,130,727,453,137
58,398,986,1432,1574,1325,317
157,787,2125,1969,2115,1923,768
174,768,2020,1755,1705,1970,908
1,787,3,90,589,158,1
162,787,2233,2480,2462,1853,1535
92,787,1420,1485,2292,1349,87
113,787,1950,1476,1652,1065,336
1,1,3,73,2,104,1
125,787,1708,1374,1306,2297,1206
56,138,889,1260,2361,1713,1649
99,255,539,694,1389,1155,922
104,652,1925,1967,2101,2156,1540
24,35,385,464,293,548,1
42,787,662,1038,1431,765,246
162,787,2149,2257,2506,2329,1089
23,116,663,2128,2061,2034,1534
28,787,179,484,664,179,1
68,508,1469,1634,275,443,137
93,205,886,2106,1723,1637,664
167,720,2057,2070,2318,2187,1166
78,787,1538,2186,1260,1468,1049
206,787,2119,2458,2537,2583,1772
78,392,565,740,175,529,137
9,715,254,233,635,400,84
54,495,1779,992,1166,2266,895
1,709,56,261,1355,1902,1
10,787,1653,927,1067,1005,479
28,61,998,2248,1696,2562,1737
45,111,1042,1312,1507,1784,756
45,328,459,663,434,799,172
50,173,932,695,531,611,39
125,369,1830,2057,1307,1591,744
68,387,937,1378,1956,753,967
16,213,911,1005,935,1602,604
101,598,2092,2485,2384,2388,1686
16,89,45,335,973,1550,350
55,449,770,805,950,347,137
78,787,1747,2165,2165,2322,929
15,787,125,554,596,310,1
201,787,2343,1611,2404,214,1311
76,623,1392,1793,2253,1957,827
29,367,926,1617,1798,1328,1068
18,252,843,2338,1224,1806,419
10,787,833,438,1295,1332,442
76,787,1651,1637,1776,1171,137
55,354,1566,816,1487,1795,951
122,741,1946,1877,2184,2239,1415
24,787,496,748,961,423,1
54,67,573,381,753,123,1
19,787,57,667,1632,1794,707
68,439,1448,949,980,1635,369
29,103,525,1564,406,555,77
42,696,780,430,839,502,1
124,267,1406,2374,2296,1845,1502
3,362,1193,434,1528,1582,992
116,615,1224,2272,2359,2379,1446
110,390,1787,1471,745,716,1
156,421,2345,2554,2499,2472,1789
1,113,447,1669,1108,2569,797
92,787,2033,2014,1908,1273,1041
63,47,520,1961,1266,485,137
163,787,1633,2457,2560,2566,1717
113,787,1405,2229,2196,1976,1564
37,556,1798,1862,2121,2067,1683
102,722,1132,1111,1312,635,475
125,787,1947,2444,2330,2318,1581
131,787,1569,1072,732,444,1
162,787,2383,1698,1538,378,1
209,787,2350,2265,2541,1350,1011
177,787,2366,2469,1958,2357,1400
22,23,438,869,964,1305,56
181,787,2199,2533,2581,2525,1739
78,787,1092,993,601,459,1
50,84,837,2127,2001,2250,1578
1,259,4,144,931,627,1
1,464,3,71,371,642,1
125,787,1738,1591,2088,2433,1158
125,787,1580,1252,2406,2524,1526
125,787,2203,2525,2526,2001,1776
121,400,1924,1515,1460,1373,269
150,787,1417,1580,1929,1395,910
114,787,1676,1987,2340,2291,1402
32,191,1831,1602,606,348,35
18,28,93,500,377,432,1
10,787,96,176,1147,575,1
155,787,1825,2505,2511,2081,1466
68,787,1410,1737,1600,1711,1040
61,411,1555,2173,1341,1904,184
111,624,1256,1770,1577,1095,381
115,787,2387,2465,1855,2124,1363
170,787,2248,2316,2435,1748,839
178,787,2098,1720,1976,1678,622
55,787,1274,1096,1077,936,755
42,787,1979,2105,1463,1035,416
64,339,820,1911,887,185,1444
152,787,1260,1882,2478,2492,1707
45,787,947,1280,723,1199,478
161,787,2224,2150,2195,2092,1630
78,787,521,810,1387,948,550
154,787,1773,1729,1814,1781,325
1,787,200,280,1142,369,1
68,787,1373,923,1028,606,378
106,787,2288,2210,1891,2095,995
201,787,1949,1560,1829,962,683
146,787,1648,2370,2480,1351,1226
115,211,2277,1422,937,433,299
99,787,1857,2585,2463,2587,1681
69,787,2082,1768,988,884,565
13,51,92,590,271,388,137
125,787,2049,2518,2441,2457,1618
28,98,1105,1094,1525,2296,1340
31,405,509,821,851,186,519
154,787,1207,1709,586,527,1
41,361,755,1177,1753,1206,463
72,787,1188,2025,2174,1558,1260
99,787,811,1393,1501,1433,346
161,787,1710,2476,2205,1583,1432
137,673,2211,2462,2566,2570,1590
132,715,2417,2589,2588,2385,1743
56,148,975,991,1297,339,509
51,787,1300,1209,666,488,265
16,470,1238,765,623,514,137
42,150,750,1167,713,1540,1110
46,208,308,714,1479,1865,909
51,41,382,633,311,1047,432
24,44,545,1716,901,2142,1229
177,787,1103,1174,390,1372,1
63,787,777,1804,1580,1657,1313
159,787,2113,1649,1646,249,118
137,787,1957,981,1985,1589,497
45,787,389,392,2424,2331,1053
78,569,1203,1237,1354,1715,682
126,560,1742,2440,2486,2140,1728
78,272,715,1976,2162,2183,589
99,787,1158,1003,1184,534,234
1,787,15,212,965,296,114
56,383,1223,2246,2410,1987,777
125,787,1941,624,676,140,137
1,1,3,175,357,1323,710
32,787,563,357,1801,721,91
27,105,626,494,687,2012,461
114,525,1313,1161,739,1808,874
10,787,177,178,400,1475,426
24,344,1095,1473,1236,929,137
99,167,586,1244,270,1579,411
74,787,1899,1452,1846,1755,904
42,787,420,731,1457,639,1
61,512,825,1781,1367,2172,825
15,17,215,458,368,1003,176
42,406,852,477,349,863,288
54,787,1955,2317,2573,2463,1764
46,717,1059,2198,2429,1555,1437
45,787,1348,1573,1592,1226,1109
51,787,655,912,785,499,401
42,146,158,668,380,958,1
10,787,208,163,385,8,1
137,787,1914,2270,2327,2197,1484
29,372,913,1545,1234,772,383
157,787,2201,1884,2177,656,130
125,787,1539,1429,1554,554,525
16,209,912,862,669,677,164
113,787,1016,785,709,1811,385
147,640,2281,2324,2293,2325,1274
93,683,2028,1787,1254,728,98
134,675,1595,1409,1280,1682,779
125,237,1733,745,266,102,1
65,334,945,1746,1740,2516,1674
88,681,1195,1108,1474,264,1
55,787,897,415,1221,142,1
50,177,665,1567,206,580,1
125,787,2153,2409,2496,2497,1685
199,787,2025,1780,817,859,137
1,1,3,87,22,840,1
60,256,789,1758,220,1537,885
5,787,261,1535,1324,1030,1
135,686,2226,2552,2529,2249,1397
93,787,1804,1984,2125,1877,1435
117,787,1731,2275,1827,1894,1594
60,159,1098,909,712,621,137
166,787,2374,2119,2546,1642,1571
1,1,3,201,30,399,1
115,787,1036,661,2016,1996,715
93,225,1430,1417,1754,1256,137
24,709,221,408,470,771,155
68,171,754,1308,323,1181,826
106,787,1721,2159,2210,2229,975
1,467,4,174,878,2350,197
172,771,2296,2126,2133,2178,1425
149,567,2110,1966,2324,2246,1149
165,615,2317,2109,1434,1543,1353
131,749,2180,2279,2233,1972,1361
60,256,1090,682,1380,919,137
163,787,1904,2218,2024,2049,1359
69,452,1104,1656,1120,1515,1066
103,787,1817,1652,1590,509,1
63,787,365,1771,1905,1708,1219
137,787,2264,2483,2582,2369,1651
63,289,577,1227,1243,2237,1195
130,478,1304,1732,1076,1210,803
30,787,1476,1303,2341,2517,1521
5,436,1051,1457,1416,2057,582
69,199,851,1690,653,871,699
55,476,812,1403,1831,2482,1755
111,733,2012,1785,2302,2265,569
20,787,564,299,1667,307,1
69,787,1722,1664,2145,2344,1386
55,25,283,194,158,106,1
212,787,2403,2420,2117,2273,1491
95,716,1636,1493,1728,706,137
82,750,1041,601,968,1381,486
106,787,1303,956,294,513,137
111,787,1141,2123,2140,2399,1736
6,787,174,254,852,295,1
182,787,1829,1009,617,63,1
93,787,1475,2510,2367,2269,1761
102,564,637,891,789,507,68
82,787,1753,2259,2401,2498,1600
93,600,1761,1766,2417,2556,1713
15,787,492,1025,1274,2383,905
15,99,928,1799,866,1066,236
76,501,1870,2292,2294,2351,1659
133,682,2257,1715,1560,1520,536
45,312,958,1740,1955,1036,1084
1,654,3,15,598,1896,284
50,354,481,1574,1701,2007,1165
134,739,1730,2507,2124,2391,1513
55,787,1264,2479,2524,2416,1598
58,787,1631,2434,1980,2355,1672
15,787,169,649,683,355,1
115,787,1715,1898,2155,952,721
45,787,1010,621,2373,1320,120
88,787,1686,1506,2011,539,762
96,787,1584,1155,1356,2147,359
1,246,747,350,106,299,1
177,787,2252,2543,2371,1474,1457
93,435,1110,1725,1099,1545,1358
177,787,2330,2512,2300,1542,1637
28,348,1885,2288,2182,2436,1072
125,738,2291,1796,809,926,1
115,787,1755,2140,2170,2441,1570
42,135,600,685,322,1123,137
1,787,960,596,890,1465,348
88,787,1613,1339,659,2011,394
51,61,282,982,795,229,137
104,787,1615,1048,1035,1132,736
125,401,1219,1307,567,1040,88
134,671,1503,998,984,457,1
115,607,1571,1489,1427,1780,1362
11,2,97,1206,773,1488,441
22,787,795,799,1326,149,53
80,200,1128,1623,1941,1401,330
31,155,759,1325,1105,125,137
45,787,351,635,870,904,160
137,787,2280,2570,2267,2514,1679
191,787,2178,1601,793,1129,1136
18,787,235,665,1090,43,1
7,44,113,210,340,949,1
5,770,643,542,1435,1013,26
36,727,1247,1988,1863,2107,1258
55,162,1138,1352,1519,2501,1460
83,787,1531,2139,2049,1509,970
28,787,979,1297,1391,2148,941
79,787,2284,2576,2030,1223,1675
83,760,1436,1999,2316,1818,1568
120,584,1170,1310,1223,1264,593
96,658,1847,1019,948,1379,1
1,1,3,114,10,1346,33
96,787,1198,1710,1313,748,326
125,787,1080,941,243,866,1
137,787,1937,2499,1992,2125,1170
1,331,3,118,1061,2264,979
154,787,2372,2390,2416,1786,1638
154,787,2273,1941,2189,1706,1140
1,787,3,106,677,532,188
78,787,554,1238,672,2467,544
125,787,1603,732,495,297,460
83,267,1337,937,891,1365,767
78,787,432,1625,643,872,1
175,734,2349,1818,2093,2507,1583
115,787,1872,1250,920,1334,52
19,58,156,899,1139,2365,1680
15,787,349,508,699,1217,492
17,517,27,340,1464,925,158
51,787,2171,2532,2280,2450,1162
78,787,460,1271,1543,2407,884
138,782,1871,1102,625,1425,311
24,787,79,326,1534,1370,183
92,787,2232,2423,2238,1331,1422
31,787,375,703,1875,1392,233
125,787,2105,1210,1315,1614,881
157,787,972,963,634,1019,1
143,666,2270,1990,1761,836,248
99,787,1294,973,1732,1812,144
125,787,2337,2459,1240,1648,1143
55,448,1239,1120,372,228,1
99,412,2042,1368,769,175,1
1,26,33,301,194,591,45
74,787,2347,2302,2146,2009,1199
110,389,1832,1125,1496,1002,38
19,545,243,424,918,646,1
44,144,589,437,202,1073,3
135,787,1772,2579,2553,2578,1750
117,787,779,770,1692,1564,880
57,787,1008,1081,1915,1336,334
93,787,1034,2000,1645,1378,1071
1,207,323,224,316,313,1
63,787,906,1866,1623,439,421
1,1,3,218,20,79,1
125,787,1431,1717,1220,1740,862
76,193,1369,1171,259,719,139
22,270,186,1749,2355,2242,1464
1,259,3,214,560,613,306
42,787,553,990,1890,864,137
46,787,1797,2527,2007,2375,1614
24,787,591,739,1226,1599,451
42,270,753,1983,2130,2326,1351
58,429,725,1343,975,906,49
132,787,1076,1850,1636,2120,1349
9,787,301,659,869,109,1
1,787,3,167,1248,374,1
45,787,1136,1933,2186,2028,1286
108,504,1290,1466,900,1430,1000
115,660,1078,2131,1085,1413,274
50,787,815,972,1322,169,1
154,787,1822,2523,2547,1732,1261
60,256,859,1845,648,727,137
215,787,2143,2538,2284,2114,1326
22,633,416,414,838,1580,137
1,1,2,151,57,253,1
152,787,1894,1662,2229,1510,785
169,787,1554,943,2246,2481,1169
119,450,1479,2043,1719,1916,1493
32,787,493,1276,1752,1212,808
159,787,1751,1806,2080,2404,1729
10,174,647,349,230,1242,137
170,767,2402,2574,2552,2420,1787
82,787,630,1225,1767,2155,1470
76,787,1063,1557,1225,1296,382
153,663,2303,1823,1346,2402,1677
141,787,2140,1943,1964,1899,547
159,787,2195,1960,2414,1051,443
36,787,649,660,588,289,1
132,787,2242,2509,2489,2387,1702
181,787,2395,2005,2192,1887,1058
92,787,2236,1993,2126,1292,167
22,94,415,1317,426,315,137
125,787,2222,2289,2437,2454,1448
45,787,1053,1320,972,842,437
28,369,396,911,489,1023,348
83,787,1312,2137,1633,1179,140
125,787,1854,1462,2083,2263,377
103,644,2217,2501,2422,1345,1034
90,319,734,955,525,491,1
24,142,659,1609,318,830,1
103,274,1720,2069,1813,1152,809
1,787,692,273,1163,1125,1
113,787,1860,2402,1996,1042,1595
66,442,1457,1043,1102,200,1
92,491,1458,2351,1504,1882,1101
1,1,2,24,12,330,20
102,787,1115,1113,1869,851,93
82,699,831,1097,1510,1878,877
100,780,801,303,1113,495,137
69,722,678,759,695,967,293
22,787,1358,308,1741,1055,267
81,787,1491,2245,1669,1884,1290
132,787,2348,1577,2226,265,1
6,44,250,304,305,145,1
31,208,1091,2086,1709,913,215
15,129,1265,853,54,5,1
78,129,1895,2152,1781,2531,1427
161,787,2196,2108,2538,2423,1453
179,787,1988,2547,2299,2363,1760
69,406,817,706,283,795,137
45,787,1951,1774,1199,1269,1389
39,247,860,2294,1581,2425,1532
17,50,281,961,389,1416,577
69,166,1556,1809,978,1854,590
50,208,587,1367,1250,1559,1518
51,787,1289,1478,1364,723,939
1,1,3,83,33,720,89
82,787,1231,702,1527,1905,624
68,787,685,1077,1770,1069,632
22,94,430,555,552,1161,137
63,787,1838,2555,2348,2446,1562
114,787,1447,833,163,648,1
93,787,1275,532,534,563,1
122,461,1535,1950,2031,1616,860
22,7,91,410,178,713,137
181,787,2238,1952,1751,1107,1017
159,787,2167,1255,1856,428,1
24,787,471,792,1962,1669,1070
28,61,764,267,351,42,1
215,787,2401,2564,2570,2476,1781
1,776,989,380,1032,1471,294
102,88,580,1197,786,1376,10
121,787,1204,1153,841,1898,847
50,437,890,834,1931,1407,1
45,462,231,294,956,1801,772
75,441,907,901,446,329,1
19,176,306,375,133,57,1
1,787,101,97,1182,321,137
28,391,1534,1927,665,1271,354
46,491,271,285,902,801,403
27,268,368,734,265,601,1
135,787,2035,2112,1115,2078,1369
22,58,20,615,142,1109,85
42,787,698,369,1092,997,29
181,787,2397,2138,1725,1988,1298
89,787,1419,683,2009,1847,102
45,787,1724,2290,2395,1754,1482
116,787,2059,2401,2320,2077,1533
102,787,1835,2325,2079,1792,1050
15,22,18,387,350,1764,720
163,587,1585,866,373,886,62
32,787,262,1875,1426,895,853
7,20,160,1085,207,930,145
221,787,2415,2588,2370,2534,1730
24,6,350,570,295,977,70
115,787,2334,2553,2303,2528,1734
1,601,615,644,200,696,1
93,476,1666,1754,1181,2424,711
16,787,253,358,1943,362,1
17,787,298,880,1276,714,137
19,53,585,379,504,687,186
12,131,347,110,48,191,1
115,764,2359,2135,1555,2564,57
140,787,1124,1705,1262,593,418
68,352,359,319,148,663,1
110,577,1384,2085,1922,1174,859
63,787,968,711,2081,2275,843
69,491,1245,848,514,907,516
88,454,1684,1474,524,789,1
29,73,204,622,660,103,1
1,37,3,82,183,67,1
80,349,1378,1467,1150,1712,328
1,1,3,161,110,759,485
103,787,799,1107,1511,1641,454
1,196,1444,160,47,371,1
125,787,2240,2017,1887,2284,1612
78,148,1461,1747,1708,2037,1003
32,414,47,389,285,319,1
22,787,985,2187,1629,2175,1218
99,787,1156,1916,1989,2131,702
46,787,1467,827,1739,1492,41
46,787,783,443,1694,1966,556
28,49,476,1414,154,1099,380
1,611,3,59,233,1027,1
1,787,3,124,423,333,1
139,787,1428,1482,2309,1414,1067
75,260,1088,653,597,549,1
82,327,1493,1348,1537,889,1
1,1,3,170,43,1198,703
78,787,618,400,1056,1327,409
117,787,1711,967,436,323,1
55,115,1921,2392,2344,2191,1662
70,128,900,1389,951,1726,107
32,787,719,944,684,988,659
1,1,3,14,19,986,1
46,787,819,1315,1626,1747,307
59,787,1881,1586,1951,2270,1029
19,32,440,1217,422,908,137
58,283,1213,874,822,576,1192
44,149,631,561,884,901,101
28,131,69,543,315,614,623
35,787,1035,844,1763,1333,337
10,94,288,260,78,536,1
125,711,1978,1106,365,353,1
49,317,632,889,1400,2051,713
10,541,422,448,627,740,1
178,689,1876,2303,2111,2004,1250
92,736,2081,1810,720,83,1
83,787,2016,2346,2442,1692,1782
154,787,1793,2398,2440,2238,982
51,787,1243,1305,1655,1309,518
93,787,1005,877,1289,240,1
1,636,3,184,502,170,1
60,787,1305,1856,1823,231,1
1,616,3,183,893,203,1
112,781,1901,2009,670,857,169
78,787,1340,2347,2040,1340,1221
26,787,188,908,2326,1160,189
1,5,143,126,125,309,1
137,787,2266,2216,2402,2257,1468
125,571,1536,2435,2282,2345,1539
101,298,1634,2358,2158,1917,1281
1,1,3,58,34,991,1
10,787,122,226,518,781,1
31,329,870,686,1073,1766,1030
69,189,1675,2217,2157,2219,1563
146,787,2297,2115,1775,1610,1350
90,756,1502,1651,2346,917,54
63,787,1385,676,1497,741,1
1,1,3,39,37,1698,324
20,215,387,1285,1054,2046,361
27,68,334,556,326,472,1
65,370,533,1921,2059,673,1408
115,787,971,1346,994,1693,734
103,529,1064,573,314,954,1
68,787,651,1902,2197,1851,1021
22,787,75,455,1241,1528,82
213,787,2394,1868,1022,449,601
32,787,556,769,812,156,1
68,204,605,1257,292,322,137
76,787,601,320,1027,515,1
59,657,1335,1188,698,450,137
92,787,910,646,678,803,1
45,315,1888,1575,1711,2456,1125
47,787,1267,1674,1744,1016,1010
46,235,1418,715,565,944,1
76,787,1735,1889,2070,1512,1452
18,299,827,619,574,636,1
134,388,1948,1147,632,705,137
50,311,1487,1817,1639,1490,838
75,787,1818,1049,925,762,1
98,700,2357,2001,2198,855,245
15,712,279,246,1001,1382,58
69,787,456,725,396,667,191
24,686,127,552,1973,2288,954
74,126,1450,2378,2364,1922,937
106,548,1845,1534,1571,1572,832
62,651,1244,2340,1161,1774,464
137,787,2255,2558,2407,1369,1395
1,787,2,98,503,344,1
132,787,1945,1906,2069,1249,774
102,743,1639,1178,928,131,1
118,787,2002,1517,1412,504,137
196,787,2282,1529,2366,1482,1416
175,787,1229,1144,2058,943,605
189,787,2214,1645,2286,915,203
28,513,224,1027,1000,1611,733
1,787,3,223,743,1639,159
125,787,2169,1234,1358,757,1
22,284,44,305,633,510,1
102,787,2038,2013,1630,853,741
125,787,1456,1384,2071,1638,1134
28,787,1455,1292,1242,1703,1119
131,787,1522,1548,1722,1760,552
165,787,1445,980,1143,188,1
18,437,23,302,1270,2258,610
1,787,294,250,1470,1025,487
92,528,1500,1219,1769,1267,69
154,787,2390,2311,2259,2283,1545
103,303,2244,2342,1928,2336,1302
24,671,12,339,413,377,17
17,100,984,1041,1439,1257,16
58,535,566,623,575,978,1
151,695,2193,2427,2234,2474,1357
24,750,192,336,374,168,1
42,77,210,372,84,189,1
78,787,1169,1925,1604,50,1024
1,787,3,89,399,1746,81
77,787,740,2143,1981,1246,1151
110,787,1739,2315,2536,1828,1294
1,787,173,278,888,152,1
125,787,1106,2048,1673,467,1
51,787,1740,1253,215,655,1
31,47,794,1116,1870,2221,1164
1,787,3,136,967,328,1
103,787,992,1080,999,32,1
31,787,987,431,2179,1251,430
147,787,2336,1572,2243,2225,1108
86,787,1550,2142,1904,1752,280
51,787,1162,1614,1766,1034,410
29,750,310,1100,1764,622,342
83,436,978,2320,1484,1454,1094
156,619,2218,2344,1961,143,1414
1,787,3,18,1206,1489,449
64,787,1167,2129,2567,2553,1684
1,1,3,149,17,160,1
12,787,1065,1667,334,573,473
102,698,951,2396,2336,2293,1622
32,787,77,486,566,6,1
175,787,2117,1570,1602,1347,1069
130,787,2225,2171,1404,1819,947
88,184,1792,1538,464,325,1
1,787,4,10,1556,343,1
83,765,925,639,1279,157,222
28,70,78,279,103,120,1
43,298,1853,1930,2339,2141,1542
55,185,172,229,358,899,1
54,787,1163,651,1919,846,1
1,266,4,62,512,92,1
60,96,386,462,576,770,1
51,508,683,576,496,1151,1
1,787,3,26,898,33,1
29,123,499,538,1136,654,1
68,787,1070,727,1187,286,1
93,787,1547,849,1731,1953,433
51,787,444,367,963,1469,137
1,1,4,21,122,556,1
1,636,3,103,246,60,1
32,787,2231,1932,2477,1493,984
111,787,1671,1397,2015,1742,983
7,16,213,332,297,598,1
1,787,3,96,583,256,1
44,455,486,457,427,1307,137
63,787,1564,2163,1765,1813,1344
28,30,426,560,821,2255,829
9,787,353,74,544,1061,1
24,703,312,1514,2063,446,1
69,592,1254,786,169,715,42
198,787,2391,2219,2527,2412,1599
50,787,1883,1881,1369,254,1368
24,705,141,402,1198,1124,1
158,532,2104,2475,2216,1503,1380
70,787,1171,1713,738,703,850
1,551,3,43,1203,1067,345
28,131,58,454,414,128,137
28,787,67,374,433,586,1
1,787,3,1,264,473,1
102,787,1701,1464,1177,305,1
106,301,1020,738,98,94,1
68,787,181,198,505,34,1
45,193,1073,1492,962,1194,289
76,787,1786,2082,1340,1724,1051
51,681,354,722,844,75,1
70,294,1906,1931,1160,1901,344
124,615,1379,1427,1375,1561,119
7,491,180,207,1068,451,192
68,787,265,524,846,530,1
1,787,3,122,1033,1148,615
27,787,83,234,1293,28,1
1,259,3,154,153,1137,348
135,787,2127,688,952,640,1
93,787,2133,2375,2510,2458,1704
102,536,1271,1334,998,2135,1045
9,787,607,268,703,1326,1
69,787,2308,2321,2077,1914,1731
113,541,2037,1029,506,2,1
99,401,2305,1640,762,18,1
88,787,836,606,1018,2019,760
95,730,1700,2389,1749,2289,1626
24,787,1560,578,616,26,1
63,787,1263,2114,1402,631,445
45,185,1001,2099,2269,1883,1059
200,787,2410,1691,1838,933,1
142,779,2215,2524,2576,2193,1779
50,787,1235,1832,1190,1283,1073
46,169,974,1282,1785,2171,865
100,471,1612,1502,982,921,211
68,774,1331,412,854,542,1
31,787,996,994,1807,2045,190
31,275,1943,1258,281,615,641
99,787,2355,2474,1730,1406,1406
104,547,1919,1184,1441,629,55
76,454,1054,736,645,105,1
45,787,1679,1695,1593,1699,938
29,787,205,631,1442,209,1
63,787,636,536,1997,1230,1077
32,787,259,416,905,16,137
36,38,346,737,453,1158,1
50,305,1581,1985,726,1805,1333
20,787,1680,1707,1851,1446,126
181,787,2060,2164,2052,2406,1701
32,509,19,447,488,1004,1
137,787,2088,2031,2338,2573,789
1,1,4,54,18,658,46
51,787,292,567,460,778,137
93,384,1689,1618,1596,992,1527
31,95,1802,2493,419,547,857
71,359,1814,1948,1835,1254,1555
114,787,1012,959,152,197,500
1,1,3,135,73,207,1
24,787,35,53,1038,2240,758
50,787,793,1201,1135,1050,137
78,787,707,1395,2062,1874,1467
27,119,567,476,551,1364,743
108,544,1134,627,729,725,137
28,396,616,485,722,1618,844
70,787,1953,2530,2540,2312,1695
63,787,1146,1055,1015,1424,1
34,787,948,2296,2522,2440,1741
125,620,2165,2385,1422,1930,1042
1,787,4,25,1797,1969,551
1,179,4,191,697,448,1
56,580,1214,546,607,1578,532
9,613,609,270,124,64,1
103,428,1486,1824,1480,1885,1201
115,787,1528,2214,2264,2209,1013
54,625,1216,1183,599,458,137
187,787,2400,2307,2193,1982,1052
99,439,560,1138,573,70,1
36,168,1218,1224,1773,1172,579
88,787,1994,1949,2353,1606,1312
1,401,3,245,511,409,1
55,787,1234,1610,1810,2099,1267
6,58,88,251,129,481,1
161,269,1061,1262,1023,375,137
50,309,920,1955,1990,2188,1480
1,787,3,55,1209,2299,137
18,743,51,52,876,1209,483
68,787,927,1479,542,2277,898
9,69,228,856,1020,2509,1214
15,787,165,1259,1681,220,1
36,46,588,1040,548,1565,717
115,787,1868,1778,1041,526,738
161,593,2096,2487,2584,1893,1715
76,787,2243,2243,2005,1539,1455
125,554,1806,1450,871,1166,137
23,52,316,537,238,52,1
22,6,234,1676,286,269,137
46,530,1401,1782,2033,1487,730
3,674,1324,986,1935,1089,270
1,7,148,36,45,90,1
7,787,296,1410,1180,2196,1366
120,466,1490,1179,444,1330,790
64,349,1315,1874,1643,1836,1129
56,154,680,2021,331,617,1
70,787,1000,2269,2207,1931,1603
120,662,1626,960,1551,826,414
1,787,363,72,934,625,1
32,787,216,378,421,48,1
80,505,1991,2225,1362,1228,1238
76,787,1962,1566,929,751,546
125,654,2008,1792,2180,1630,640
189,787,2101,1057,591,350,210
96,723,1819,2368,2149,2489,1745
68,320,1719,1496,408,652,1
63,787,1889,2301,2281,2479,1758
1,787,3,86,1395,561,221
18,36,405,704,301,391,137
137,669,1422,1226,2307,2000,714
137,787,1516,1021,969,1352,538
27,787,403,450,1824,894,224
125,787,1293,1956,1617,1949,740
1,458,3,235,788,957,1
50,787,1413,1353,1382,1031,308
24,137,81,146,856,825,214
7,787,183,264,906,236,1
108,614,1670,2063,907,876,1481
18,15,313,569,83,590,1
76,787,1347,2076,1714,1128,1375
152,787,2013,1408,1610,1697,575
169,787,2172,2380,2383,2438,1580
5,787,32,221,1154,13,1
93,327,667,1857,1440,1059,1610
76,787,1637,2193,2451,2395,1224
95,281,1519,2319,2572,2334,1421
51,787,1464,2276,594,594,523
22,6,352,773,179,581,1
63,787,1322,613,735,155,1
88,787,1341,826,832,115,1
140,787,2326,2586,2559,2158,1774
154,673,2379,2468,2464,2502,1060
19,787,731,441,1268,815,1
96,787,1075,1112,1019,1375,177
42,787,2071,1783,2408,2557,1536
137,787,1682,768,1473,1165,490
177,673,1402,1075,1469,1062,670
1,1,3,203,117,2033,129
68,148,1801,2222,1337,1083,878
68,787,1393,1861,1713,2311,1152
1,787,4,7,582,698,1
51,787,498,1723,1666,1324,1200
7,151,157,564,143,501,1
92,787,982,1146,1570,1814,1190
117,661,1935,886,1689,1298,281
88,787,1015,865,2057,1422,783
135,787,1121,1033,710,647,137
63,211,1563,2391,2476,2527,1770
32,787,1068,1127,2185,1383,232
144,490,2269,2408,2377,2083,1411
125,787,918,983,614,489,1
22,787,468,328,378,36,1
63,677,1713,581,222,480,1
58,157,905,587,976,1463,667
1,1,3,94,35,814,1
89,787,1774,2155,2035,1237,1273
64,787,2086,2404,2333,2478,1709
63,787,702,1173,1117,1219,631
54,201,709,1361,1984,2390,1556
88,787,1023,1006,1228,1362,363
42,787,894,1357,1095,1213,864
83,345,729,1061,478,460,1
126,787,1810,1552,1721,1985,496
1,787,3,3,1002,82,1
39,682,1339,2118,2310,2523,1708
125,787,2120,1520,1445,699,596
1,7,514,150,135,72,1
184,787,2230,2263,2131,2216,1436
181,787,1696,1087,833,251,1
8,787,53,385,1450,838,24
137,787,1122,898,1625,786,97
19,728,1944,1017,530,1196,524
70,755,1117,1775,1072,1068,754
36,787,785,1370,2067,1956,566
111,787,1389,1486,440,1259,599
131,751,1588,1044,1557,1087,1
1,28,3,46,387,927,391
31,787,1827,2055,2201,17,30
1,1,3,253,333,2248,694
64,293,540,1014,262,1295,506
68,787,2185,2088,2518,2585,1558
1,787,2019,2044,831,874,456
68,270,622,708,806,1394,513
6,497,84,724,1052,1677,332
111,787,1939,2410,2255,2486,1367
96,759,1768,1130,1069,127,137
56,645,736,763,1006,531,420
45,181,562,481,92,528,1
76,280,1194,1437,274,763,723
28,787,55,698,1191,724,1
99,295,1826,2111,1428,184,61
64,163,606,1202,127,354,1
22,44,26,192,493,1008,300
51,145,2011,1702,1050,924,123
102,137,1318,2356,1871,1477,1391
32,131,119,428,1472,1105,688
24,787,98,238,872,146,1
64,190,1454,1599,862,1046,137
112,415,1660,1858,2236,1447,1516
113,735,1592,892,416,396,497
28,787,1333,1533,1148,1429,1
1,1,3,105,36,1303,13
1,787,9,255,782,1497,555
24,787,1380,298,1059,633,1
131,787,2309,2233,2551,2126,1327
28,787,1361,811,549,442,137
46,557,1251,1703,391,683,1
1,131,482,311,59,1595,112
36,787,425,522,477,242,1
103,787,1902,1751,1396,221,200
32,787,272,502,448,649,1
115,615,1795,2339,1966,2118,1257
99,787,1548,1191,1687,2377,1172
27,102,25,337,917,1110,92
17,12,400,1435,338,384,137
46,787,808,1309,1916,712,137
75,717,1552,1668,1940,2166,1087
176,787,2354,2461,1679,2445,959
76,787,1741,1067,1607,1586,1
9,74,457,258,619,1799,174
1,787,3,37,457,24,1
68,787,730,520,1564,1250,329
74,787,1197,2002,2021,1498,1433
63,787,531,427,880,1986,1
92,787,1589,2228,2474,2452,1725
175,496,1916,2032,2473,2449,1262
1,787,3,41,1229,144,1
51,589,1439,936,1906,1671,764
50,787,882,751,1650,1243,1
181,787,2294,2365,2458,1204,1019
22,53,536,675,335,628,137
68,494,613,1821,904,392,137
24,48,1119,1788,590,117,1
64,787,1342,1867,1392,965,31
62,165,1307,1214,777,844,503
111,787,2358,2581,1468,1389,1530
51,787,506,420,1070,1694,137
137,787,2263,1760,1252,1743,1120
28,787,244,459,714,477,137
22,3,151,952,432,849,1184
36,787,583,506,471,218,1
99,171,2009,1872,367,455,137
105,363,1770,1883,826,1410,603
10,94,139,204,55,702,1
54,343,720,1428,1702,1963,873
10,58,348,1011,486,1656,773
137,412,1189,1682,1675,1460,709
153,784,2212,2273,2450,1700,1697
28,787,1028,78,1051,25,1
76,634,406,658,1078,1514,171
51,787,484,582,1094,1856,262
125,578,1144,1847,1425,1154,335
1,787,802,465,397,317,1
28,787,252,999,1674,747,514
82,190,1593,2295,1532,1097,629
88,348,1997,2007,1671,2324,1266
163,787,1907,2432,1978,1072,1551
28,787,452,1865,2075,722,276
63,606,711,929,1263,2103,595
31,327,1096,2419,1968,1770,1183
64,787,358,579,1026,512,1
7,787,130,220,1031,291,1
99,787,1763,2175,1453,650,51
115,787,1807,1531,1864,2415,1204
63,241,1150,1671,328,181,1
22,58,16,282,94,956,1
125,787,1678,2064,1627,1518,687
171,746,2207,2539,2500,1959,1623
31,787,360,534,989,1412,355
45,787,534,394,760,704,1
151,787,1652,1045,624,645,1
137,787,1129,1684,2461,2376,1127
43,68,404,1644,1004,2198,1103
9,430,713,1012,955,61,462
1,787,1627,75,417,85,1
7,58,207,188,166,1149,1
74,459,1800,2030,1492,2397,1440
111,787,1268,1158,680,2039,1102
10,27,297,1483,1098,1954,1355
36,194,691,1091,136,578,395
1,414,3,133,438,334,1
6,366,374,287,615,553,264
10,70,168,295,161,292,1
78,787,331,806,1334,1234,161
108,787,2077,2540,2515,873,1720
17,592,22,566,1743,686,1
45,787,645,636,737,711,137
24,57,1050,1995,2096,1960,1611
70,787,1942,2220,2432,2093,1496
22,74,654,1619,1612,1164,722
22,787,1211,399,1310,91,1
42,527,856,1910,1808,1773,1242
1,34,3,162,130,1205,1
76,787,1108,574,938,1494,124
69,631,2094,2179,2073,12,494
27,85,543,588,1410,2202,1141
68,369,570,656,465,1408,137
68,559,372,701,1718,1913,543
36,787,219,470,865,802,1
126,706,2000,2181,1432,676,1441
99,787,1928,2450,1661,2485,1567
106,763,738,1123,2194,2298,1280
74,160,1002,868,1134,966,1
43,755,1426,2184,2022,1817,1334
124,787,2174,2034,2181,1263,493
102,787,450,771,1193,1366,784
102,564,1484,1776,1606,783,9
1,787,687,286,781,543,137
68,365,800,777,379,508,1
132,787,1796,1516,1169,982,1047
114,348,1225,1133,555,1009,348
45,787,1672,1400,282,205,323
197,787,2018,1587,704,597,303
178,787,2091,2075,2161,1499,1025
119,787,2290,2242,2418,1456,1012
64,718,1120,1460,940,1026,477
68,787,2176,2447,2291,2403,1658
32,611,869,680,1285,791,1
24,787,166,595,2144,2082,1187
194,787,2384,1918,2136,1989,1145
1,787,2,127,497,178,1
106,435,832,903,692,1049,153
117,787,1345,1800,1746,1312,531
124,787,1727,1329,1658,691,1
103,740,1966,717,1594,1405,961
199,787,2393,1752,1660,373,143
157,787,2351,1790,682,679,147
115,787,1971,1248,1437,314,458
29,787,1323,2486,2385,1768,1322
28,464,28,88,476,1696,1
63,787,326,1207,1309,693,866
116,568,1360,1092,630,1411,390
175,787,2164,1475,1316,1007,141
96,787,892,1501,721,1279,137
137,787,1137,779,1932,1793,27
28,787,526,966,775,779,438
31,483,1317,1439,1567,1136,1161
99,787,1705,2080,2112,1928,890
181,787,2026,2326,1533,2428,1682
18,787,133,271,1151,1603,858
18,433,121,1834,1202,1651,278
24,787,154,384,1118,519,1
4,4,8,405,353,245,1
181,787,1783,1291,2127,1278,175
32,392,939,629,63,122,137
154,787,2089,2560,2580,1455,1462
31,180,1432,897,425,867,228
51,487,2295,2544,2272,2181,1001
68,77,611,1373,861,2003,867
1,315,3,256,1178,1947,957
93,787,938,1300,1257,1321,810
155,787,1882,1273,1114,206,1
54,143,596,917,1140,410,137
1,541,42,182,252,468,1
183,787,2286,1059,1291,1093,1
15,787,167,483,742,300,1
92,787,1863,1306,2504,1771,1347
32,787,887,753,1299,1623,257
43,178,407,954,1331,1933,1293
63,787,1794,2046,2509,1357,748
51,550,1280,1037,231,337,1
76,444,1841,2569,2505,2551,1703
48,119,674,1539,1506,2295,793
29,210,1017,1319,1809,2186,1114
1,1,3,84,70,1665,671
82,388,751,798,2122,2112,1297
224,787,2421,2328,2519,2384,1640
50,80,708,2060,1949,2145,1112
32,673,1694,2232,306,164,395
68,553,1466,1182,376,523,162
113,787,2210,2384,2438,1842,1664
100,357,453,855,1138,1286,318
132,787,1911,1275,2228,1024,273
165,787,2090,1890,2050,1687,795
163,787,2106,2207,1461,1864,1412
154,653,2182,1959,1926,1302,1459
28,787,470,1423,629,1038,1
1,7,159,112,199,700,1
163,787,2170,1356,1952,1675,887
1,787,3,153,644,1029,1
132,787,2162,2421,2469,2473,1205
218,787,2353,2453,2415,2455,1788
10,787,129,205,1172,1796,100
32,787,1473,931,1647,1504,104
78,198,490,1549,2104,2529,1492
19,77,695,1438,545,1549,137
55,664,604,1658,1665,1824,1473
24,787,86,248,725,490,1
55,282,710,1047,1300,1248,1251
46,130,590,418,66,267,1
6,740,185,48,867,1435,1
9,787,1608,852,954,1187,392
1,787,3,101,1830,934,1
147,787,1760,1447,2391,2532,934
63,787,669,1849,1828,2313,1476
76,787,1765,813,983,941,1
76,787,2321,2268,2254,2005,1620
88,787,1277,1231,1489,1662,448
125,787,2014,1647,1715,975,818
61,787,2130,2349,1244,4,227
1,1,3,79,3,137,1
55,121,246,348,276,550,1
76,134,1330,2203,1327,2129,1332
154,787,1992,1354,1398,1718,340
12,54,144,1115,185,135,314
28,787,417,575,818,1162,444
69,328,1541,1521,1656,2558,1465
171,680,1688,2531,2452,2303,1212
5,787,435,723,1359,1871,341
137,427,959,531,1536,1943,434
9,787,233,209,688,263,1
188,787,2051,1903,2388,2143,737
225,787,2364,2504,2447,1737,1656
42,121,621,288,289,745,207
111,787,1663,1540,2014,2469,1182
75,570,712,1750,1896,1866,1007
63,340,1116,1697,1075,964,1
83,787,1025,1076,1642,1399,283
105,478,1396,1148,1176,2053,580
50,374,402,1734,1459,1521,1104
116,475,1515,2247,1436,1723,398
99,787,2067,2241,1805,1530,848
210,787,1961,1316,2042,1660,133
223,787,2404,2494,2471,2421,1711
135,787,2197,1991,1861,1867,1383
63,787,846,1314,2375,1775,583
12,569,1007,1365,1947,2282,1485
63,443,522,673,748,931,137
46,787,598,1090,1620,2368,1091
60,543,1155,1870,1011,1270,936
50,787,147,887,2054,1442,926
114,787,1351,1924,1758,1735,1064
50,238,749,831,296,194,1
125,453,1310,1727,2241,1906,896
64,554,803,881,1157,1573,997
167,787,2228,2471,1081,718,587
17,34,840,1939,724,1681,1023
45,522,1055,1154,1631,248,206
125,787,1846,2196,1840,1761,1575
1,1,3,120,9,77,1
226,787,2418,2526,2512,1825,1390
89,787,1734,863,1912,1544,455
42,183,1681,2323,1987,475,1315
68,787,446,152,216,45,1
181,787,2005,2371,1601,1538,1033
113,722,1750,1605,1774,1608,256
45,787,871,468,578,408,1
163,787,1562,2040,1418,1622,1240
106,420,1326,1004,910,2119,1188
188,787,1998,1565,1446,1318,1285
55,787,538,612,1376,624,137
68,229,1143,2147,728,2044,1301
135,787,1575,1726,1488,2179,1376
60,787,1449,2369,2068,1355,1354
6,601,433,140,708,298,1
58,748,1809,1869,1804,2337,1235
1,1,3,69,13,216,1
31,86,414,822,1149,2488,1447
125,787,1815,1266,1171,632,1
106,685,1477,754,277,110,1
64,787,1362,2367,1812,1554,1181
125,787,2102,1653,2221,2006,633
6,787,212,373,894,1301,817
65,291,2111,2308,2358,2432,1499
173,787,2373,747,1624,653,137
157,787,2135,2310,1112,1380,137
106,742,1844,1527,667,386,364
78,787,2274,1459,429,912,331
71,670,791,1020,1173,147,137
36,519,1494,1031,741,1054,137
50,500,1423,1579,2251,1952,1445
1,787,3,17,538,659,1
150,787,2048,1405,798,1581,559
167,599,1709,1392,1235,1438,302
28,198,489,1056,519,1936,178
9,787,66,345,801,312,150
50,787,773,1798,1258,2274,742
36,787,249,549,675,546,125
93,305,1174,1635,889,1590,639
125,529,1577,2266,2532,2444,1399
24,280,524,404,157,516,137
105,787,1743,1470,1957,1481,1458
70,787,593,1129,1103,897,1
42,787,1046,2258,2514,1778,1239
51,787,2041,2176,2090,258,116
67,493,1931,1681,1451,1907,1117
18,523,648,1379,919,1719,988
42,787,1441,1121,1819,1142,782
114,353,304,519,581,882,472
76,514,1376,2293,824,808,137
171,787,2072,1122,1930,2378,1648
134,562,1443,1221,461,201,1
163,787,2175,1074,1433,2018,266
112,787,1972,2350,2484,1686,1724
125,787,1754,2337,1568,2373,1676
50,360,1133,423,237,599,1
32,787,145,1203,1651,1890,1291
69,787,614,774,1074,732,137
68,513,847,840,290,595,854
63,787,1968,2537,2169,903,840
24,7,62,352,384,172,1
84,590,2121,1894,1255,2505,1678
164,537,1896,1965,1883,1526,1705
88,492,2216,2221,1802,2419,1081
32,64,1202,2318,1895,2460,1633
69,787,1287,1620,1914,1476,804
92,787,1488,1157,1745,2127,731
88,322,2204,2067,332,413,1
36,302,332,316,114,780,1
74,787,874,1024,1847,1445,1
28,11,676,2287,1503,2346,1438
24,697,109,782,985,804,261
88,434,1302,1468,957,1886,1043
1,787,3,147,1029,243,1
42,491,418,479,325,113,1
130,787,1887,2407,2494,2305,1748
1,787,3,77,431,47,1
115,787,2161,842,1267,1138,65
1,690,3,129,1232,1597,304
28,91,904,2052,430,1934,894
163,787,1903,2332,1923,1548,1174
163,668,1481,1795,834,1238,497
19,36,85,231,82,609,1
92,389,1507,1064,522,332,1
171,787,2333,2492,2087,1574,1606
31,787,829,391,1379,1235,1
50,47,741,1912,1096,2161,1409
1,1,3,166,5,7,1
150,787,2340,2094,2305,2200,1387
1,260,3,206,640,1560,208
22,92,421,1406,352,1368,1
42,313,835,548,1338,1822,822
178,787,1758,1639,1852,1507,998
94,347,1257,876,1034,1276,44
70,787,1346,2438,2482,2243,1546
65,549,1154,1815,1467,1625,225
50,787,1673,2516,2590,1670,1259
12,45,191,618,498,1106,315
39,218,549,359,706,463,1
76,725,1451,2445,2445,2574,1565
1,787,865,1126,874,136,137
137,596,2316,2023,1983,1506,616
130,787,2126,2121,2495,2370,1528
38,251,1142,2078,2152,2398,1374
88,787,1578,2073,2446,2499,1477
106,787,763,1500,2119,1255,1305
135,673,1748,2068,1901,1646,570
191,787,2338,2237,1881,1833,1062
83,787,675,510,776,415,1
150,787,2202,1844,2266,1014,685
18,787,46,617,608,268,204
24,464,333,353,507,389,348
147,787,2319,2274,2018,1925,1474
56,787,1183,1412,895,1200,253
49,244,1354,1295,1680,2224,499
29,63,225,517,211,559,1
50,719,324,995,1123,731,268
99,787,1077,1135,2141,2439,948
135,787,2034,2280,2397,2577,1092
114,787,1623,1786,2235,1626,1178
125,787,1712,1362,1371,1464,1126
68,787,582,1288,2134,1663,576
137,787,2022,2345,2314,1911,1096
15,10,286,376,51,346,1
42,787,1820,1272,1902,434,481
64,665,1029,1440,1197,1153,1300
125,476,2044,2018,2575,1816,1692
54,144,1172,728,651,1664,309
49,127,513,518,759,1829,1
102,524,2300,2482,2244,1680,1766
96,451,1529,1553,662,822,23
71,773,1368,1134,1939,2101,963
51,787,946,159,1162,998,1
103,787,1905,2250,2183,1524,1403
97,787,1201,2260,2172,1977,1512
43,197,1151,1051,329,270,348
15,787,278,442,392,272,1
93,787,2093,1700,636,293,348
88,579,850,1152,123,1147,348
115,603,955,825,260,945,137
74,226,1027,1069,771,579,156
24,331,1412,2151,2143,1398,969
88,297,1390,977,164,159,1
10,122,218,854,415,1631,427
125,787,994,985,1729,1820,1265
28,153,378,409,168,440,1
15,172,293,1402,23,351,1
156,592,2069,1742,1045,820,1
68,41,398,439,691,1556,679
54,734,1259,1544,1278,2184,1348
43,617,1365,1860,1540,2205,1543
1,735,3,35,250,341,1
212,787,1861,1673,1911,1329,996
50,228,1775,1738,604,678,388
1,1,3,2,15,304,1
12,787,99,425,144,2310,235
63,193,1058,791,1037,1900,735
198,763,2398,2467,2557,1570,1490
7,39,116,343,201,807,1
24,70,508,643,541,1935,628
111,787,1382,1376,1174,165,94
155,707,1927,1615,1509,1897,798
10,198,458,334,192,932,348
68,328,1126,1838,1336,729,348
113,787,1980,1621,1842,1613,851
31,425,1102,979,184,219,1
117,787,1558,1891,475,623,1
54,236,343,857,268,494,1
78,487,1262,1839,1816,2130,1320
24,787,260,300,393,129,1
193,574,2061,1269,758,816,1
177,787,2040,2473,536,905,291
68,787,706,429,149,271,348
120,300,1723,2327,2453,1790,1628
83,597,1242,2551,1308,2055,1574
124,787,1148,1413,663,669,137
79,787,694,1286,456,425,712
114,525,1030,1582,966,1063,792
115,648,1024,935,945,2315,1566
52,424,1394,1142,783,788,170
24,192,501,1143,362,1736,397
28,787,1220,1189,1659,1374,821
29,489,1984,2008,1189,782,316
99,326,1533,1431,847,2104,1100
1,787,2,49,829,2426,732
76,787,1638,958,554,126,1
58,368,1177,1083,1438,972,168
63,787,635,1377,1444,382,1335
165,787,2219,1655,631,533,1
42,328,896,2146,981,1010,581
179,787,2339,2084,2492,1834,1202
171,787,2158,1508,825,1086,891
32,656,391,1364,535,108,1
119,459,934,843,528,202,137
89,787,1060,830,2262,1317,131
69,426,625,501,799,1098,137
65,484,1397,1880,1628,1733,669
51,90,903,654,369,114,1
32,787,760,488,1320,806,1
120,730,2200,1919,2084,1789,1168
20,204,1022,1016,1889,1654,968
119,772,1669,2026,2064,2304,1660
1,8,95,266,126,1427,643
34,472,497,504,1055,567,83
43,239,1006,1855,971,421,655
103,787,517,1239,1879,1873,704
24,6,390,634,310,1517,602
1,1,3,99,38,233,1
102,488,2036,2387,2501,2409,1596
60,787,1886,1169,750,150,1
96,787,917,709,810,466,1
99,787,1590,662,646,204,1
20,787,1624,1461,1792,1428,906
9,787,280,1196,2135,1584,572
99,328,1732,2033,1084,358,137
31,112,1240,1198,239,393,1
199,787,2245,2202,1443,1169,646
44,72,516,2156,1760,2590,1185
68,193,923,1915,320,438,1
50,787,1004,1972,1848,2241,1111
112,463,1601,1693,1042,939,660
175,787,2318,2011,1913,1769,1483
10,467,464,156,761,3,1
76,787,1180,585,696,626,1
82,672,1236,2132,1811,2500,1475
101,787,1540,1596,2352,881,871
151,690,2095,2329,2466,2413,1336
32,787,1391,938,2027,1605,1005
32,264,303,456,182,1304,1
76,729,1336,1066,997,545,1
76,787,1665,2515,1366,1727,1609
114,787,1856,2110,2147,2352,1392
19,485,1273,1546,1576,1967,1155
76,220,1596,2536,2209,2302,1624
220,787,2360,2304,2368,2279,1443
24,587,1292,1982,1789,2563,1597
120,588,1510,1954,2313,1857,1128
1,1,3,13,1,81,137
161,787,2023,1039,2089,356,423
51,787,1286,860,779,974,1
96,787,1009,904,977,572,1
95,479,1452,1512,1742,1649,917
64,719,2206,1958,1707,1717,618
166,787,1604,1885,1249,821,365
115,618,1471,1192,550,1729,1
195,787,2385,2291,2334,1480,1508
153,787,2335,1900,2467,2281,1605
105,787,1855,2144,1872,798,634
125,787,1621,2058,1706,1112,656
45,787,2100,1805,2116,387,686
78,392,568,775,811,1673,137
24,354,848,1327,570,994,149
78,787,1470,1042,622,51,376
181,787,2183,2045,2217,2123,1768
64,787,1543,1407,537,1056,1
71,526,2260,1613,1080,41,1
69,350,1087,1528,1622,1918,964
161,787,2039,2550,2265,1929,1593
76,787,1816,1683,558,335,467
63,56,511,1657,1043,2327,949
45,457,762,905,218,754,195
18,44,135,630,300,861,1
125,474,768,749,359,1104,1
1,211,3,156,228,1668,761
93,305,1879,2372,1063,2471,921
118,585,1404,914,924,1690,157
105,647,1453,1816,1736,2165,137
18,28,327,1901,882,537,259
24,120,546,598,140,850,1
99,787,1081,1672,1862,112,1
19,787,31,32,816,1750,540
135,787,1359,1811,1806,2539,1661
1,156,1255,2520,922,2058,1585
78,787,1725,1589,592,734,1
78,787,617,1526,439,2016,912
163,787,1591,1195,647,524,1
1,1,4,57,26,278,1
154,787,1716,1547,1010,1079,501
78,325,914,1137,1144,430,137
130,787,1920,1876,1272,1141,820
1,1,3,200,46,1159,1
1,1,3,65,39,1655,1
69,787,1628,1643,1132,1335,1
89,350,1044,2192,2285,2526,1653
22,787,500,393,1515,596,117
125,787,1607,760,1025,1070,343
115,364,1617,1759,1155,73,105
78,288,915,883,569,1081,701
22,787,752,638,860,1183,1
125,787,1981,1822,1491,2353,1028
7,31,142,323,139,697,1
28,787,105,401,452,447,1
78,787,893,1372,842,1315,613
69,202,970,333,580,1798,96
36,787,463,1600,1351,987,1
109,787,1383,1957,2114,2290,1189
70,787,551,707,1417,277,1
68,121,743,1708,756,896,351
126,787,1567,1679,1644,568,15
103,480,1508,1896,1208,2228,1665
46,258,839,1035,1057,1950,517
9,337,681,436,214,1176,28
22,155,619,2145,1541,2091,791
1,1,2,64,101,1280,1
152,787,1411,1223,1471,990,750
24,787,118,946,1372,1598,845
40,71,461,1241,339,1100,497
135,787,1780,2081,2202,2199,1520
51,191,256,700,96,979,1
109,346,1940,1556,1885,2582,1156
64,744,792,976,2231,2020,965
1,1,3,56,16,487,78
50,104,541,896,324,787,348
45,185,236,628,232,338,1
89,375,584,1013,428,760,1
69,787,2155,1819,2387,1667,1370
70,687,1040,718,219,551,1
114,787,2139,2546,2360,1111,991
1,787,561,1636,1575,1341,137
203,787,2346,2534,2323,2408,1634
1,787,4,61,253,281,1
1,1,3,181,160,1745,241
166,787,1438,1628,1668,1804,889
157,787,2283,1886,2488,1797,1430
124,735,1884,1480,1246,668,1
154,787,2046,1532,2118,2061,1118
137,582,1803,2092,947,2234,1541
63,185,1952,1913,1213,672,1371
81,718,1893,2029,2224,2210,1439
1,787,3,132,383,758,1
43,260,806,996,1582,2367,1287
22,41,40,386,191,2117,863
18,14,48,366,113,303,1
1,184,485,297,115,1145,240
159,787,1576,1222,445,107,1
19,34,319,921,1393,1168,856
9,45,163,1132,587,1547,1410
1,18,410,492,411,454,1
1,1,3,107,60,2113,295
193,787,2419,2429,2543,2041,1557
83,787,1659,1836,2379,2217,1442
88,680,1176,809,1609,832,471
10,94,110,185,156,607,1
150,747,2375,2195,1874,62,697
181,611,2004,2281,2173,2400,1319
1,787,3,100,1128,1859,571
1,1,2,202,109,2043,900
29,787,255,664,908,55,1
42,610,790,1018,707,15,1
111,787,899,1000,240,1415,484
58,787,220,507,879,176,1
55,787,700,1243,2017,1522,1061
63,787,864,1773,1998,2306,1289
28,41,2115,1803,827,1094,657
17,44,214,1835,1546,1629,1121
1,81,1011,679,221,1870,60
93,722,1079,1779,1089,870,194
65,732,841,1342,1999,960,1002
7,787,275,600,1039,662,1
45,408,1478,1887,774,2201,1329
116,684,1074,925,1615,2522,1275
1,757,3,51,513,1423,1
28,91,73,134,443,1787,870
107,581,1668,1541,1374,937,1
1,1,2,143,97,739,554
24,384,412,710,138,368,412
36,787,424,346,1786,1821,495
1,116,4,137,180,27,1
32,787,684,2041,815,1704,533
126,787,1789,1498,1514,738,1
19,97,542,306,269,22,1
49,234,726,766,272,187,1
45,787,813,2036,2156,2356,1177
1,787,3,66,1566,1714,813
45,152,1664,1624,960,1551,338
82,787,136,475,1561,544,1
68,487,1363,2124,2439,2115,1269
74,787,1990,1666,1548,2177,1309
15,292,162,684,970,227,137
76,710,1186,1330,2357,2389,962
55,787,571,490,1383,1535,79
88,395,1173,957,71,234,404
206,787,2285,2185,2483,1826,1263
65,787,807,1098,2128,2226,1095
50,409,1813,1592,1227,1785,1356
63,787,902,2477,2066,839,1254
63,787,1357,2377,1833,1640,928
99,543,1492,1336,418,784,292
1,24,7,262,56,1777,1
30,188,1179,948,1156,1609,205
19,787,239,950,1205,680,275
1,520,11,277,249,942,48
1,787,3,6,381,841,37
69,740,961,801,510,834,187
83,787,1833,525,1119,726,1
101,385,1677,1499,1545,1529,892
64,787,784,733,1815,1844,815
101,246,2021,2496,2219,1762,1223
146,467,2344,2506,2563,2314,1621
93,356,782,1654,1186,2477,625
32,787,824,1721,946,153,137
1,1,3,95,77,276,1
115,649,2007,1415,523,476,1
27,377,1913,778,1599,1701,137
1,94,3,34,99,461,1
62,286,973,1994,1591,675,1113
12,447,1152,969,944,1993,459
28,70,126,699,95,46,1
46,136,462,356,151,342,1
68,465,594,669,190,259,1
50,155,559,1831,1195,2285,1090
129,407,1482,953,584,1080,1
51,787,1003,847,1159,682,282
7,54,140,885,803,951,137
55,290,855,928,791,1188,146
22,108,1032,2472,1700,2212,945
65,556,1222,1193,487,671,675
51,787,838,687,1394,326,1
18,787,290,719,2113,2031,852
56,787,576,503,1565,766,47
103,287,2253,2297,2577,2309,1663
83,787,627,796,1777,1575,179
132,787,1869,1745,2095,1869,374
12,271,337,471,1971,2541,1587
64,787,1084,1687,1726,336,457
9,787,226,138,1211,970,1
99,787,1018,1068,611,257,1
92,653,1843,1767,693,604,497
60,275,866,1722,1493,2493,806
135,633,2168,2502,1210,1749,972
50,665,369,1172,2319,2434,1027
78,787,1579,1216,1598,1193,716
76,252,315,839,557,589,1
51,686,727,730,539,345,1
99,787,1321,1293,1690,749,617
108,287,1512,2249,2047,2547,1759
124,721,2251,1213,1064,456,137
137,681,1970,2572,2549,2581,1733
99,787,1867,1608,1137,1033,137
55,787,1269,735,1288,2110,834
132,787,1736,2394,2457,2359,1732
6,263,1777,499,247,87,137
24,193,248,435,176,39,1
150,787,2103,2300,2154,1958,1646
40,784,475,284,1783,2190,1230
93,233,723,1118,395,742,199
1,1,3,93,28,132,1
50,339,1974,2191,2139,2203,1343
65,473,1661,1973,2106,1850,1601
28,787,1215,975,1265,1053,1
116,787,1646,846,483,518,1
207,787,2138,2278,2208,1227,1122
193,787,2367,2590,2589,2560,1723
15,787,473,858,1145,437,1
135,787,1707,2130,1685,2032,1522
188,787,2150,2285,2369,1951,1317
36,518,251,417,205,9,1
89,333,1112,1511,2225,2443,1434
75,390,1975,2234,1888,1964,1148
32,613,1127,1694,484,2128,1026
119,787,2075,2363,1970,2029,1519
45,399,1299,2514,2032,327,1584
159,787,1039,602,1419,2157,498
60,787,2261,2035,1207,1434,1039
63,787,857,2235,2517,2447,1588
78,513,1459,1733,1717,2036,1323
64,630,1175,1274,319,1122,237
159,701,1574,2343,2200,1937,1586
39,787,80,607,903,436,1
76,787,2055,1814,2025,989,371
22,583,842,741,521,441,348
1,787,3,232,1429,764,71
18,19,274,547,474,1612,830
69,258,1182,2117,1060,1229,1133
36,59,673,650,193,878,250
222,787,2412,2352,2199,1532,1225
1,1,3,30,8,812,1
103,637,1446,2359,2053,1940,1382
114,587,2254,2484,2107,2267,1377
1,425,3,111,492,383,1
10,673,104,145,1013,823,512
125,787,1582,872,770,1461,541
187,787,2312,2262,1986,1684,1642
125,787,1771,2388,1898,1284,944
69,787,1072,926,1529,971,489
115,787,1977,2549,2470,1879,1698
68,787,670,2314,2151,2002,1231
22,787,50,208,1454,416,1
68,787,757,645,845,2317,973
88,787,1187,637,1641,2025,927
70,523,1226,797,1194,898,1
64,787,1334,2065,2363,2308,1629
55,735,2208,2565,2493,2543,1506
24,787,518,515,896,1018,1
1,1,3,47,217,1388,1
125,787,2052,1940,1238,914,677
171,787,2265,1807,800,1567,568
1,787,3,187,1782,1185,400
9,273,814,1322,747,616,558
51,33,1982,1340,186,14,1
45,152,778,1385,532,776,1
115,348,1019,1110,718,1291,59
76,735,478,559,1008,372,1
68,447,1511,1028,1301,920,137
106,676,2136,1763,1771,1240,1211
22,404,14,460,863,1921,757
1,787,3,123,1373,665,1
32,787,529,2160,1867,1672,137
1,1,3,179,27,1739,356
63,787,1266,2083,1822,900,787
50,477,344,1833,1465,1236,665
6,31,60,377,241,1214,645
78,787,1297,1036,883,1103,1
75,604,1329,2446,1865,2579,1509
131,787,1309,1630,2331,1991,1055
1,787,3,92,754,59,1
88,787,547,466,1125,1863,539
49,248,810,890,490,395,348
32,129,765,338,267,810,747
143,787,2030,2309,2273,2173,1303
125,757,1442,1267,2455,2292,1373
70,787,746,780,1003,139,1
131,787,2151,2489,2257,2151,1488
178,787,2409,2382,1378,1114,876
46,787,2053,2244,1991,2206,1451
42,787,844,2211,2060,1892,548
51,381,965,1791,1614,2300,1197
36,324,1233,1998,2094,2261,1500
138,787,2250,2519,2591,2268,1777
159,787,2341,2336,2271,2139,1673
24,787,718,269,1066,171,1
121,650,921,1366,1683,1466,668
9,88,189,283,1977,1146,619
125,704,1852,1490,1079,1140,545
17,62,36,444,53,398,1
36,114,380,968,407,910,1
51,787,196,396,804,352,1
1,1,3,117,32,40,1
110,691,1568,2098,2256,1753,1531
69,787,1014,878,1780,2010,386
135,787,1314,1079,1282,1531,658
43,755,502,1073,1175,380,561
68,787,1319,1150,2335,2170,776
36,787,355,907,1688,862,1
125,369,656,1023,1253,1420,652
68,285,318,1163,1152,2451,765
78,171,1514,1543,1317,1756,950
102,787,1549,1978,2214,2052,911
18,787,195,2116,1858,1881,924
22,787,644,1390,702,192,453
120,753,2177,1929,1531,1827,985
70,338,1209,1588,1405,2027,1115
163,787,2124,1245,556,813,137
79,787,1043,2415,1520,1689,1385
124,787,1866,1980,2419,2546,1282
32,184,515,397,562,1348,1
66,609,1352,1642,1882,2461,1559
45,147,325,406,74,111,1
73,787,1089,1404,2378,887,1560
54,323,1509,1659,1589,2286,1514
159,787,2306,1186,1215,980,1048
116,261,1107,1595,1036,1858,666
99,599,1749,2205,1878,1938,630
135,787,2209,2411,2433,2271,1716
92,787,1840,1369,2138,1566,111
115,787,1918,592,1832,1421,277
114,787,2109,2206,2423,2393,1582
78,171,1047,1724,1030,1997,567
102,787,2066,2364,1959,1536,1018
82,259,495,1160,1339,2097,1244
181,787,2328,1581,1784,985,953
29,116,614,648,1458,2220,1193
78,486,1230,828,1734,1486,1
93,787,1403,1962,1876,641,5
19,787,356,1563,1421,1632,217
39,485,1276,1434,2006,2149,1469
5,55,530,272,119,98,1
137,787,1752,2430,2564,1788,1644
43,106,270,572,1483,2396,678
9,647,1398,1323,1348,1384,802
137,679,1644,2264,1319,1377,763
114,787,2154,2449,2178,2335,1342
103,522,1056,493,327,829,1
126,787,1308,2089,1352,875,348
16,100,873,795,939,1133,181
68,686,610,803,1903,1908,1046
55,787,1083,1465,1972,1459,986
127,787,2331,2431,2585,2515,1785
32,787,370,325,1791,2060,636
106,787,1113,1604,1844,670,607
12,487,491,750,609,569,137
24,787,682,533,1849,1404,1009
106,708,1135,2091,2010,2360,1657
102,384,954,721,1218,1830,614
63,615,690,526,347,66,1
78,787,1427,2077,1616,1815,43
214,787,2416,2587,2579,2589,1751
22,280,401,1454,855,2013,879
51,91,1301,591,273,2086,606
134,787,2221,1318,1886,2244,528
110,787,2097,2436,2498,2572,1753
125,787,2189,1281,1938,833,99
108,787,2406,2545,2545,1,1378
113,303,1570,1180,467,592,1
71,758,1527,1426,1937,1975,1504
60,787,818,1249,802,1600,1
111,787,1374,2360,1697,1983,907
28,787,17,296,886,1343,1
114,553,717,1769,1559,2080,1123
49,787,867,313,1800,470,238
154,787,2267,2166,2013,1758,80
205,787,2302,1989,1498,1233,980
31,787,2198,2542,2544,2510,1747
1,1,3,173,68,796,64
116,640,1248,1571,787,692,137
1,715,3,29,455,190,1
116,787,1969,841,1653,824,7
125,787,2047,1944,2562,2251,1252
1,1,3,22,7,119,1
68,787,879,1093,1423,996,348
15,172,555,742,89,2090,1
117,787,1892,1741,1605,1359,1037
137,787,1662,1109,1448,130,18
64,787,758,1568,1447,880,137
185,787,2368,2443,2345,1971,935
46,787,362,530,1259,308,244
109,787,1415,1801,1884,1627,1054
1,787,3,23,482,273,1
117,787,1424,1828,1982,2132,1456
70,527,884,814,990,1277,812
27,390,933,1892,1799,2023,990
171,787,2173,2500,2490,2332,1706
28,70,472,2093,451,538,32
1,787,202,419,1482,1358,431
106,787,1429,2062,2091,1772,923
113,787,1587,671,515,166,1
69,787,397,1507,1476,817,322
184,787,1976,1375,2166,1607,549
111,787,1959,1287,1900,837,231
154,787,2315,2451,2159,1553,1176
108,643,1618,1761,1738,2465,1592
50,373,677,2481,2317,2480,1429
125,787,1717,2455,2542,2496,1360
175,737,2325,2470,1638,1338,987
43,180,1643,1425,1292,2338,642
64,413,977,922,559,364,1
50,238,922,640,336,250,1
134,787,2029,2136,2249,2211,644
45,787,1159,1714,2168,2207,1405
4,125,963,1472,927,2448,663
42,787,628,584,2167,2153,584
63,787,1118,2330,1945,767,137
58,787,969,1878,1963,1426,719
82,240,940,1488,364,1308,137
58,260,733,1503,1350,1496,1063
1,152,3,131,317,1652,726
51,147,569,292,171,493,137
78,787,721,562,1936,1722,1
92,787,1281,2399,2578,2222,1550
51,198,1370,509,828,1043,182
106,723,1270,1765,1748,1175,752
1,1,1,119,155,973,384
46,197,1350,1232,1233,1888,491
63,787,123,513,458,86,1
17,148,408,1436,1407,1402,560
125,482,1130,1164,752,1310,362
51,787,796,1001,2051,2254,918
181,787,2380,2567,2539,2262,1746
1,1,3,70,4,690,1
137,628,2078,1678,638,1218,166
39,291,603,2016,1256,1462,1615
28,91,441,324,76,462,1
116,787,1859,2448,2586,2567,1635
28,787,666,197,435,37,1
54,787,1897,1383,2171,1757,1472
80,390,1295,1477,1967,2316,1191
182,787,2279,2395,2568,2162,1645
32,787,295,603,1727,173,1
177,667,2129,1194,2276,1220,1283
72,460,781,746,188,148,1
88,787,1692,1419,1370,246,695
32,129,572,1034,868,418,272
45,787,599,677,1821,643,1
83,787,1200,1719,1456,602,137
119,787,2289,1381,1343,1617,115
25,253,786,1199,807,2089,698
103,769,1744,1518,1750,1201,794
114,787,1109,1689,2479,2548,1423
63,314,699,919,173,517,1
39,570,388,1256,2176,1387,1083
43,627,94,934,1611,1946,914
128,787,1366,1399,1097,405,137
24,328,194,368,85,792,137
45,408,1645,1449,1586,1926,611
22,787,1851,604,911,414,1
117,787,1338,1685,2258,1809,680
29,787,258,558,1778,2537,1057
46,515,1367,1979,1368,2208,1233
154,787,1805,2056,1587,2491,1604
129,787,2058,1299,1588,1163,597
137,787,1834,2379,1558,1945,1503
125,787,1878,1519,1333,1783,429
28,787,222,787,1269,664,1
42,787,1086,674,1130,370,1
171,722,2268,1848,1414,1968,753
32,787,128,514,836,1650,286
125,787,2276,2022,2337,1116,796
28,440,1654,2424,1853,1356,1316
28,787,701,2095,2436,1932,746
60,275,761,1070,195,603,348
154,754,2160,1341,1053,1167,1
63,787,537,1359,1086,1688,1222
32,787,1033,916,1349,1102,379
74,787,2003,1007,1841,1074,465
9,787,1101,850,731,29,1
117,787,1890,1631,278,717,778
12,613,146,211,375,657,1
193,787,2132,2071,1539,1360,672
63,787,929,1088,1353,570,375
163,787,2128,2049,1737,2073,916
63,787,2191,879,733,31,1
76,787,1650,2456,1640,2111,1220
102,787,1850,1391,2306,1849,893
1,787,634,342,1275,610,1
9,692,338,594,1664,2063,974
68,379,1472,1947,1495,2096,1173
14,787,1145,597,1305,237,1
10,54,314,1846,235,674,1
135,787,2027,1622,1192,1619,424
58,298,1114,947,355,484,439
75,787,1630,1430,2123,1319,708
63,787,735,757,302,223,1
186,787,2382,2488,2279,660,1234
64,481,581,915,571,1872,327
55,552,1433,1784,1167,1091,751
7,787,1497,764,716,44,1
135,787,1858,1114,1691,1441,216
55,787,1282,2096,1720,2024,1331
32,787,300,1332,1873,2580,1337
36,787,1647,1680,1524,1467,137
88,787,1561,1233,784,1653,650
42,404,876,626,915,587,258
76,787,1395,1181,658,1322,1097
46,787,307,452,1179,1710,121
45,787,371,951,1455,498,137
150,787,1995,2497,2460,2536,1579
22,787,155,91,2076,2056,780
135,710,2246,2223,2003,1709,1339
74,787,1232,1852,2142,995,297
125,787,1908,2490,2275,1852,1159
36,787,823,1812,2026,685,674
102,787,1311,1054,1613,2021,1180
159,787,2414,2433,1793,843,1
2,591,65,252,1347,1085,249
18,44,82,331,420,2064,562
162,787,2187,1542,2325,1239,875
78,787,2159,2522,2502,1274,1295
12,787,1930,1789,2097,361,110
115,787,1241,802,1920,1020,1
163,787,2241,2566,2427,2106,1767
110,775,1599,1593,2380,1546,1277
125,787,1435,1050,668,800,1
50,386,1249,2283,1357,1846,1065
1,787,3,104,303,316,1
4,319,467,361,100,133,1
172,786,2365,2149,2204,1393,1272
78,636,114,902,472,928,109
106,360,1388,756,602,365,137
24,787,13,327,926,1763,108
92,787,1620,845,1281,1508,1
51,787,1037,776,652,161,1
189,787,2068,1603,2227,1306,1082
20,558,198,241,685,503,1
118,491,1839,1731,1005,916,786
88,135,1272,1743,996,2364,1088
96,572,2157,1935,2278,2182,1669
124,646,1181,625,517,505,1
78,252,737,906,715,963,415
6,787,302,236,913,1156,19
177,787,2235,1264,1401,2169,769
1,787,3,8,572,239,1
88,787,1812,1494,711,1534,775
12,787,527,1530,546,2194,807
1,787,1099,819,1406,1601,931
68,182,1237,861,942,1920,1
112,787,1622,2200,2443,2323,1689
52,175,830,670,600,737,1
28,575,1210,1509,1788,1337,842
24,193,43,421,111,1017,72
1,1,3,44,72,1134,574
1,672,3,155,441,1253,1
10,787,150,290,1579,1848,320
28,787,557,696,595,1115,1
32,13,1085,1382,857,1909,1256
95,355,1790,1279,1621,1491,201
159,438,1546,1554,1212,860,137
113,582,2327,2577,2421,2414,1742
28,719,875,642,1311,2050,882
187,787,2311,1522,1544,819,1
44,787,2256,1730,2268,1831,1008
1,605,2,177,1735,1449,254
154,787,2194,1215,1261,950,725
61,367,1100,1139,1286,1144,766
132,787,1377,964,2164,1810,799
24,134,449,693,730,2343,960
10,53,242,121,42,318,1
6,787,653,222,1430,736,1
74,787,981,1537,2037,1981,1131
69,719,895,1187,2004,2320,1175
125,787,1683,1712,2034,2503,1525
36,121,967,1321,1578,2410,1194
1,787,3,42,916,162,1
63,787,608,478,1314,360,1
32,79,153,1347,823,1262,447
1,787,3,265,1129,976,36
36,270,1094,1140,843,540,387
28,787,469,1398,2187,1728,218
105,335,1695,1826,930,1994,1288
46,787,528,864,2048,2100,728
88,787,2118,2463,1934,2559,1655
116,787,1782,1084,1303,1840,22
70,787,2371,2437,2247,2349,529
56,665,439,473,313,868,1
70,306,1526,1699,1399,1299,1080
24,464,187,900,764,301,1
115,464,834,940,261,431,1
32,787,264,611,840,2230,588
1,78,436,540,213,177,1
146,647,1685,1840,1762,1470,511
64,787,1524,851,1361,935,137
189,787,2369,2568,2583,2189,1771
75,787,908,913,1403,923,230
1,409,5,199,790,390,1
1,1,3,28,44,1511,1
131,787,1288,2313,1635,1767,440
1,787,1328,1026,618,2087,781
10,30,152,257,102,1215,63
177,766,2186,2584,2448,2586,1786
88,787,1757,1268,1924,1862,811
45,30,888,1251,1880,2354,1671
22,787,468,328,442,36,1
82,763,689,767,1834,1261,505
50,568,2050,1829,2029,2348,1341
31,206,1518,1335,661,385,137
55,787,776,1590,2175,2252,1364
171,787,2247,2183,1672,1527,627
160,787,1862,1632,2412,1339,1099
179,787,2405,2027,2315,2540,1450
14,688,59,309,1508,1281,422
50,121,1632,2563,2242,1803,1710
117,257,1147,1298,949,1044,202
111,787,1474,1772,2312,2054,1207
58,222,693,580,673,637,137
64,382,1619,1136,1040,959,402
130,787,2152,1820,1755,1177,370
1,196,311,495,86,2094,113
135,787,1933,1692,2230,1730,1396
210,787,2192,1463,2085,1751,956
18,3,345,1396,626,474,137
147,787,1343,1757,2103,2276,841
32,392,742,875,820,2215,831
24,787,828,403,172,212,1
168,783,2314,2491,2329,1843,1486
28,787,966,1328,814,381,1
51,219,595,1030,1124,1458,353
60,787,2108,2556,2287,500,833
126,787,1291,1688,1146,1314,861
50,787,107,351,1201,619,647
9,787,510,2168,1747,252,348
125,787,2166,2006,2188,2575,1153
41,187,931,1380,1634,1440,470
45,787,769,752,1047,566,1
103,787,1824,2414,2206,879,1318
1,34,39,190,244,1208,1
55,417,641,1170,700,1180,1
103,713,2043,2361,2491,2109,1763
171,787,2352,2153,1921,424,1523
143,787,2386,2529,2535,2330,1783
103,787,1865,2335,2283,1716,1022
116,752,2148,2213,2163,2508,835
179,787,2258,2508,2426,2535,1756
22,787,821,341,1216,1484,407
121,787,1605,1453,2028,811,436
1,1,4,157,80,1593,406
34,478,429,275,899,23,1
102,190,1499,1951,986,2174,739
42,158,748,1277,1584,1962,537
76,395,1766,1559,1164,1090,788
9,787,1400,1762,1062,366,260
102,384,268,321,227,1225,1
125,787,1704,838,655,53,1
83,533,413,544,679,835,1
113,656,2361,2167,1724,2008,1147
22,787,37,383,1122,1354,310
88,787,1316,1905,2153,1409,872
28,272,1425,1420,1960,1807,585
165,787,2146,1278,1065,893,349
125,787,1873,2425,2587,1444,1631
36,310,642,395,765,1139,223
63,423,504,527,105,411,1
136,507,1756,2441,2203,577,1157
6,432,1967,614,780,644,1
64,787,1190,1597,1294,1628,1249
74,642,1929,1562,923,1096,163
115,675,1414,2254,2108,1453,1449
68,235,822,655,1424,2075,1038
78,153,976,1735,813,486,482
42,787,1228,1936,1230,981,638
10,787,134,322,881,2122,196
28,141,696,1469,808,1173,74
24,94,339,1387,649,1344,229
216,787,2422,2562,2592,2591,1791
71,466,1205,1744,1597,2468,1428
36,203,321,1063,370,1135,137
6,551,494,440,354,651,396
116,622,1811,2051,2008,2098,1310
24,94,71,505,189,909,1
1,66,507,274,181,11,1
43,78,164,228,321,1006,1
24,535,336,647,401,828,122
69,200,930,1062,529,1731,290
68,787,550,1977,1133,1290,313
12,686,1252,1736,520,785,413
80,419,943,1491,1462,1078,958
152,787,2304,2306,2550,2328,1547
65,641,898,1706,1298,1679,586
74,362,379,620,2041,1720,705
88,401,1517,1594,744,1800,1308
64,243,1602,1344,1499,1676,952
101,787,1283,1162,1676,492,526
22,787,1371,1175,1287,1285,285
1,541,3,85,485,266,1
1,1,5,158,134,1170,1
24,613,881,1168,1381,2422,1215
125,787,1434,1718,1107,1927,999
56,507,1530,1086,1153,1502,389
28,94,320,1015,796,775,137
19,186,988,2442,2039,2256,1515
32,787,211,244,1478,794,1
78,447,443,713,858,1855,474
51,787,217,820,751,746,1
82,467,1296,1355,1126,1569,690
132,787,1848,1345,705,1674,25
58,358,1111,794,610,1782,800
121,745,2063,2226,1979,1965,1687
150,787,2163,1421,2288,1776,901
1,1,3,60,29,376,1
1,722,3,20,1325,605,1
74,787,660,815,830,285,1
28,129,117,535,330,1403,193
113,787,2293,2238,1296,1457,635
65,367,1067,1078,500,280,1
51,787,957,1002,746,412,1
82,215,704,755,345,955,1
28,64,329,512,174,180,1
125,787,1762,1324,533,790,198
60,380,646,616,226,735,1
43,787,1597,784,794,1092,128
28,101,868,1686,1965,1644,1154
65,394,1031,678,501,1001,1
74,445,1495,1228,1360,2347,1616
69,723,1559,553,1131,121,1
63,262,1437,2028,1682,1868,1346
1,710,3,148,224,58,1
46,265,863,1119,1071,1738,405
56,140,1045,516,204,695,1
83,221,1160,1696,1892,1596,1015
49,42,854,1585,943,1076,534
206,787,1791,1677,2223,96,689
5,787,367,482,1485,999,504
28,326,1149,593,654,1057,366
28,330,1629,1926,1290,2512,1479
1,787,3,81,1049,1064,212
88,252,1221,681,137,241,1
63,237,1421,1825,1654,1207,305
17,124,357,1185,1363,1734,943
70,527,983,489,145,1500,14
24,352,1729,2079,2191,2321,1694
140,787,2292,2355,1637,97,1
32,64,41,310,165,1022,1
111,787,1483,2201,792,552,915
177,628,1964,2267,2099,1472,1304
125,787,2080,1638,864,2136,1074
88,599,1900,1418,1927,708,515
76,787,1586,1265,1365,1130,592
69,186,816,577,344,1082,1
43,787,488,824,1384,1197,255
15,250,474,837,593,49,1
148,773,2262,2024,2304,2470,1690
1,787,3,4,1328,2084,693
32,129,137,463,150,151,1
5,17,29,219,284,1048,8
181,729,2181,2322,2382,2159,1426
78,787,661,835,1933,1999,662
178,787,2123,2366,2002,2333,1696
19,787,108,362,1017,1439,138
104,581,1139,1481,1415,2342,1544
36,153,767,2039,1502,2163,1004
70,787,1965,1893,1323,2301,1016
88,787,1191,589,885,199,1
96,787,503,550,1283,961,649
10,787,479,237,992,238,1
10,259,1521,1665,2056,1126,1078
86,778,1465,1151,1837,2071,1243
27,169,305,1326,1877,2382,1647
42,77,744,2174,1523,1195,700
76,587,944,445,1466,217,1
16,773,377,1797,2000,1585,1171
88,787,668,818,921,588,1
32,522,269,1082,1332,232,137
46,570,2074,988,1795,2017,563
55,77,1625,1928,1759,2074,1478
111,787,861,1997,1100,419,661
29,203,878,652,1101,666,137
82,265,1498,2199,1127,2070,1247
82,503,1168,1230,2055,2218,1507
69,503,787,823,254,520,1
72,304,1355,789,892,397,1
163,787,2205,1739,757,357,1
50,787,991,1331,877,1944,137
55,499,1166,1753,1946,1910,1196
125,787,1489,1495,959,2462,1407
63,216,480,697,170,583,1
124,787,1938,2133,2394,2088,1613
1,153,1462,1052,146,435,137
46,214,995,407,772,279,1
55,321,335,1053,561,1361,137
125,654,788,997,403,359,1
1,522,4,142,1245,1485,1
28,8,34,240,79,1289,1
69,787,1616,1159,2497,661,1
1,1,2,12,24,274,1
88,254,772,1095,242,284,1
55,431,1227,2038,1619,1505,1388
42,787,2239,1748,1950,2138,1093
56,217,574,930,1247,1247,137
179,787,2145,1794,2347,1117,1216
174,787,1250,2100,2396,2487,1778
70,761,1698,2177,1994,1915,1617
125,787,1922,2298,2100,2068,1537
12,87,203,1584,346,2204,321
124,787,1956,1975,2044,2386,1517
1,787,2,141,613,1293,1
50,787,997,388,987,709,1
63,77,299,449,167,1432,137
103,308,1399,1974,1857,890,1130
21,57,883,1246,1803,1113,1296
24,276,341,344,91,213,1
71,418,1649,2125,1477,681,95
51,107,1520,2012,1595,1258,173
50,223,949,1612,620,1186,239
125,787,1640,1917,1526,1973,1241
1,13,284,330,361,1260,1
174,787,2323,1124,1704,689,1
36,787,1184,1583,2245,2072,621
55,196,935,1981,1710,2066,1338
181,787,2010,2170,2507,2164,1420
32,787,722,1296,1549,1765,819
125,787,2227,2004,1377,420,319
19,726,592,608,1204,1245,73
113,787,1381,817,1188,1011,21
156,787,1642,1289,656,525,1
1,1,3,227,75,1191,1
1,787,2,171,749,394,1
1,1,4,168,41,574,1
96,787,1545,2406,2252,2260,1417
113,314,919,781,337,427,1
88,561,1246,924,577,522,1
1,787,3,139,1016,1533,1
1,1,3,31,6,68,1
70,785,1131,726,2086,1861,435
1,787,3,116,995,235,1
165,787,2017,1458,1573,1875,573
35,787,845,312,162,809,137
44,245,267,893,287,407,1
119,517,1038,1897,2431,2236,1494
125,787,1532,689,90,282,1
20,76,578,568,447,275,1
28,70,826,1946,2160,2168,1299
119,659,2142,2460,2381,2361,1712
19,787,266,563,603,541,1
55,787,766,910,1505,892,165
22,540,466,1351,2137,2137,1307
82,787,597,971,1116,100,1
1,1,3,195,120,774,220
190,787,2381,2571,2400,2494,1790
159,578,1496,1813,1733,1400,1510
1,1,2,115,31,84,1
32,184,193,583,187,226,1
90,402,1898,2122,1390,1990,1036
132,432,1764,2227,2239,1313,1167
204,787,2234,2557,2399,1077,1602
176,787,1986,666,2019,694,136
146,787,1985,2189,2386,2533,1699
36,787,552,249,734,2038,135
88,787,1737,2454,2516,2513,1625
32,787,120,1071,2046,1190,837
76,787,1501,2120,579,969,243
64,199,624,1145,298,521,180
161,787,1525,1934,2148,2176,1379
40,93,623,521,585,562,1
19,77,1306,1555,1083,2030,1271
7,54,201,605,466,1658,520
106,787,1161,2412,1563,1634,1328
132,729,2376,2240,2569,2554,1738
24,114,178,632,508,918,213
24,152,209,744,212,141,1
24,133,1196,2252,2240,2253,1572
57,278,1836,2010,1826,1604,691
102,280,1932,2521,2513,1992,1552
63,227,245,1290,255,773,450
42,83,880,939,778,638,137
99,341,291,364,131,571,1
171,755,1875,1648,1271,1367,745
161,787,2322,2054,2523,2392,1284
108,787,858,2047,2212,1588,626
1,787,3,50,1553,402,1
50,366,342,895,412,1275,508
120,638,1718,2020,2297,1948,1654
88,787,877,1909,1219,1058,925
64,787,1416,829,1082,968,137
22,787,89,451,1490,367,1
88,787,1759,2037,912,290,989
1,129,3,63,25,76,1
96,787,1657,1117,1012,167,1
87,332,658,1629,2012,1942,1278
63,328,1261,2239,509,1294,296
7,69,138,371,223,827,1
69,406,1609,2190,1273,2380,1160
125,787,2237,1908,2434,2245,1561
150,787,2362,2495,2521,1552,1419
55,378,2134,2383,2481,2431,1752
22,74,149,491,147,1045,1
64,336,364,1208,291,848,608
46,166,373,932,479,831,1
120,609,1258,672,312,688,1
1,787,3,125,543,56,1
78,288,1206,1851,2260,2102,1381
3,22,61,189,210,768,1
24,636,87,599,936,1645,480
49,787,1320,2215,1518,1624,1086
41,40,132,716,348,78,1
135,787,962,790,1910,793,428
28,11,161,1333,674,847,148
93,197,1284,2464,2405,2511,1775
220,787,2420,2286,2349,1523,1324
132,469,2324,2503,2561,2459,1549
93,565,1505,1914,1975,634,1124
15,787,1082,2087,1408,154,692
43,240,950,945,234,612,137
124,787,2054,1864,2270,1390,681
18,787,732,692,481,565,1
51,787,1386,1446,1413,469,883
114,353,1987,1646,1021,1691,1248
79,787,2188,1808,2110,1880,134
18,653,409,1235,1698,2076,759
92,787,1687,1859,1866,2294,1330
24,787,309,1236,1386,845,942
118,787,1598,783,1550,193,1
124,787,1553,1942,1648,1919,1454
63,787,775,1156,563,1702,557
154,787,1983,2393,2554,2518,1666
76,787,1208,1337,248,984,75
46,787,703,1089,1239,1021,137
1,787,3,19,386,20,1
99,612,745,1010,116,406,1
28,787,664,1907,2102,1037,673
78,487,657,1032,356,2047,251
22,153,230,293,108,707,137
10,146,714,243,203,1685,1
1,787,257,109,398,1300,468
55,121,575,1058,225,363,1
78,787,1767,1728,1217,401,476
60,439,1212,1550,1843,557,185
1,75,395,539,409,287,1
42,787,1021,1128,1344,797,67
24,57,72,315,112,196,1
140,787,2062,1701,1899,2495,1253
68,787,544,884,1585,215,1
101,485,1706,1992,1757,1571,1135
111,787,1691,1873,1121,582,1
125,787,2320,2575,2420,1832,1784
88,787,1697,2528,2459,2545,1700
114,787,1714,2157,2558,2280,1691
64,787,1097,1598,2150,1287,137
96,230,2179,2381,2277,225,466
113,787,1460,920,2065,2366,886
211,787,2411,1607,2356,89,137
1,22,24,239,363,1592,348
137,787,1910,1569,766,1995,729
32,70,206,987,360,1519,348
106,531,2116,2341,1907,1419,1056
63,476,688,712,736,210,348
63,202,1537,2511,2354,2307,1670
1,1,4,225,50,19,1
24,513,263,812,621,1266,137
78,288,716,1661,933,2588,1608
110,377,1364,2059,2290,2504,1577
43,240,240,571,159,891,1
130,521,1606,1871,2392,1903,1137
12,131,381,259,132,888,1
46,787,1480,2178,1516,262,137
76,787,1583,2253,1321,349,1
96,787,1842,720,1214,993,1
78,392,942,2182,1894,1839,1314
70,787,990,657,909,30,1
1,787,3,67,932,230,1
1,58,70,165,93,497,1
112,397,1891,1837,1318,1450,357
1,1,2,180,69,1244,152
63,279,2156,1606,257,260,1
125,787,1973,2376,2289,2154,1321
145,702,1594,1578,979,1015,373
85,510,1641,1254,1569,1203,535
10,538,124,216,437,134,1
50,416,1504,1641,897,1721,360
192,787,2299,1200,1342,1436,1
88,694,1332,2354,2120,2232,977
1,673,3,169,304,54,1
1,1,3,102,198,1557,846
1,328,3,76,701,1483,1
141,787,1996,1650,763,340,578
115,787,2213,2107,1695,1397,1085
70,787,1199,1675,2342,2464,1413
28,131,223,314,65,93,1
1,787,6,215,405,608,1
22,787,241,291,689,288,1
74,603,1349,1923,1712,2015,1163
22,161,697,329,196,558,1
63,787,111,433,819,755,137
163,787,2307,2236,2078,2484,1668
36,189,317,497,107,118,1
1,787,3,38,141,261,1
24,74,171,551,49,10,137
76,305,1178,2072,2132,1587,1270
68,673,1440,1065,454,856,348
28,787,30,382,1670,1041,1
116,743,1164,1284,1409,2146,1246
33,21,328,529,462,1012,301
96,195,2083,2180,2321,1889,1641
14,60,21,318,394,1052,1
19,121,579,609,404,483,1
70,555,1468,1802,1093,1311,824
189,546,1993,1633,1657,630,4
102,714,1746,2334,2190,2160,1471
160,787,2070,2261,2343,2040,1279
102,787,519,480,121,116,1
50,164,2073,2102,1836,465,1179
22,23,112,641,527,2521,1511
1,787,3,80,941,2014,417
36,787,184,545,1110,1189,12
115,787,1185,1190,1088,1265,242
103,612,1600,1663,1237,2235,836
92,640,1658,2362,1449,2167,1553
96,158,1372,1525,459,195,1
12,787,672,426,499,306,1
42,787,427,1204,2351,1924,946
117,787,2114,2312,2425,2571,1754
46,307,247,411,410,95,1
147,539,1877,978,686,1039,137
75,787,1285,1283,1969,1741,1107
90,573,1667,1487,657,750,76
111,523,891,1842,1768,2417,1228
10,237,1298,586,1196,1071,106
76,425,1217,2439,2248,1661,298
63,270,952,1363,850,953,348
28,11,106,363,299,80,1
178,787,2278,2517,2531,2542,1765
1,5,383,5,67,38,1
50,25,686,2101,2232,2133,1209
1,1,3,68,11,138,1
68,765,671,1442,2220,1791,1098
109,506,1573,1103,1772,1231,368
125,727,774,882,1678,1563,919
89,510,1781,836,280,324,1
109,502,1828,2188,1909,1525,1394
103,787,633,2161,473,198,137
1,20,287,461,848,1282,425
10,428,1052,1523,1868,1418,903
24,393,1407,1863,1974,2121,1538
29,446,1912,1455,1494,752,1
9,58,330,213,236,224,352
132,744,2220,1229,1859,1431,868
96,621,941,1294,1091,620,823
80,526,1325,2066,2261,2185,1142
1,686,3,27,245,35,1
15,82,276,1524,88,1891,50
12,787,176,263,650,1211,209
1,280,3,172,342,174,2
88,514,638,2194,1693,1391,1217
28,348,131,446,681,2371,727
76,153,1572,1938,1058,1939,1384
130,787,1728,2478,2533,2568,1688
105,787,1123,984,463,564,1
174,568,2301,2582,2456,2544,1727
32,787,1745,690,1277,940,226
24,572,277,1350,1663,1353,137
1,117,3,128,719,1101,648
