72,788,239,568,1924,1165,1518
154,516,1224,1836,1438,603,760
1,788,226,117,106,1327,625
210,788,2380,1500,2474,2470,2296
64,382,752,524,683,1918,900
30,104,905,151,46,65,100
87,788,1284,2043,2233,1272,1656
44,278,1778,2325,1412,444,196
210,788,1665,1570,2159,1347,1221
224,788,2080,1447,1386,928,1479
145,788,1644,531,285,2107,1231
165,788,2384,2100,1964,404,1575
64,152,765,2345,2013,571,2382
82,256,1540,2130,2184,1209,1890
204,320,1448,1515,1175,494,418
58,183,464,787,95,90,259
209,772,2107,1632,1500,1236,1408
23,108,303,281,300,2117,1869
175,631,849,1385,2361,1016,1467
286,768,2465,2341,2047,199,2491
210,772,2322,1879,2051,1367,1720
200,788,942,1227,1988,2404,2328
30,788,1519,1091,90,1694,1748
184,788,1783,1535,2273,2491,2189
254,788,2225,1360,1679,1269,807
53,168,168,631,396,2115,1646
71,440,686,1100,1241,1373,1598
48,788,1135,999,1014,1351,882
170,788,1975,1982,2561,2557,2309
171,788,2430,1031,936,563,350
232,788,2321,2224,2098,2015,1783
85,454,2064,1175,446,1569,860
1,205,167,44,19,820,512
228,788,2410,2145,2344,2348,2409
244,788,1758,2095,2503,1949,1945
256,788,1266,427,607,34,1
133,647,1439,2089,2455,2189,2447
142,730,1443,1004,1026,686,596
191,788,1667,1557,1684,2154,974
122,604,1055,912,1595,1171,517
44,183,714,189,330,1684,2094
102,592,632,432,2307,1707,1328
85,289,944,1156,1006,1447,1026
147,788,871,945,2081,2045,952
142,717,1912,634,1697,1628,751
107,581,1793,2244,1904,1633,2176
115,415,166,726,907,972,1659
133,601,1343,1066,1657,1154,1378
244,788,2113,2228,2237,2200,2002
210,788,2073,1758,1661,1244,2192
119,788,644,815,109,637,149
101,788,1690,402,218,117,88
165,788,1730,1939,1381,1232,1800
141,698,2218,1396,1449,717,805
72,788,1727,892,303,773,509
216,507,2115,1437,1580,1274,1741
132,788,1044,1027,968,286,112
225,788,2058,1288,1769,728,281
62,161,41,299,544,492,278
151,662,1551,1858,1473,1993,1801
139,427,993,2144,1153,2249,1902
210,788,2045,2192,2351,2208,2141
123,788,1958,1253,523,478,284
60,346,827,522,739,1758,1755
133,788,1867,1638,584,446,490
56,788,774,562,1055,2080,868
210,788,1777,2269,1747,1398,1085
197,788,1706,2000,1507,676,1459
182,726,1394,1300,779,742,1396
71,788,660,497,740,37,376
152,788,784,2485,2448,1624,2180
71,437,976,1976,822,516,1613
133,710,1437,1685,1116,2330,1571
119,788,1751,2109,1072,1798,2481
11,82,494,224,10,327,927
170,667,2095,1119,420,216,40
226,788,2071,1379,1303,308,715
161,788,1711,1655,1644,1872,1327
25,517,604,757,259,1034,1923
87,562,473,744,1851,1886,885
33,788,826,221,272,1874,793
194,788,2475,2275,2544,2422,2364
92,788,1215,485,354,50,631
169,635,1105,824,2274,736,357
30,364,287,572,2027,2357,1718
118,514,922,165,82,277,1
133,383,261,1888,1166,1563,1814
109,564,1660,792,1345,2164,1041
56,262,961,1807,216,201,1104
202,788,2240,2539,2540,2366,2403
109,788,1004,598,1095,1325,544
101,788,1620,1916,435,1239,866
65,654,1185,471,1655,1930,1828
133,788,1954,748,1078,1774,982
145,788,2206,2572,2491,2353,2497
13,208,98,687,99,1685,701
67,245,854,773,412,2199,1737
164,788,2164,1157,605,669,718
210,763,2157,1534,1544,857,1028
64,788,1313,641,210,489,1706
191,672,1676,1926,2392,1928,1071
271,788,2082,2466,2232,2402,2348
124,470,1335,1755,1407,1498,1712
126,788,742,2011,1295,1847,1722
53,165,221,376,116,283,84
115,788,1287,1237,1242,329,784
1,376,555,550,496,2216,398
216,788,1254,393,541,1008,128
178,788,1182,1067,2043,1400,1644
44,644,1477,1109,839,28,1154
70,193,412,164,325,263,830
101,474,1099,778,187,952,849
241,788,2485,2161,2085,424,1470
53,458,911,381,364,2129,1546
109,635,1560,1802,1133,390,571
18,21,112,3,127,641,674
190,788,1371,492,803,1059,283
101,788,1582,1509,2007,1157,563
37,113,213,2231,1947,1780,455
204,788,1698,880,717,1480,1495
224,788,2036,2306,1293,774,1763
282,788,2528,2418,2500,1675,1879
142,536,553,691,942,1994,1520
117,340,1032,906,1004,271,1277
133,788,835,1541,2060,716,1048
133,141,1227,1046,901,157,1142
118,788,1006,290,183,1867,266
115,140,449,697,747,384,1214
165,455,1994,681,528,527,1264
99,313,1148,1794,1024,1203,2111
33,64,1038,1580,1336,2587,1732
138,788,2158,1426,1855,1626,1963
138,776,1554,1105,972,1199,1443
105,788,2090,1719,1247,1383,1354
204,788,2376,1750,2191,2210,704
145,788,1264,599,1391,582,75
87,470,549,321,1088,2368,1472
140,716,1280,2040,1713,2362,2144
132,788,819,1036,1351,335,1532
101,421,1356,1971,2332,671,2265
141,736,1837,1526,2172,1547,1146
133,788,681,931,1853,2158,1745
241,788,2327,1470,2215,2017,2008
119,788,830,1125,1509,1384,1355
115,444,480,623,1225,802,659
155,788,2282,2446,2501,2584,2021
124,385,1205,927,1280,2023,986
94,645,1181,675,1222,1074,997
119,290,212,957,2277,2382,1949
135,788,1701,2255,1467,1653,1738
79,536,608,2403,1396,2483,2016
132,560,887,1468,931,2133,466
33,385,305,1239,846,884,959
117,388,1936,1186,974,1593,1120
145,788,458,1401,1433,1734,2137
56,788,639,1600,68,334,213
200,788,1913,1883,1285,306,652
105,560,1536,2108,2401,2020,1835
210,788,2188,2374,1664,2526,2402
152,487,1888,1514,952,41,239
59,788,2417,1911,870,1025,1791
30,455,1071,439,345,1301,1233
210,788,2335,1959,1291,712,310
142,451,1549,701,1639,2127,1744
182,788,1002,1981,1254,1097,1313
197,516,2042,2489,2477,2516,2454
196,670,2278,1537,867,757,1371
44,523,55,108,135,2102,1080
64,271,385,279,398,1496,645
92,788,1935,2336,2308,2376,2338
113,171,278,1170,1049,1138,1263
137,788,2398,1924,2080,1746,1877
178,710,1930,2458,2089,2354,2355
11,268,34,21,638,2300,1884
224,660,2134,1484,1561,2114,1977
91,157,1508,837,899,502,851
134,788,415,237,1061,53,1
36,788,2025,682,1076,520,505
175,788,1221,1146,581,613,757
67,788,809,462,987,538,738
170,788,2546,1688,702,2112,2148
152,788,1315,1301,1264,1101,936
165,685,1966,2150,1888,2323,1989
222,788,2547,2287,2487,1929,2242
79,788,1074,702,2205,1163,1296
91,226,1119,2021,1564,1103,1702
221,788,1953,2546,2284,2480,2207
197,788,2127,1644,1606,1235,2028
94,710,1517,1189,1068,1865,1563
94,671,847,1166,1251,559,1527
105,788,340,233,617,181,1
145,788,1683,2351,2389,1359,2062
87,177,916,463,902,724,447
21,97,264,83,48,1306,14
72,181,633,1216,358,1002,962
97,304,1230,733,322,927,483
148,788,2318,2123,786,577,1650
49,117,152,569,356,895,222
49,788,489,627,778,1679,1093
255,788,2581,2579,2586,2420,2422
145,539,1791,1872,1348,1691,1291
64,788,1198,1381,1205,1295,1802
64,788,185,200,1181,39,1
30,188,1180,827,370,852,31
206,788,2198,1844,1338,1220,771
18,28,85,312,566,1560,887
23,788,224,1164,2485,2326,1992
161,788,1250,1639,746,783,958
184,788,917,1786,1228,2472,1867
81,114,2213,1861,1994,1686,1871
221,788,2168,1593,934,1041,1266
115,344,1083,1767,1210,1805,1282
119,599,1274,1099,374,430,1422
99,788,1145,782,1552,930,1186
91,195,814,433,310,1060,379
162,788,2165,1629,1604,1613,1624
112,697,1129,1577,1051,1849,1880
65,123,133,365,278,1502,946
194,788,811,269,367,400,1
184,788,2085,2006,2217,2088,2132
81,401,1767,1876,1408,2567,2110
117,518,490,521,1326,584,90
81,788,564,54,49,1278,307
148,788,1845,1220,1751,2123,1311
77,329,794,1040,612,883,1248
133,788,2046,1305,1186,2291,1628
119,580,829,1318,709,393,813
205,788,2133,2395,2387,2203,2430
252,788,2078,2208,1590,2251,1548
236,788,2553,2373,2426,926,2006
182,788,2038,1536,1502,1123,1090
286,788,2578,2461,2588,2064,2149
60,330,720,749,315,706,1098
121,547,389,1101,2038,955,1747
119,788,673,1487,1058,1827,1639
101,788,559,593,189,455,774
133,322,619,481,716,702,152
132,769,995,1058,1152,856,481
194,788,1154,1631,1030,1616,2281
146,585,1179,659,871,218,591
133,684,1463,1199,2004,684,585
133,496,590,608,1317,230,135
115,788,517,925,1191,1893,562
259,788,1699,1710,2077,1976,1682
64,382,997,657,551,288,108
238,788,1937,2182,1332,1224,747
94,788,624,684,2245,1066,567
241,788,2271,2376,2357,1668,1751
112,654,658,862,908,87,5
56,788,35,351,75,1808,1034
242,788,2347,2140,2576,2502,2287
91,667,1330,2369,1902,1433,2025
3,142,333,182,304,657,498
5,43,176,91,230,371,172
143,788,2031,1485,1765,864,899
169,579,1908,2166,2065,2484,2387
63,680,1029,2356,2382,2469,2469
118,788,817,1041,989,1448,1177
106,505,1774,938,148,355,6
10,51,465,391,841,2185,322
202,667,1743,2131,2577,2342,2484
101,788,1993,2331,1884,2266,2305
72,309,958,1074,1833,2576,2155
81,436,229,1350,63,1516,1129
79,788,1197,764,2016,169,1348
176,746,2451,1419,1413,642,673
70,337,968,575,1213,1635,1370
91,358,1897,911,422,2046,1742
240,788,2497,2492,2324,2372,1873
188,788,2192,1873,2122,767,1510
91,492,313,266,268,568,124
10,74,254,104,326,606,406
101,788,2114,1910,2422,2204,1976
70,180,290,380,1343,2540,2058
154,732,1479,2045,2391,1355,1954
200,788,2407,2295,2528,2573,2335
95,788,1932,909,2349,649,1568
205,788,2174,1477,531,311,371
105,788,1720,2344,2158,2092,2359
16,59,255,276,21,364,375
71,788,959,473,1908,1603,2009
64,523,1365,1874,568,1519,1153
57,246,1228,1764,1794,2501,2380
125,665,1126,1747,1685,1985,1414
25,480,1354,426,484,1654,846
94,788,1784,331,2435,2269,888
182,788,2313,1965,2259,2265,2240
98,453,674,680,1829,1681,1158
1,24,253,58,226,2250,1097
7,20,90,106,400,569,369
132,409,901,1307,1814,2394,2264
265,788,2529,2337,2542,2286,2446
45,66,223,109,124,511,1001
200,783,2006,1053,1830,770,1107
127,273,1401,1668,1037,677,1623
257,788,2462,1905,1867,2009,2233
161,788,2061,793,600,1121,1409
70,469,669,823,759,698,99
201,788,2574,2414,2219,929,2112
191,788,1858,2098,2097,2153,2193
122,788,1174,678,186,297,864
91,428,2274,2183,1938,262,1111
164,788,2066,2494,2545,2523,2468
105,788,952,1899,1802,1389,2115
199,788,2212,2362,1795,490,2210
119,340,1852,2500,2128,1959,2015
94,788,971,1958,2510,797,1768
225,788,1281,812,1455,1332,640
161,788,2378,1574,1013,588,433
235,788,1981,1733,1941,2060,2237
170,788,2232,1832,954,1871,1973
87,340,302,2039,2269,2232,2406
200,574,2069,2042,1446,836,1807
101,788,365,396,592,81,65
159,464,1619,2261,2056,1473,1824
164,765,1467,1909,1539,1072,895
170,517,2235,2015,1514,931,1236
108,481,1014,1562,1305,1584,1754
246,788,2012,2088,2527,2073,2126
56,262,1217,1086,244,913,909
181,745,2116,1999,2174,415,865
218,735,1658,1895,1848,2224,2039
118,788,2155,2506,2442,2195,1908
101,514,2048,1491,840,96,347
154,404,1124,1478,2461,1507,1382
70,327,71,204,128,741,561
142,788,1282,1887,1426,1511,1920
13,514,1416,1302,178,2375,1874
89,588,569,1241,1406,1701,1366
98,439,1075,1531,684,1251,897
119,352,1087,998,1694,2006,1897
237,788,2345,1782,2488,1912,2005
134,788,1147,1270,1700,454,232
21,666,455,198,984,443,233
220,788,2183,1828,905,812,1506
19,75,357,695,831,397,600
198,704,2319,2238,2386,2419,2373
184,788,1514,1659,1276,1526,1771
243,788,2169,1787,2170,2371,2232
256,788,2153,2482,1435,325,766
204,788,2002,887,1230,526,162
1,788,347,130,953,1890,594
12,788,155,119,559,337,1
119,788,1631,1838,1309,2414,2152
119,788,354,257,481,467,1
99,600,987,1465,1101,2435,2183
178,666,1969,1729,885,1010,1589
152,518,1647,1543,2303,2403,2202
32,681,1256,643,1190,546,1336
68,167,165,405,538,61,87
48,195,560,506,83,1598,1284
1,129,318,272,1719,2549,2453
19,568,36,259,1090,155,36
245,788,964,935,1916,2178,1323
72,169,241,1008,1523,1573,871
126,699,1373,1136,1982,1977,2416
194,788,1388,336,1953,1478,360
178,788,1051,1903,2099,1242,1405
170,460,594,324,110,453,528
20,108,1150,1411,1097,2570,2424
92,366,1309,1184,1750,1329,391
70,788,1269,847,123,422,80
88,664,1584,547,494,486,1
71,402,421,373,522,2531,1234
87,230,207,1560,2044,1901,2098
231,788,2304,1934,2229,2369,1693
164,710,1352,891,2195,2013,1840
184,788,1753,1611,1130,1642,1611
105,683,563,1254,1140,2241,2138
275,788,2569,2371,2441,2207,2325
165,788,1636,902,1147,2284,1039
194,788,2544,2340,2311,1821,2279
81,408,790,1145,2152,1674,1765
133,788,731,1643,1960,908,721
164,788,923,1891,2209,2237,892
256,788,2415,1691,1484,1809,1683
49,302,411,179,171,481,1492
161,494,1338,1841,1952,1031,1612
94,374,1337,470,301,405,700
49,201,321,222,754,2113,1594
101,788,1068,1422,2453,260,1086
111,368,1093,1080,2088,699,746
204,788,1761,2086,1421,1795,2007
1,13,192,120,28,1029,735
229,566,1933,2518,2017,881,491
184,788,1628,1931,287,1118,588
77,788,1204,2185,1452,2550,2298
48,133,904,2410,1985,2033,2330
75,384,524,1780,377,762,1087
116,209,668,342,706,859,650
79,343,1606,1243,1322,903,174
134,788,1942,1180,2495,2363,2026
60,229,209,2368,2309,2524,2477
237,788,2494,1372,1857,2283,1955
165,788,1027,668,465,176,1
164,480,1310,1348,1274,1170,525
12,55,375,156,9,5,208
1,34,448,122,234,1402,789
31,38,72,872,1047,879,783
185,653,1902,2243,2557,1989,2136
268,788,2562,1605,2084,1514,1218
90,788,998,406,207,365,155
259,788,2178,2282,2364,572,749
170,627,2559,2501,2317,162,1538
123,537,1407,1957,1005,1391,1361
25,788,1350,468,1307,1765,1067
232,788,2507,1619,1394,339,1292
106,771,2132,2477,2055,2260,2344
48,153,99,263,366,543,302
87,398,1762,1745,1183,609,957
89,333,889,258,1403,2067,1194
65,232,1242,2280,2201,2478,2151
231,788,2050,2092,1842,1253,1731
148,659,656,803,608,151,23
152,517,1252,783,421,2101,2247
45,176,8,970,556,1672,1352
119,788,1759,2565,2202,1286,2310
161,788,2176,1692,1771,2463,2118
179,714,1750,852,1874,1061,1363
152,788,2060,1285,1410,1210,1065
205,788,2291,2309,2551,2508,2458
1,22,118,76,37,158,214
1,34,153,81,118,1876,1246
58,138,622,529,569,1247,758
91,231,1563,1472,305,14,216
210,788,943,2181,1995,1365,854
87,476,2392,2233,2181,1431,1077
25,37,227,520,355,1503,1124
108,513,1962,2407,2393,2407,2289
210,788,2309,2288,2011,2173,1619
79,244,939,644,550,734,816
18,225,236,399,1813,2103,2290
33,135,988,942,836,1564,172
91,391,1062,1024,787,1488,2129
205,788,1507,1907,2433,651,1447
95,437,670,1654,929,1387,1390
164,788,2524,2445,2575,1621,2187
252,788,2480,2032,1929,1916,2037
119,434,813,1749,1976,2475,1794
234,788,1630,1997,1665,1692,955
170,788,1939,2487,2045,1475,1728
67,707,1132,1460,1822,1375,804
110,437,2022,2298,1163,2076,2487
182,741,1680,1187,2200,2374,2347
81,551,801,1043,621,1752,906
37,383,18,74,154,541,117
77,665,1488,1183,1380,1801,1970
133,284,1457,1110,1501,410,1225
170,578,1696,1553,1265,503,1541
181,737,2211,1683,1656,886,1187
20,719,43,140,371,164,34
95,528,741,228,100,361,450
208,788,1723,2106,2067,2408,2427
53,788,45,424,1087,135,668
220,727,931,583,1136,47,82
37,604,776,493,642,867,501
145,788,756,1051,1782,507,1155
99,788,2087,1954,2469,2086,1458
58,788,1376,1635,2462,2554,2255
133,788,2323,2512,2362,2500,2360
175,588,2298,2289,2167,1634,1604
55,312,521,1498,1235,1921,1473
249,788,2519,2116,2050,2356,2418
174,755,1728,2236,2127,1656,2492
1,638,179,352,308,392,870
133,656,1615,1647,1554,1282,1509
210,788,1919,1126,1892,1599,1047
173,735,954,2299,2160,1894,2197
95,788,1725,1250,1192,604,448
81,570,770,1327,552,305,838
188,788,2394,1399,1704,310,566
48,168,831,694,1275,2579,2196
251,788,2296,2347,2199,682,1502
242,788,2441,1141,777,354,542
21,62,586,157,55,48,465
33,788,772,2390,1081,1579,2221
123,634,771,2251,1946,2411,2278
152,567,2070,845,1629,1800,1827
48,788,2076,2464,1528,1460,1381
178,788,2510,2099,1134,631,922
211,685,2458,2397,2282,2148,2459
132,455,1268,538,1111,126,157
175,788,2387,2559,935,805,470
133,788,1931,635,801,418,269
33,59,57,62,416,276,29
152,788,949,1310,1144,394,541
221,788,2195,1463,897,1323,1075
30,151,396,314,350,2143,7
170,688,1890,1781,2018,956,847
51,145,1037,363,1622,2144,1482
58,293,711,213,198,345,1301
166,718,848,1743,1521,1471,682
142,788,2100,1665,1508,289,61
178,788,285,411,264,419,71
170,667,2182,2431,1344,539,1700
190,788,1433,2012,625,799,1149
156,788,973,736,2029,40,434
205,788,1882,1050,960,1153,872
49,411,191,482,724,1449,1606
133,619,1905,2136,1741,2537,2464
111,761,1133,530,825,1823,1170
49,164,484,932,757,1932,1904
147,788,2055,889,1667,1972,1517
91,788,1405,1298,951,841,785
58,110,247,953,1424,2307,2420
154,692,1213,1589,940,1428,2363
142,788,1501,1244,1411,2270,1167
25,72,219,344,158,1289,396
142,788,1997,1601,443,807,820
118,788,605,553,162,781,172
133,591,1151,1032,393,573,1138
118,387,59,313,946,2201,1649
136,652,1125,1118,1156,51,170
164,788,1318,447,966,1960,1695
44,111,601,212,843,1699,1035
117,591,2265,1933,240,618,1
101,788,909,876,589,2109,1866
138,595,1413,686,478,1419,827
210,788,2266,2555,2180,2019,2495
200,788,1980,386,1626,551,672
48,423,316,620,223,1880,252
171,678,2131,2396,2108,2406,2489
221,788,2239,2522,1859,247,2448
45,341,435,699,1328,1896,1668
184,788,2357,2433,2216,2462,2127
1,19,154,111,357,1713,1648
132,527,566,404,296,1510,338
64,195,692,653,1269,1866,1661
65,788,1528,893,1547,389,610
132,788,1609,2111,2562,1380,2345
133,788,1971,2292,2253,2222,2018
193,630,2034,2164,1745,2038,1550
77,313,281,315,603,1140,442
204,788,1380,1211,2048,1873,449
48,104,1072,1256,689,1379,1710
71,638,1574,1131,1126,106,198
101,276,1170,870,483,2202,21
225,636,2104,1830,1744,1764,1419
6,788,730,72,775,804,212
132,682,2072,1454,1510,689,633
53,733,528,300,928,459,290
224,762,1879,830,1698,1337,1061
248,788,1982,2254,2445,518,1729
236,788,2421,2375,2572,1615,1996
132,616,1096,1219,1159,1953,2343
95,309,1798,2523,1355,2460,2389
142,723,974,715,1119,1814,1798
25,47,240,1815,1151,1184,1704
112,66,737,1964,782,95,1
256,788,1875,2220,1705,1076,923
58,188,402,114,57,26,1
142,642,953,455,2432,2360,2293
94,207,2140,2363,2252,2340,2194
44,788,516,863,1723,1492,1078
116,338,1781,2214,1631,1660,2234
148,234,1735,2426,1099,880,2472
122,433,2018,806,1770,1152,1460
133,237,589,306,872,1974,1776
196,788,1332,856,1062,591,540
121,283,493,731,1625,842,1141
33,78,1019,2460,2429,2439,2313
270,788,2426,1900,2515,1655,1286
176,754,1077,724,1329,996,1055
59,76,44,236,353,1188,684
159,726,1656,1215,695,428,703
147,637,1546,2186,1784,1723,2003
202,788,2016,2294,2220,2172,2398
277,788,2219,2467,2496,2521,2503
44,108,836,638,721,2016,1662
64,358,753,1497,1357,658,1192
195,788,2179,2026,1325,959,2142
224,788,1721,1479,2178,2497,1930
207,717,1710,2316,1974,1835,2324
210,788,2404,2392,1926,1882,2463
186,788,2243,1821,2244,1558,1819
64,547,1639,921,869,427,399
133,257,1347,1854,755,350,77
32,547,275,293,811,2166,611
94,490,758,662,279,660,627
210,691,2504,1761,1837,1229,1189
17,106,38,191,996,1996,301
59,383,1497,1566,1773,1051,248
71,788,918,298,524,378,189
210,788,2023,2153,1702,1202,1536
72,788,2281,2382,2194,2223,2109
178,788,1410,2402,2360,2417,2399
23,133,307,350,343,635,254
210,788,1691,1103,1319,1730,1007
132,788,1283,888,339,1245,676
64,239,582,302,281,715,647
58,271,1034,929,658,2235,1468
229,788,2472,2357,1527,825,1235
121,313,664,1783,1429,1057,478
133,788,558,508,594,322,109
145,788,1425,1075,1155,629,191
95,531,2096,1945,892,16,653
79,410,1095,826,1720,1474,1680
117,570,2008,846,429,896,1817
74,204,1013,720,463,554,1420
109,451,1402,2076,2042,1125,1816
118,788,1542,1314,514,1728,932
64,206,759,1167,800,1931,1752
182,788,1745,2419,2418,2571,2509
72,470,296,311,365,83,592
204,685,1714,752,1246,2079,1795
196,788,1627,2063,2176,1401,1407
49,788,1362,917,1839,1981,2346
205,788,2438,1973,2480,2498,2174
77,191,47,239,837,203,1
125,788,1172,1507,758,772,164
62,294,1811,2037,449,72,837
210,788,1311,1384,1993,1361,1294
164,788,1709,415,2521,1142,1406
99,788,446,770,1146,2118,1696
58,310,1190,622,269,765,111
286,788,2538,2511,2353,2322,2315
126,384,653,1158,681,1936,1928
182,701,1989,2113,678,209,1358
161,520,2466,2545,2541,1459,2047
182,593,1321,1679,903,1137,1586
48,788,199,246,686,1529,741
152,214,979,603,798,309,332
94,584,2339,1929,295,667,1888
70,788,743,581,2297,1296,1359
58,271,1671,910,662,395,228
119,788,1724,2069,2238,2581,2352
204,788,2329,1392,1150,1888,435
133,788,654,161,53,888,471
14,32,126,136,795,1551,516
158,588,1588,1077,809,1035,744
133,480,507,651,321,688,150
242,788,2470,2352,2570,2499,2163
44,788,304,746,1489,2077,2095
176,788,2505,2549,2399,901,861
91,310,1333,1727,1624,2454,2096
171,510,900,639,865,1527,1172
204,719,2059,1686,1084,1309,791
101,788,577,291,1364,761,1429
159,713,842,1144,1566,915,132
194,788,1815,1451,1520,1283,203
92,232,282,1455,979,703,24
53,788,93,317,122,33,1
161,788,1564,1718,710,2156,1950
149,768,1510,551,1179,822,842
210,777,2341,2394,1968,1608,2318
52,393,175,588,990,833,348
173,670,1364,1436,980,441,231
134,690,1576,2528,2224,1343,1474
87,788,417,229,649,1435,219
232,788,2448,1596,392,528,41
218,788,2453,2016,2305,634,1261
106,528,1684,2468,2171,2281,2498
210,788,2418,1993,1909,1556,1561
178,788,1654,1197,2287,2147,1635
207,788,2425,2205,2093,1591,993
91,480,866,428,146,830,713
56,205,424,2471,1663,2041,1440
102,112,205,1868,1340,675,702
91,382,857,445,1950,2503,1503
87,224,596,959,1083,2242,1991
134,788,1903,1814,1783,1903,1556
65,271,203,328,493,875,407
121,283,671,1424,1118,1671,1501
67,788,107,197,1557,172,1
92,154,257,732,633,1410,918
86,188,114,201,565,946,276
256,788,2311,2230,2161,1700,1064
65,407,781,437,97,20,141
204,788,2502,2495,2069,590,765
229,788,1643,1443,1701,1479,1251
114,522,431,705,1038,1225,1395
210,788,1796,2260,1965,1739,2056
134,760,1003,490,732,574,792
268,788,2514,1824,2063,175,295
57,26,514,1142,1313,74,655
53,255,251,2530,2464,738,2117
163,788,1073,457,572,1263,428
122,788,710,514,813,220,78
119,788,1848,741,776,171,487
142,320,2136,574,969,585,178
1,135,338,105,81,1287,730
202,788,2093,2556,1959,1091,1202
33,11,80,95,22,80,115
65,606,1293,412,917,646,971
64,788,980,1006,2417,303,821
142,788,1940,1431,781,787,826
142,486,1367,1000,511,1640,1302
210,788,1504,1456,1286,1187,499
91,185,1138,1714,1070,1816,1647
44,178,95,133,134,816,524
144,787,475,814,2129,1021,719
78,250,861,499,804,367,181
132,622,2286,1343,1870,777,1226
56,788,529,2430,2236,2412,2014
101,290,1189,1382,1108,2452,1580
248,788,2020,1247,1172,1334,519
15,670,495,420,1273,1033,1943
93,241,833,142,593,113,629
133,788,1359,2004,900,1285,1938
64,135,500,1112,246,1790,1116
60,120,574,458,329,133,732
142,743,1469,948,1717,1940,2022
110,219,1466,577,802,463,678
141,550,2010,1524,1261,1810,1454
133,355,926,1489,1245,550,529
133,788,1423,1049,1875,793,352
71,788,170,186,1442,320,147
165,733,1587,1322,887,1951,401
229,788,2160,1947,1761,1559,1713
139,729,1276,903,1767,912,883
160,788,2112,1677,1930,500,381
191,736,1459,2442,2124,2534,2451
160,788,2372,2348,1878,1446,1726
8,788,139,265,1469,237,801
204,788,1780,1987,2563,2211,2239
30,436,1017,1492,4,1651,368
95,223,902,753,999,363,803
33,94,138,101,18,149,20
210,659,1005,1656,1488,2021,2031
1,271,438,31,447,466,113
14,243,391,585,144,414,85
133,788,1538,1542,2457,1592,1276
81,788,769,1273,1476,1942,2266
122,788,1383,1021,609,160,95
182,788,2044,1325,1789,1427,853
192,691,1944,2279,1899,1784,1183
210,788,1381,561,2059,1845,1870
91,517,129,594,391,1330,1059
48,788,311,933,1008,1127,480
32,126,312,308,197,2450,1346
92,486,1312,171,1178,1844,1917
182,788,2349,1628,965,1027,1507
139,432,1319,1795,1676,1695,2044
204,788,1626,510,1628,986,436
244,788,1513,1279,1777,351,1160
134,527,1207,1304,348,720,403
6,16,19,32,38,219,1
17,32,96,449,1040,1455,1730
204,788,1487,780,1687,2002,1207
25,318,69,23,130,236,1
106,367,894,1438,1603,1393,1889
121,486,599,1071,672,1265,1410
285,788,2536,2250,1671,1223,1288
81,788,1243,2146,2291,139,714
188,734,1445,542,700,312,917
1,24,157,149,66,475,319
95,400,863,648,646,595,1430
164,617,1331,595,457,984,207
165,752,2343,1359,2281,889,1412
2,786,461,219,1804,165,843
74,245,724,1367,963,1537,881
170,788,1956,1459,2434,1804,1825
92,315,1589,2513,2225,2486,2455
48,514,1270,2219,1707,2359,2312
65,138,506,2142,1958,1724,2251
179,788,2083,769,850,940,825
106,412,2063,1708,680,975,1591
141,573,1277,1208,741,1452,2100
1,82,97,55,60,810,550
211,788,1535,2129,2039,1472,1570
141,471,1598,2058,2251,1039,1820
142,267,1453,2429,2296,2416,1961
160,628,1136,877,1000,1314,1258
210,788,1419,989,1209,299,557
118,788,2238,2248,2319,1067,1956
197,738,1854,1440,1535,2209,2188
105,788,2079,1983,760,125,527
171,788,1604,2162,1746,60,979
161,644,1272,571,789,602,521
61,200,1789,2044,2137,950,1595
56,421,1770,2047,1025,1189,1015
30,788,802,779,485,2239,1600
194,788,1581,1880,1641,1937,1708
179,788,2094,1061,704,1815,2040
134,788,1412,1482,1250,2030,2217
148,450,1712,2005,997,933,1241
152,788,659,958,1602,2512,2436
30,788,1159,1585,1310,2566,2356
173,593,984,985,1635,270,617
251,788,1111,1351,2333,1032,960
19,74,509,709,1977,2365,2259
25,788,747,580,1260,608,355
29,110,561,310,645,1254,799
240,788,2495,2304,1935,2355,1552
133,231,1621,2497,2243,2575,2231
64,205,15,195,98,407,279
57,162,360,85,409,2063,893
179,788,1945,1713,947,924,1341
49,112,592,607,1296,1905,722
246,788,1156,873,519,1512,534
133,514,697,920,205,91,37
101,788,1663,1819,1536,1369,2131
13,318,284,87,50,514,485
80,788,103,286,1642,827,1084
85,788,362,294,2227,1612,488
13,185,791,153,170,301,877
59,181,358,2198,583,683,775
48,788,2089,800,174,204,306
132,471,1652,2297,1989,1789,1799
33,153,355,416,1219,1721,915
48,303,1418,2053,222,837,1032
145,618,513,1445,1239,2116,1533
178,788,2154,1353,1889,1987,2238
134,427,748,1089,1091,1176,1144
30,788,554,240,711,1568,101
1,17,262,40,698,2279,1537
50,785,187,227,2260,1230,1281
97,314,892,1386,1324,958,723
72,307,1061,1313,1086,1988,2263
172,437,1512,2573,2026,904,2230
79,589,1220,1511,585,302,643
118,788,2234,1667,491,313,1223
164,542,294,2027,1478,911,1610
33,517,530,206,61,3,172
193,767,2091,1554,500,795,1229
106,788,1841,1362,847,747,622
23,99,64,144,78,13,451
1,24,551,35,34,661,383
210,774,1520,414,1801,63,167
184,788,1792,1897,1427,1688,664
45,329,1545,2137,1903,1069,1922
145,788,832,1699,1896,1085,988
133,788,883,287,597,342,1056
94,430,584,1084,948,103,1010
248,788,2561,2534,2526,1255,2485
241,788,2275,2223,2267,1493,646
152,277,2436,1559,2197,1585,869
114,269,1511,973,1238,664,507
204,788,1742,357,1211,100,3
147,570,1164,762,419,1316,1667
133,788,2068,1941,2388,2334,2440
246,788,1790,1846,1229,1745,669
1,1,1,14,1,6,1
117,788,2252,897,2086,2182,710
141,411,466,1116,1772,2338,2390
65,463,68,273,640,2043,106
49,137,734,624,620,847,692
77,166,56,261,347,1962,1760
1,24,135,64,71,2214,1159
64,374,1177,1816,1193,2280,2143
25,788,82,330,766,1102,469
1,1,1,24,23,472,1130
133,788,726,1081,115,1718,691
288,788,2571,1704,1815,941,372
141,788,1573,548,1361,265,236
106,266,585,1661,1161,1148,1758
194,648,1585,2329,1352,438,554
64,788,696,1337,380,93,940
59,562,946,474,476,1445,1188
91,788,194,408,1277,1606,1208
222,788,1009,1147,2179,1208,742
145,788,884,541,1423,146,546
105,788,202,755,1252,111,129
189,788,634,717,338,477,62
118,203,850,143,692,1004,1222
118,408,1130,2121,2421,1710,1626
178,788,2156,2456,2119,2055,2370
147,788,2248,1822,2335,2479,2441
63,641,1387,1284,1860,99,1157
132,681,2203,2184,1755,644,1379
65,331,1040,915,1647,803,1374
133,788,1304,821,939,622,340
25,48,1429,2072,1176,951,1663
224,788,1713,1672,2519,1570,1411
25,410,728,671,453,685,1109
164,788,1934,509,769,69,612
271,788,2576,2317,2412,2541,2200
210,788,2247,2163,1215,628,1076
91,788,468,270,910,877,473
121,723,2364,700,1007,2176,2072
1,408,201,115,2,2246,114
206,788,2487,2267,2322,713,941
72,788,1921,767,437,1324,1480
199,788,2242,1797,1262,1998,716
133,421,2512,1742,1768,887,1860
59,788,1082,385,227,2012,1242
25,457,975,645,2130,1548,1365
52,788,1192,1013,1158,1689,836
120,192,1752,2013,1711,2028,2093
229,788,1386,1835,1463,873,975
89,406,1340,1588,1383,2264,1417
239,788,2294,1711,1581,506,852
65,252,591,633,805,488,938
99,788,1524,1114,2278,380,1508
170,788,2483,875,808,730,1424
56,637,999,526,289,1884,990
118,418,1288,1096,1297,705,497
204,788,2200,1953,1268,947,1057
1,788,61,63,629,2132,45
142,700,1089,515,1987,806,1583
105,618,1171,423,1288,2448,1826
115,788,1286,950,1015,22,1030
37,69,600,323,713,1799,220
49,252,277,339,627,1284,1230
19,711,130,187,955,1119,759
178,547,1708,1695,1669,1870,1785
33,205,616,1121,602,1517,241
236,627,2469,2536,2451,2515,2488
71,459,1053,831,165,1509,48
12,104,701,525,51,636,274
145,671,1186,1267,1614,473,1463
72,359,291,377,152,225,354
93,339,614,1547,816,240,903
119,560,374,1517,436,866,1329
216,788,1258,768,372,46,292
204,788,1754,1262,1294,2001,1964
1,10,62,51,312,2253,586
49,788,1399,1825,2447,2542,2394
156,549,1909,1552,1016,412,958
255,788,2419,2087,2100,293,420
59,295,1674,1663,1464,2466,2184
108,746,1556,1503,2083,1856,2284
25,93,422,464,163,1637,275
49,161,1316,898,1678,2007,2442
57,726,1434,1811,248,1012,623
91,675,1857,2521,2023,2244,2191
24,61,244,438,631,192,579
133,540,951,1191,1918,2155,2089
11,153,89,34,33,30,1
145,671,1648,2470,1858,2217,2450
132,788,1623,1056,1690,2328,2011
89,363,677,430,405,945,1386
105,788,1474,1078,1530,1363,1136
147,518,1045,1252,1259,255,727
113,334,1515,1072,1756,1813,1017
25,788,520,88,893,76,227
33,231,263,673,113,860,503
71,589,761,517,1637,1038,1285
78,261,645,2056,1576,1457,1674
65,81,92,512,177,112,199
123,788,1406,1884,853,1775,1531
115,788,2250,1914,2036,1003,1054
1,7,58,11,40,1408,570
184,788,2293,1752,1044,1376,1439
49,788,1442,2196,2406,2277,1631
153,736,2205,2570,2505,2275,2421
110,788,881,1242,785,1409,1660
178,788,2558,2557,2497,914,2166
62,163,689,832,2290,2141,2326
200,788,2289,2313,1533,1476,1809
85,252,1050,1085,1073,1779,1434
74,71,81,1011,712,282,224
23,37,280,440,153,1131,818
137,788,985,1595,1096,1947,844
6,478,13,150,1425,840,365
25,133,617,112,93,15,1
179,788,1328,1496,1582,1565,2102
114,788,978,693,236,869,432
123,571,1650,2574,1682,1464,2280
20,12,28,180,202,850,72
81,438,1327,1370,820,2072,1830
175,420,1023,754,891,1281,1139
65,788,1641,1625,1454,831,1854
81,132,1486,1093,1020,2509,2160
114,488,1809,1791,1001,104,1622
23,788,1475,1308,86,1848,1199
134,788,1703,2008,2210,1950,1852
268,788,2422,1409,993,163,770
99,788,409,838,1574,1395,1876
42,121,1020,1932,360,267,74
284,788,2207,1818,2299,1829,2125
1,5,12,9,45,973,1215
99,429,511,413,92,244,1
164,788,570,2126,2314,1627,874
101,788,667,1376,664,1604,475
182,788,1965,2246,1775,2053,2385
189,788,274,1452,1861,2191,2101
48,82,1063,2484,2132,2093,2153
242,788,2338,2427,2423,1961,2252
222,788,2548,2569,2556,1104,1958
95,788,481,886,1885,532,297
102,788,723,1045,1949,1572,1072
92,686,1322,737,497,154,752
119,788,2197,2393,2463,2058,2482
142,301,1625,1778,1398,2288,2429
154,555,859,1026,1129,2104,1900
19,15,4,250,88,372,1368
1,206,178,107,648,2078,1364
178,788,1544,1694,2323,1693,1385
151,558,2054,2491,2458,2271,2086
147,681,2297,2537,430,1482,2105
161,788,693,1269,2091,579,361
105,788,780,535,1128,105,98
25,370,757,496,482,679,423
210,788,1645,2544,1749,1160,2147
72,788,1369,1357,1906,261,896
32,378,843,218,204,791,1082
19,86,335,38,660,964,410
44,517,1843,1813,756,2008,2075
148,788,1195,1952,1936,1578,1698
133,597,1494,1546,1372,1897,711
145,666,1973,2444,1758,1794,1774
79,696,2403,2028,2326,2268,1808
30,63,42,160,42,1759,440
178,725,2118,1113,719,681,1145
106,788,1108,692,944,1020,1268
159,788,499,740,656,332,171
109,752,868,611,1462,1297,1330
79,498,1339,883,2320,1954,2243
72,788,1285,1735,1505,2444,2204
133,788,1233,825,362,746,32
119,104,641,907,576,1083,1838
33,788,408,2068,1933,1643,331
44,54,369,1499,961,693,1587
152,788,380,868,247,300,210
259,788,2526,2188,2580,2551,2449
48,560,1307,124,129,8,172
200,479,1961,1494,1673,1826,2321
79,113,272,785,35,442,1
72,788,1345,2455,2395,1259,2185
37,298,180,1842,1009,1530,1883
145,788,1049,1848,2138,542,2276
156,788,1261,1937,2363,1833,1975
204,788,2171,2420,2492,2311,2253
145,788,1700,839,1927,623,489
60,411,350,353,564,707,504
158,299,2230,1590,1517,1288,1373
64,88,760,913,257,1262,933
243,751,1295,2067,1753,2228,2383
65,788,394,128,1526,612,693
105,450,628,168,408,581,1
214,788,1998,1122,1418,1252,1148
190,788,1167,899,164,1341,1105
34,317,101,215,659,1178,1845
152,683,1838,1341,2340,2309,2349
236,788,2442,1979,1817,2303,1572
77,608,1115,1106,748,2299,2106
95,638,1814,1697,2334,1837,2076
1,788,795,579,725,2585,1749
132,643,2103,1383,1141,1538,889
141,624,1531,1540,1374,1645,1967
30,76,453,356,1754,999,1641
134,519,1349,2462,1586,2282,2084
32,65,252,434,44,968,9
64,788,834,475,1910,1213,153
44,102,48,39,176,231,786
1,33,148,6,261,1470,1019
102,485,387,1048,930,1704,1049
175,788,2129,1823,2102,1403,1343
9,515,627,655,156,71,533
81,89,128,435,824,1535,1243
48,84,60,118,5,109,1
95,457,1870,1225,532,1416,1050
244,788,2019,1387,791,858,409
1,9,151,68,76,1515,787
65,101,146,688,39,128,19
110,663,1716,955,1672,1706,1690
122,527,2185,1587,1584,2091,1620
122,559,1805,2073,2484,2233,1736
245,788,2508,2046,2476,2451,2267
44,188,88,137,58,173,261
99,358,844,1637,507,846,763
74,213,346,354,534,140,343
221,788,2264,2014,2113,862,794
48,788,1929,988,925,122,133
92,285,865,1476,1171,2319,1432
132,788,879,2405,2407,2453,2283
119,788,1655,1033,2155,1357,349
247,788,2402,2023,2404,2474,1901
30,353,789,252,331,722,1555
133,576,1473,672,359,62,1
1,337,869,431,24,1007,615
123,788,562,1299,1645,336,305
133,781,1951,1731,1575,643,1101
33,788,678,226,586,519,382
132,788,1915,1363,1838,1915,1887
133,487,2496,2566,2076,2432,2256
156,279,134,384,401,147,44
57,116,703,858,1529,701,614
31,138,197,202,440,653,514
141,788,1141,1582,1831,1740,1489
16,483,508,511,89,907,1173
25,788,738,600,1621,1166,1640
79,788,716,723,2231,1883,1073
133,788,1255,1355,1216,67,247
48,788,550,1400,1967,1117,464
124,788,1385,2062,2400,2290,2411
71,106,781,941,213,544,855
234,788,1977,2469,2264,2455,2490
192,666,1974,1853,2398,2181,1962
210,788,2261,2303,2571,2345,2425
133,788,1840,937,461,57,258
58,788,779,776,530,1731,712
218,788,2342,2379,2175,1990,2215
189,788,1500,1410,527,818,1256
119,614,124,301,876,800,194
85,170,763,978,424,290,225
141,788,543,1282,1819,1554,1037
157,456,1877,1886,1282,851,1526
72,788,1991,2158,967,1257,1272
33,788,433,210,1074,1120,172
91,788,1379,370,179,167,1
48,788,1064,1502,858,1193,1868
99,116,532,1757,1677,1414,878
122,788,502,654,610,264,537
184,788,2146,890,231,515,394
119,410,1833,1423,643,1650,841
48,235,572,1002,313,524,389
151,506,1572,2179,1558,1037,1512
79,313,825,1583,1803,2316,2079
30,188,242,441,212,1483,1103
46,781,1577,425,2346,2349,1491
118,788,459,247,1592,18,298
119,659,1404,994,1577,721,28
12,788,441,53,459,775,52
264,788,2032,1980,2372,1211,753
117,788,2314,2409,2270,294,1597
91,788,437,1268,2306,1346,601
86,788,858,632,211,398,205
48,122,293,640,517,1791,1596
229,588,1653,1771,1549,1494,2020
184,788,1247,1005,2538,1313,1652
178,788,1529,1236,1041,740,441
140,788,487,1862,2075,1618,1750
9,95,642,146,125,1231,973
110,788,1246,956,1779,759,1504
117,788,948,591,557,242,419
119,788,2287,1397,1236,1238,1020
220,788,2437,2493,1862,1156,705
121,296,1344,1820,1039,828,1389
194,788,2269,2114,2006,1174,1115
230,778,1868,2332,1553,1665,1137
225,788,2088,2335,1913,1716,1762
188,788,1306,2083,2502,2370,2431
240,788,2444,2272,2374,1077,1855
210,788,2433,2378,2343,2441,1959
106,380,1378,1505,792,983,1318
205,621,1850,1809,334,504,166
1,78,1219,26,14,917,479
242,725,1785,1740,2356,1192,460
112,718,1733,1258,1796,1546,762
252,788,2521,2515,2090,2467,2303
268,788,2533,2334,2143,1581,2168
269,788,2572,2503,2589,1204,1369
1,1,1,17,12,2120,675
200,705,2457,2540,2547,2097,2052
59,459,874,1278,1019,197,1106
148,788,1558,2435,2574,1850,1206
112,325,1415,1978,1591,1644,1083
45,137,652,487,1611,1443,1387
106,410,2024,2385,2325,1594,2476
116,354,1317,1151,1301,2337,1193
81,314,1427,1255,1138,1875,2378
37,490,745,786,571,1771,1488
110,788,1927,1523,1659,202,413
261,788,2381,2474,2166,2401,2064
67,510,556,459,445,1312,965
165,788,1149,539,830,1053,1267
23,52,211,166,829,2318,1837
203,788,2217,1725,2256,1348,1841
70,421,1548,1246,819,1219,1168
210,788,1757,1768,1244,1968,1616
126,274,1810,2399,2531,2543,2480
30,65,120,238,101,1290,778
184,673,2383,2127,2413,1766,2032
87,490,110,760,1077,2553,2099
191,698,1990,2434,2280,1846,2027
161,788,2267,1689,764,1439,1717
156,788,1223,1391,1613,695,273
91,358,1395,895,875,2245,1984
105,614,1253,1556,1869,1583,1312
210,788,2255,1165,1798,482,575
165,788,1297,1532,1031,583,92
37,65,104,43,30,423,649
219,788,1787,1025,1444,1303,265
64,788,1361,534,200,179,42
242,788,1976,1194,851,206,916
184,788,2399,2576,2328,2442,2401
200,788,2325,1865,2504,2465,2123
21,448,718,366,1067,749,809
219,788,2566,2411,2380,2331,2261
91,696,875,618,1607,1525,539
91,572,1602,1371,448,1881,1317
201,715,1788,1035,1202,1544,1024
110,219,1368,1007,438,898,1464
86,98,676,997,611,1014,619
182,788,1116,758,1445,1168,1664
220,788,2246,2293,2235,750,991
106,675,983,80,103,1318,555
182,788,2355,1869,682,156,238
91,659,1862,2510,2367,2215,1433
133,437,1580,1174,1023,792,1295
70,306,1134,1448,1356,938,1831
184,788,2568,2225,2381,195,1780
79,434,950,1290,193,120,796
145,455,610,819,628,1726,1331
115,788,1534,1417,1556,2252,1676
99,788,1366,1613,874,853,994
182,733,1949,1226,1776,1999,1779
1,79,231,41,54,382,309
32,115,288,1961,1674,508,776
33,332,125,254,1378,1468,1112
133,788,310,926,363,1293,835
172,788,2346,2315,1866,1975,1777
19,3,9,94,77,257,393
133,679,1052,844,1032,1146,603
22,60,173,333,637,198,717
202,788,1715,922,563,1748,1143
56,788,1807,743,150,38,304
188,788,2467,2490,2516,1490,1494
77,384,1485,1169,173,97,569
118,667,2302,2361,2101,2162,1903
79,788,1043,667,742,1889,1135
102,502,1225,1221,1962,2278,2017
95,293,823,1283,2071,2520,2428
197,788,2130,725,2338,776,1471
132,297,713,479,394,75,140
106,570,2492,2141,1816,731,2001
171,663,1024,217,657,906,138
115,327,1846,1522,1652,2151,2320
222,788,2539,2437,1834,1552,1582
117,788,1458,1209,201,1854,1344
156,766,1102,1812,2058,1319,2205
148,249,812,794,1571,35,482
204,788,1896,1245,2467,727,806
64,374,531,1010,1578,905,1472
95,473,1685,2193,2475,177,2182
84,211,1363,2191,1546,1340,2080
105,788,265,461,384,1079,1691
94,132,643,267,390,1971,1719
267,788,2564,2274,2121,2301,2250
132,190,1740,2035,1808,2292,1540
72,307,1097,208,167,274,197
246,788,1959,2149,2030,1629,1694
115,788,1165,2031,599,1715,901
133,351,442,1111,1278,1687,1477
242,759,1873,2199,1715,2149,2085
70,788,906,2447,2240,2196,1496
133,788,1440,2542,904,985,1461
156,521,1472,2049,1762,1636,1070
1,788,300,50,596,566,172
12,5,86,47,59,295,1
170,487,1808,1608,1668,2057,1911
152,788,1143,1133,1503,1129,531
252,788,1756,1555,1791,1044,1250
197,788,1668,1994,1243,2361,1557
122,788,2009,1365,2368,2034,1608
133,788,2427,2453,1689,1838,1998
283,788,2532,2328,2396,2206,2322
113,471,1985,2105,2449,697,1701
33,45,25,501,540,2395,2408
64,788,787,327,327,1167,1012
91,607,534,422,1029,673,51
200,788,580,491,175,89,296
65,82,426,1974,1064,2119,1997
79,788,1906,1029,411,485,1
48,360,1360,1306,1951,2389,2504
109,788,1041,1271,2460,498,859
178,582,2253,1427,693,2333,2229
286,788,2516,1495,1856,1268,1438
241,788,2351,2229,1799,2447,2045
194,788,1608,1525,1900,666,564
176,788,2097,1222,1148,1648,1022
1,450,880,211,29,1555,996
152,788,2361,2324,666,1212,439
242,788,2443,2355,2352,1868,1844
189,788,2256,2476,2141,2183,2274
232,788,2500,2156,1849,1421,1486
70,91,33,558,250,346,286
1,24,326,61,306,2024,1456
210,670,2358,1088,854,1054,1200
237,788,2315,2213,1984,1761,2042
31,788,286,1567,1103,1258,978
244,788,2531,2301,2559,2373,2391
178,524,1355,708,1027,1304,1275
202,788,2007,2033,2112,2003,1319
210,788,2074,2257,1846,499,1968
119,324,2163,1281,140,373,392
1,107,295,132,320,456,356
182,740,1773,1991,2095,1413,2201
210,748,1329,1673,807,614,55
220,788,1924,1575,676,596,1079
59,216,504,322,949,1887,964
113,242,382,113,1052,1589,513
87,85,803,2290,663,2225,1689
30,618,234,304,1648,2083,1529
279,788,2413,1908,1797,2391,2433
268,788,2530,2064,2313,1991,745
196,788,2106,592,1499,1019,404
241,788,2236,2300,2336,2315,2150
219,752,2575,2550,2377,782,1980
94,719,914,1148,595,208,126
19,139,49,48,206,1802,1357
1,13,149,27,87,1115,949
99,556,301,1328,1513,1682,1617
1,788,169,20,1080,1939,1935
113,212,474,2252,2046,2018,1304
167,629,1109,1599,2142,992,1265
92,788,1057,1803,2405,1632,1031
170,788,2141,2285,2286,1767,1784
57,134,119,174,254,166,416
95,425,1273,685,1540,788,1485
67,373,84,253,677,700,362
148,788,1210,848,159,132,334
216,768,1835,2060,1998,2440,2124
218,788,1518,1775,1766,1923,2212
87,350,348,533,796,994,1347
70,303,271,139,64,58,597
133,788,631,619,137,385,1003
115,788,2167,1666,2222,1984,2071
91,195,907,612,546,1738,688
244,567,1633,2210,2339,2184,2332
86,247,1294,1434,1894,2192,2273
262,788,2226,1951,1368,1198,1576
110,788,1122,1407,1267,522,1642
106,614,2001,2174,2212,2492,2445
194,591,1984,894,2037,1820,2036
81,517,2237,2009,1764,1291,2371
182,775,2273,738,1570,253,950
103,573,822,582,432,2285,1759
164,788,1880,2459,2529,2381,1686
211,788,2452,1690,1970,1155,1699
101,788,1506,590,431,630,926
94,395,269,158,262,187,1
133,313,1557,2148,1617,2128,1995
188,788,2525,2327,2506,1497,1822
32,788,325,316,675,1553,1815
17,77,172,90,793,2379,1006
196,788,2221,348,1778,1662,13
152,644,1817,2093,770,2350,1545
171,788,2308,967,1532,31,107
133,788,1812,878,1726,813,324
75,175,324,528,184,235,733
179,612,1891,1930,1921,1522,1401
142,471,1899,1645,2140,1639,1836
56,277,712,320,219,674,211
105,788,1127,820,543,943,326
133,788,1481,1928,1852,640,1528
118,788,799,1349,823,1052,734
95,383,571,798,221,84,1
228,788,2306,2202,2149,2320,2055
205,788,1492,860,2109,557,1228
53,165,1025,710,1419,967,606
147,534,899,1115,1018,449,173
71,239,749,1461,1572,1182,1398
145,788,2463,2401,1827,1321,690
112,472,773,1885,1453,1729,2067
148,788,1898,2562,2414,1935,2000
1,788,1008,765,1003,1270,556
127,613,2231,1962,1923,2358,2041
169,788,1444,460,1201,98,1
184,659,2077,1231,920,1891,2121
30,27,5,145,47,243,630
229,788,2303,2036,1516,1772,515
220,788,2431,1097,1826,617,1
79,108,454,615,1035,744,277
160,788,2161,884,2318,480,139
59,160,186,231,499,949,1210
94,788,1358,1017,1379,2220,1560
87,206,373,1330,2014,696,729
101,788,598,1972,1481,1217,1607
86,261,1530,2206,273,2205,1342
119,239,685,2277,1362,553,565
105,560,764,374,454,370,493
79,133,479,1295,670,1150,848
47,197,1046,1162,2147,2572,2216
201,788,1590,1493,635,326,190
94,638,1525,2529,2211,2559,2133
204,788,1088,1388,1167,200,1008
53,550,250,292,253,987,1322
133,788,1462,284,1660,1683,271
164,788,2434,1678,349,1352,444
172,788,1397,751,492,1172,374
192,788,1640,2170,2347,214,289
119,788,2324,2436,1658,215,1421
119,788,1039,1090,650,145,934
273,788,2446,1182,1708,1914,1621
67,331,735,277,1069,232,1121
25,23,6,110,31,711,520
75,417,246,713,1573,2054,1957
33,132,370,729,333,413,754
188,788,2522,1890,1290,2261,2033
71,788,579,280,1480,2421,1174
133,281,1104,2139,1793,210,824
196,788,1526,1612,1945,882,1201
59,184,393,597,182,1018,22
218,788,1917,1154,715,226,146
133,400,733,1230,743,431,637
133,423,1613,1839,641,790,1952
133,697,1375,990,736,2111,1711
160,711,1886,1488,1991,1275,1979
25,133,323,175,20,1,1
94,788,1206,2496,1565,1595,1490
19,31,1240,1624,1743,1444,2244
269,788,2056,1753,1028,819,193
110,335,491,677,1107,2174,1191
147,637,2065,2291,383,525,1326
127,345,729,2273,2261,1652,2078
104,614,806,1428,1221,1787,1457
52,103,547,1059,382,1396,328
182,547,2139,2472,2000,1602,2145
178,788,1894,1356,1843,1108,1428
72,417,606,1333,1675,509,1521
23,37,23,230,243,2536,1665
81,788,1605,1014,956,432,410
274,788,2586,2588,2590,2068,2499
141,739,1237,1458,2276,2518,2426
190,788,2193,2548,2241,2343,2214
148,788,2109,1852,1404,517,351
121,788,535,871,1428,1411,590
164,710,1634,1603,1494,523,1094
152,788,1568,2258,1485,899,1535
164,788,1553,2160,1249,2287,1881
148,310,821,1178,368,2052,823
112,788,1168,939,1483,575,1185
94,405,578,162,456,401,1716
110,788,1059,829,1203,1712,767
94,118,607,1805,1555,2424,2226
162,677,2334,1630,1971,2186,1515
124,459,864,976,462,826,395
10,172,519,739,774,1040,1063
115,788,1766,914,2489,2194,2270
180,328,2117,2381,2052,2049,2291
30,788,436,192,720,479,1
232,788,2180,1063,2221,540,1320
222,788,1794,2001,2494,2392,1941
91,788,1305,879,726,865,1126
49,174,364,232,294,196,1
1,788,1303,84,601,49,16
197,788,2011,2413,2094,910,2108
133,217,1173,670,1650,2157,2351
154,693,1334,1329,2068,2400,1271
95,489,853,1042,1680,1099,545
11,191,518,131,282,530,985
37,76,63,147,185,1179,122
138,530,1616,1875,1281,2219,1990
244,788,2270,1618,2465,2473,2167
161,788,1795,719,1818,690,1123
83,361,542,727,1390,2383,2432
1,25,309,184,208,36,192
33,788,1007,2165,962,2304,2203
175,788,1666,1296,1542,1200,411
206,757,2292,1774,1120,291,175
196,725,785,507,661,890,405
176,447,2353,2532,2520,1722,2248
94,719,962,1346,1377,2039,1846
134,651,478,199,112,222,1
59,547,1231,1963,2185,2295,1812
105,788,545,874,2025,764,1523
170,788,2481,2321,2115,1895,2500
115,788,837,1276,267,54,1
121,374,440,453,172,533,86
170,644,2067,2055,2031,1641,2116
67,527,447,1094,1114,1969,2222
106,296,1601,1418,971,1678,1769
184,788,2369,1287,838,272,810
210,482,1646,1214,266,1513,1237
57,381,820,816,505,754,187
30,58,156,1722,573,733,79
152,286,1160,1626,1511,2427,1204
211,697,1749,1754,2385,977,891
231,650,2509,1984,2350,2256,2139
92,608,1722,1701,2383,1345,1940
79,545,573,556,1063,2243,905
224,788,2579,2589,2587,2169,2475
112,326,717,2157,1350,2548,2501
210,788,2199,1277,1123,347,54
70,79,406,78,194,839,410
81,788,1325,397,111,487,856
161,788,1859,1799,1880,547,911
53,135,87,369,105,1934,1688
32,155,83,141,237,123,35
190,788,2350,1829,2035,599,223
148,788,1797,940,133,344,260
276,788,2283,1344,2096,1711,118
177,779,1199,318,856,726,943
56,59,470,256,309,1228,390
139,357,1986,2122,2439,549,2038
1,7,73,77,69,497,725
200,788,986,573,1054,784,687
147,667,694,1792,2415,1885,2169
30,788,567,2333,225,2257,1978
197,788,2191,2178,1835,1197,1865
129,577,1455,1171,729,314,768
94,437,2005,1467,1017,576,442
1,104,583,98,52,1358,707
57,441,523,1573,923,2429,1584
56,240,445,225,239,794,443
194,788,2488,1533,1233,250,1818
204,632,2254,1640,2188,1524,976
39,222,332,484,1065,1349,1367
148,788,289,602,888,191,1305
94,697,1194,584,190,445,1
133,788,1679,1859,879,1588,1423
255,788,2554,2359,1457,633,1349
246,749,2513,2543,2490,1533,1418
91,788,739,127,1050,150,172
8,7,24,19,56,273,1
133,354,1669,2112,2125,2580,2362
218,620,1578,1860,1447,815,831
116,449,804,1129,2001,2165,1789
118,560,2037,1986,2411,1541,2412
133,788,2029,1789,2087,1485,1592
181,788,2356,1309,1415,1084,1340
99,446,1763,1681,2292,1666,1939
106,788,816,347,1468,338,267
188,788,2549,2128,1605,801,1657
82,694,533,285,1560,510,942
29,30,344,60,855,1107,1127
127,248,568,2222,2554,2446,2474
196,788,2021,2217,2073,1862,1948
20,31,377,223,263,229,206
79,219,1450,2554,2584,2530,2417
202,788,2560,2271,2533,974,339
197,788,2406,1143,2186,1207,1338
229,775,1118,1651,1670,256,245
183,788,1226,1943,509,620,876
110,788,1202,1286,2359,2413,2294
210,788,1579,1620,896,710,195
244,788,1732,557,529,102,1
221,788,2110,1615,1125,1234,781
289,788,2587,2585,2569,2031,1475
194,659,1736,1988,404,691,1
172,788,1516,1442,2543,2545,2164
4,44,122,116,136,665,454
207,788,2391,1720,1718,1216,1627
1,364,476,25,1353,12,288
1,14,164,56,8,228,172
205,752,1979,1901,2239,2438,2140
70,445,824,1332,490,735,1036
133,788,2111,1393,1948,989,576
72,696,1617,1975,1207,2247,1547
277,788,1470,1641,1640,1945,857
105,119,1263,836,501,452,879
133,659,2405,2450,2454,2105,2404
232,788,2162,2101,1973,2084,2159
133,788,2268,2367,2553,1817,1893
173,752,897,1315,2242,1000,967
79,562,709,1548,1785,2560,2059
79,589,1292,885,283,1462,1216
114,280,1887,2415,2107,1673,2224
190,788,1864,2454,1873,2289,1895
252,788,2124,1340,2072,131,426
101,788,1561,650,1306,1173,285
210,788,1820,1798,2177,953,862
132,422,1565,1902,1493,1028,508
165,788,2563,2448,2337,2485,2457
123,788,1191,774,881,1294,907
79,429,1878,1394,1314,1938,720
252,788,2527,1851,1472,832,1633
169,788,1583,979,1448,655,268
196,788,2233,2400,1071,341,1280
101,788,1216,448,749,1292,522
211,788,2414,2253,2450,849,886
30,193,283,79,1732,2471,430
188,788,2123,1229,832,1226,947
81,788,214,36,290,44,1
86,212,477,1338,1461,2095,2228
112,788,1235,1073,474,834,315
69,392,1110,596,619,420,333
99,557,840,1806,2410,1658,2048
242,788,2337,1877,2301,1143,1516
64,141,782,1473,203,1221,983
109,149,238,1120,669,1336,984
72,788,1801,2547,1524,1720,2314
49,40,52,901,697,601,1
134,457,472,443,763,798,363
270,788,2382,2438,2302,1910,2162
71,352,587,1420,199,2562,904
189,562,1819,1772,1543,2240,1643
122,788,1521,1721,1920,375,142
8,6,22,10,280,1366,270
44,788,1341,983,256,324,218
91,185,196,1700,464,189,621
92,788,1176,578,1359,1819,1253
145,788,1567,867,1184,1454,1847
108,287,903,2159,859,610,1886
81,627,1372,850,834,965,726
56,517,688,904,1854,1742,2128
184,788,1775,1796,992,556,1092
54,138,215,450,344,1026,131
202,788,1771,1317,2207,2254,850
1,42,460,138,351,1133,249
132,722,1300,1378,978,1575,1393
173,557,2040,2509,2444,1796,1675
106,638,725,1130,932,1112,898
37,560,398,478,276,1273,626
141,416,1146,1944,2321,2190,2341
58,788,259,235,570,1068,1543
221,788,1755,1650,2136,1877,2257
92,271,920,552,735,42,110
117,788,2122,2169,1541,1545,1162
23,788,46,148,385,211,47
87,352,915,2406,2262,2415,2262
200,728,877,928,455,369,58
12,13,76,4,84,656,200
115,228,339,843,318,2125,1178
161,788,2151,1529,1185,1110,461
145,788,2445,2551,2437,281,2249
122,621,1178,1915,1594,2449,2334
33,153,268,949,922,2324,1247
133,788,969,1471,2327,1980,2103
101,570,706,1104,1334,2255,1605
151,788,1251,1906,2206,1967,1733
242,788,2450,1561,2151,1925,1849
11,58,65,37,74,855,1
191,788,1904,1996,2513,2146,2414
1,34,319,99,245,321,172
138,709,1876,2364,1760,624,2030
242,788,2565,2580,2567,1397,2316
25,8,17,361,13,469,243
164,788,1834,652,1312,961,530
118,788,1384,663,311,1063,56
18,111,204,609,1331,2546,1043
99,267,595,1108,1109,1735,1476
71,788,428,129,145,359,317
49,252,399,1539,542,403,538
161,557,2228,1904,1033,377,968
133,525,1239,560,521,619,10
110,235,841,319,413,692,560
207,788,1883,2319,1847,433,834
106,455,413,163,604,319,25
87,196,1468,1336,504,296,873
254,788,1824,1870,1716,1782,2066
188,788,1446,1261,1497,1241,782
133,594,838,961,2148,1859,1709
216,788,1461,1200,2002,753,802
162,508,1612,987,2061,2075,2130
105,788,1036,2452,1458,1368,1985
91,277,217,329,1075,1458,780
118,788,1169,1274,417,920,1132
25,57,78,173,539,918,696
192,788,2052,2308,2204,1350,2092
250,788,2395,1871,2375,1755,910
207,532,2003,1265,1841,1898,1558
182,788,2014,2488,2384,2227,2467
200,556,1957,1967,1234,1506,1289
133,591,2416,2533,2537,2306,2443
211,788,2150,1675,1431,1520,1232
71,40,635,1212,1409,1948,1806
173,788,700,1404,806,1237,1060
70,130,581,2377,2034,2327,2297
94,437,1296,1569,780,2050,1161
195,394,1058,1291,1666,366,182
145,638,1786,1402,1490,1958,2060
170,764,1799,543,319,1186,1209
256,788,2359,2388,2162,1523,1184
87,349,715,483,215,808,580
219,788,2119,808,2272,1354,215
236,788,2149,1765,2552,1956,1906
138,575,1289,1352,937,1614,1213
60,431,292,309,723,7,634
95,615,1424,919,1272,45,242
190,788,1523,1195,1441,127,134
29,484,183,1634,2057,1785,2073
110,788,1214,2176,1725,1617,1971
119,638,1505,841,406,1056,1156
79,788,1527,532,516,529,421
42,237,273,245,328,1261,437
115,788,992,410,17,70,1
133,788,666,1610,1600,1456,1029
134,763,651,2216,2295,1064,1299
122,788,762,1446,2408,2037,1715
145,547,928,2265,2165,2236,1946
234,788,2216,1730,2003,2263,1654
218,788,937,1153,973,1982,69
178,788,1562,1726,2218,1900,972
112,399,1451,1756,1292,1141,1356
133,602,1489,1581,1370,809,698
79,133,381,1739,241,991,660
161,572,349,716,1898,2312,1987
1,4,3,13,120,21,89
1,79,140,29,560,1017,559
205,788,1803,1510,1347,379,1009
37,75,456,537,790,24,316
52,535,181,255,168,108,388
188,788,1491,1866,2550,2496,2342
188,788,2105,1992,2293,1955,1892
147,681,2459,2498,2420,1667,1929
210,788,649,854,835,1049,1089
101,263,2000,1190,1608,2126,500
19,788,996,465,1389,159,1932
16,53,2,100,233,678,651
132,788,1142,1202,2040,969,815
58,294,356,606,477,152,1052
229,603,2101,1449,1627,670,1630
152,788,1452,1416,1011,1714,1677
214,731,2026,2422,2473,2234,2466
92,788,1964,916,1375,829,1705
179,788,2515,2201,2471,2459,2473
1,10,131,97,149,2588,1577
118,788,2092,1544,772,954,402
94,523,1114,968,750,1946,582
132,750,1689,1738,1430,871,1573
119,788,2214,2538,1460,168,1925
232,788,2455,1734,1787,659,1823
91,788,1635,555,1308,59,313
53,108,66,65,126,224,1
173,788,1464,489,866,391,136
141,556,873,1039,1115,1339,680
99,336,2258,2284,1724,626,1684
127,300,732,1159,1477,537,380
32,638,663,183,1284,1997,658
142,788,1769,2354,1612,2428,1981
72,234,1688,1037,472,170,244
33,205,618,637,668,1048,755
273,788,2429,1773,1752,1370,1986
141,579,1389,853,181,752,291
269,788,2340,2310,2522,1504,1569
80,124,740,796,817,615,1045
101,788,2099,2449,2223,2591,2496
118,788,1493,519,265,285,330
93,282,184,822,745,501,169
190,788,1248,735,361,897,1
61,488,410,730,1124,2302,1862
140,561,1042,2259,2131,2027,2396
101,156,1950,1579,2118,2458,1805
37,109,147,1604,714,1466,2171
121,635,1244,1950,674,1943,1436
233,788,2464,1892,2049,2187,1314
58,477,320,360,131,429,743
131,788,940,881,1850,874,458
31,410,379,203,943,835,1287
148,788,525,1977,2430,2152,2246
1,82,216,82,1437,1557,1634
218,788,597,2051,1010,2335,1392
210,788,2388,791,1562,1750,1353
118,788,1624,2416,1883,2230,2307
234,788,1947,1433,2150,769,795
64,235,1139,1676,1045,1737,1848
252,788,2368,2350,2079,356,1309
140,748,1420,2134,1195,1676,1679
56,788,1509,503,1683,1162,1000
25,82,237,400,192,2423,1306
102,788,527,706,2146,948,1448
1,374,777,154,655,1047,1332
71,173,609,747,588,437,384
1,102,123,45,62,55,739
222,788,2017,900,2053,1277,814
169,788,1731,2155,1474,2122,2211
191,788,2209,2104,1315,484,604
152,788,2535,2423,2440,1919,1670
202,788,1910,2323,1696,1756,1484
280,788,2386,1995,2226,2159,2179
171,788,896,1023,1969,1839,1511
122,285,1629,1849,1709,1440,1122
265,788,2333,2480,2249,909,894
145,788,206,2211,577,2098,543
207,788,2363,2408,2481,2218,2397
133,231,1030,1019,728,885,602
33,72,70,454,121,729,183
53,589,1212,1331,768,2124,1391
213,788,2316,1369,1585,144,777
1,68,109,70,214,2163,145
110,156,383,766,647,2025,1829
205,788,1592,1366,2376,2137,1775
182,788,2126,2052,1942,2493,2275
58,788,505,605,1162,11,605
178,788,1943,2424,2153,868,1756
117,584,1400,1139,452,1331,1179
87,152,158,125,410,254,39
176,682,1374,1435,1373,1406,1337
197,594,2320,1323,1990,1657,1096
152,788,2411,1564,1699,2035,2043
114,768,1336,628,251,894,914
25,87,966,1079,873,1338,511
229,788,1863,1653,2183,2399,2366
101,659,927,1082,224,2010,1861
119,533,930,1198,255,1159,1915
152,402,1153,977,1807,1093,1574
159,718,2310,1206,615,1374,217
197,742,1856,1717,1318,2090,2077
67,92,53,75,232,258,431
189,673,2461,1648,1034,333,446
175,788,2567,2583,2548,68,2295
106,788,851,629,688,451,1262
49,16,51,193,460,981,1404
122,484,793,2167,1619,980,2434
197,683,1238,993,877,872,667
236,788,2490,1970,1922,1249,1481
133,234,1764,1259,878,56,264
82,414,687,804,799,709,764
101,788,2390,2268,1759,1098,1602
71,647,2030,2398,1917,2262,1445
106,685,1370,2024,886,2525,2319
256,788,1571,1203,1349,2066,1645
59,788,510,355,1043,1280,644
169,747,2152,1889,1066,1315,1252
95,788,2062,2041,1471,638,908
95,455,1085,1311,1563,1869,624
17,259,256,494,722,1451,1397
164,788,1441,516,502,1078,1095
30,123,127,274,473,1907,1478
184,788,2290,833,1522,2346,1244
19,25,143,2110,994,2336,2372
92,788,1078,1759,2466,2468,2074
71,788,1290,2204,1538,1697,2083
196,788,1681,1152,1731,1139,1362
23,108,425,394,733,1215,172
147,788,2440,2263,1978,2547,2357
119,572,1069,334,298,1757,1513
210,788,1234,1549,1864,1058,1245
37,159,317,216,142,843,335
1,79,498,102,119,23,172
91,788,443,417,794,1205,1678
105,310,684,756,1248,2004,1151
59,685,136,135,845,464,59
48,135,327,262,340,275,1
71,431,1649,2003,921,2142,2388
218,788,2479,2339,1828,1362,2135
20,108,142,96,503,1298,919
33,113,195,1320,909,1853,1196
251,788,2249,2189,1482,1322,1514
105,788,679,159,738,396,632
20,105,188,613,369,2294,2377
66,237,648,1913,1160,1590,1150
56,788,31,42,32,1122,209
29,136,266,337,1127,2519,1593
31,319,306,1592,249,1680,1872
236,788,2223,2133,2070,358,1068
210,788,2424,2508,2534,1116,1293
208,788,1409,1736,1881,1164,1260
72,132,1291,2249,1805,1256,1739
77,556,736,1475,2189,1392,1462
40,788,2295,2125,1695,2582,2082
48,788,526,249,271,10,26
53,623,810,1192,1057,1670,1936
79,102,991,260,155,328,438
216,788,1892,1660,1579,1983,1924
196,788,2423,2312,2558,2443,2369
165,788,1324,986,2012,2014,1497
123,533,1449,2081,2443,2495,2460
87,143,193,1705,1691,2000,2439
95,141,1067,1398,1479,1708,2254
178,788,1618,1207,2288,495,638
133,377,1103,1481,1341,1749,2012
210,788,2551,2384,2514,779,2384
99,412,846,1513,1693,916,935
45,165,503,849,104,605,568
65,210,400,944,488,650,779
117,364,1106,418,545,786,1255
123,499,1987,1948,1154,597,477
166,544,1211,679,1316,1114,737
71,788,778,283,1366,687,230
117,788,328,951,188,1191,1394
1,4,10,15,316,178,415
13,49,352,66,731,2586,1334
280,788,2511,971,2265,2096,1499
202,788,704,866,1042,340,495
141,788,405,1016,1204,2212,2049
224,788,2520,2473,2425,1381,2122
161,788,1901,2519,2482,2481,2172
85,491,1091,750,1122,1703,1721
95,412,691,947,479,284,656
115,788,1748,818,1710,1597,2245
81,571,852,1847,826,944,1044
48,318,1422,805,388,251,728
184,618,908,1083,252,1450,654
122,788,994,1684,1981,2426,2365
1,42,990,307,849,1540,282
137,788,2354,2370,1649,1130,2019
109,457,746,946,1610,1922,1413
72,788,397,952,2310,748,1811
84,509,515,442,292,1669,995
178,788,2408,1405,810,268,1
60,127,132,359,614,2130,966
287,788,2523,2132,2126,1486,595
48,788,910,1233,995,1190,1947
188,788,2348,2481,2579,2527,2465
196,788,1738,421,2163,536,104
48,560,1802,1927,1196,1461,1350
244,788,2035,1898,1382,1243,463
94,440,856,518,1615,1111,1671
182,647,1456,1834,1486,1832,1909
87,788,977,859,1104,1831,1766
176,788,2159,2197,2263,1769,1993
210,788,2486,1210,2483,2074,1834
71,386,893,626,771,878,1402
172,389,1614,1956,864,1001,1658
106,788,1196,980,679,570,558
60,265,276,1003,138,180,67
133,788,1818,2475,2530,1842,2156
210,788,2379,984,2255,2138,1797
194,733,2049,1702,1157,2494,2161
147,788,2227,1342,918,863,636
204,719,1686,1518,1224,1491,535
222,788,2084,1649,894,1024,176
197,788,1729,1804,2394,2161,1969
75,144,898,1584,1112,1356,1091
165,788,1543,2094,1220,1920,2437
58,109,537,297,1164,1600,925
208,788,2202,2567,2532,1926,2223
117,788,1484,2187,2452,1227,1864
95,271,1112,1464,1240,2398,2340
118,788,1121,2504,2257,2556,2285
25,788,77,495,1598,1638,953
197,788,1672,1843,2021,2121,1778
256,788,1693,1766,1258,1015,1274
165,594,602,409,690,476,46
193,788,2537,2050,2289,694,494
152,788,2449,1578,2028,1508,1625
161,587,322,1012,863,474,665
133,788,2396,379,744,1783,1081
118,788,1033,857,783,1619,1259
133,788,1483,2119,2478,2510,2393
172,638,1657,2296,1721,1768,2329
170,788,1522,2478,2523,2384,2461
1,11,111,190,7,1549,452
153,365,1744,2502,1518,1840,2386
274,788,2585,2587,2581,2511,2507
117,362,2075,1408,1865,1970,1559
118,788,1140,761,1212,1467,1697
118,788,1460,1680,1634,2590,2374
237,788,2401,2286,1972,2297,2381
202,637,2172,2479,2187,2390,2358
179,788,2385,2061,2144,2040,1907
124,743,1885,2138,788,1852,951
113,316,938,982,653,1050,1257
87,437,611,480,1890,1586,750
110,697,766,565,1385,402,663
114,788,1435,809,1504,817,641
110,719,1421,2353,1098,1425,2361
82,436,249,278,36,9,1
70,185,1094,771,761,2221,1599
62,158,1430,2516,590,2456,1913
188,364,981,965,861,1136,123
152,788,1163,505,471,25,589
65,590,220,996,407,1567,1333
134,788,2190,1770,950,1090,1074
183,602,1642,2307,2182,1966,1953
84,291,690,1538,977,645,1960
202,788,1478,389,389,64,186
159,788,1881,2007,2436,2397,2435
283,788,2580,2578,2583,2042,2288
167,479,1532,1989,1980,2036,1254
160,788,2086,1501,1940,1106,1270
264,788,2189,1751,1824,990,120
194,788,2280,1840,2193,2276,1843
133,788,1593,1249,868,1124,583
193,788,1622,1504,1763,552,1524
96,258,1737,2207,1399,932,1898
37,788,751,172,1237,1222,329
114,788,828,1124,1512,2026,2069
30,788,546,303,141,780,49
166,768,2120,1788,1400,1463,1205
53,313,245,502,558,960,445
91,450,222,178,434,2418,681
85,220,1454,2463,1599,2099,2282
106,526,2147,1706,1774,1803,2013
210,708,1465,882,983,654,921
142,788,623,398,1283,213,97
37,39,279,1065,427,2167,1298
30,79,388,378,439,1495,2120
175,649,1417,1335,651,434,256
241,788,2204,2057,2312,2229,1603
119,788,1782,1777,1877,343,180
102,788,815,368,2234,2489,468
65,227,67,220,139,1420,168
112,638,315,264,1728,1725,1114
142,788,1547,1232,1257,592,397
106,369,1391,1763,270,92,474
49,600,768,896,498,2532,884
132,788,2166,1938,1422,1161,1842
101,421,1829,861,1279,245,1279
216,788,2534,2584,2555,2082,2063
37,87,588,1055,1800,1424,1500
31,134,144,46,418,1717,158
105,517,359,340,191,439,102
92,706,1107,772,919,207,798
145,389,1113,1070,606,708,977
1,34,469,52,335,2341,1530
72,788,1390,1748,1730,2325,1999
188,504,1946,960,981,1082,1176
119,503,1678,1664,2198,2351,1687
90,554,955,1223,1012,2134,2353
145,788,1806,2514,2354,2533,2308
210,684,2173,1716,1459,2425,2271
202,788,1816,1855,288,223,598
46,252,941,1068,1363,1607,1465
167,753,2148,1801,1492,593,1171
119,788,1447,1616,2154,935,1714
62,228,1241,2203,1636,399,819
272,788,2570,2218,1692,811,587
76,321,100,243,41,115,1
48,788,117,126,959,411,1673
101,788,1267,1744,525,560,1539
70,337,376,934,442,2352,1792
87,388,796,1863,986,1576,1772
114,726,1016,992,1263,1806,532
26,528,1001,712,821,1240,677
80,720,243,1102,1525,970,574
210,788,1152,1248,1320,1605,1102
134,788,1060,2173,1983,1271,1449
57,90,141,1395,1321,2274,2175
133,669,496,1213,1681,1181,1994
183,788,1011,2065,1915,1732,2010
79,788,91,383,72,134,18
70,788,680,869,964,408,125
58,710,1822,1163,291,440,699
224,788,2344,2025,2459,1744,1934
142,788,890,1746,2009,1543,1300
200,765,1955,1064,444,183,17
48,560,1436,2115,376,1126,1297
126,722,886,563,1360,1770,1565
133,788,2484,2365,916,2344,1781
133,788,1070,372,1177,513,303
91,788,512,1260,857,1623,1308
161,372,2220,2432,1748,1927,1376
222,788,1705,703,381,298,581
117,615,1922,781,703,465,1118
65,788,625,666,1450,1075,829
119,543,1128,451,579,505,251
64,655,1718,1127,2145,1518,1764
133,788,2108,1732,1550,838,1117
253,788,2397,1117,1395,1709,666
94,788,434,576,730,121,64
13,534,1079,446,548,1386,639
112,788,1813,954,630,182,502
1,65,386,30,70,94,613
123,703,1717,2571,976,1965,1916
56,405,401,196,143,1335,453
160,788,368,2002,1256,2386,1040
148,659,2181,1354,2403,2085,1944
246,674,2506,2443,2285,2193,2413
105,788,2326,1636,1060,82,822
64,348,750,2561,1094,2437,1426
119,788,1830,664,613,1185,1918
30,467,1382,2360,665,416,1734
210,738,1302,2066,1919,1501,1303
232,788,2328,2172,1416,1310,609
181,788,1827,1528,1601,148,226
109,437,497,1107,1174,188,1
263,788,1855,1669,639,1531,661
31,285,982,610,314,19,221
197,725,2420,1696,2230,2430,2438
240,788,1597,1390,1714,739,484
18,313,655,121,117,1276,697
113,356,1575,1238,797,1248,1551
71,115,800,1760,812,1719,2213
53,788,367,444,324,360,929
290,788,2478,1312,1956,1539,662
134,788,2015,1205,1223,1571,1743
101,618,1836,1297,1165,1933,1240
43,788,1995,1762,988,2100,635
23,311,722,335,536,1151,980
23,176,419,214,16,184,202
110,176,1591,2107,862,1134,1859
37,233,1193,674,1470,1342,1875
118,402,1131,282,169,330,1164
265,788,2573,2581,2564,2507,2337
197,486,2041,2314,2419,2539,2225
101,552,1403,1052,701,1045,188
77,374,786,1444,1465,304,817
48,517,612,513,467,1144,459
110,247,1471,1621,1342,1145,1761
105,505,1872,2264,852,1317,1053
283,788,2582,2582,1227,2032,1542
59,413,208,486,480,1792,1629
125,676,1100,488,510,1733,1384
72,397,1209,500,1443,2305,1773
56,382,2175,2568,2428,2145,2087
210,788,2583,2524,2509,136,998
119,231,329,545,1100,1818,457
30,696,924,1831,1545,2272,2186
77,727,225,1565,2228,1175,2070
210,788,1600,1490,1298,1979,1685
141,788,1120,1092,1131,292,385
133,412,2332,1936,1596,448,1787
84,236,342,930,180,205,429
57,665,963,382,506,1532,740
56,712,235,326,395,1073,867
44,424,32,392,691,137,151
105,309,1066,1606,342,578,1224
184,788,1826,1769,2427,2544,1885
274,788,2498,2318,2250,1422,1788
285,788,1741,788,1632,942,318
123,583,1187,1946,1872,1465,1937
92,501,233,288,108,789,57
222,788,2552,2075,2518,2535,2452
142,543,1938,2276,1105,2558,2478
97,426,593,924,1132,545,506
101,560,1432,2018,1036,2150,2173
78,788,921,905,1737,1013,756
221,788,2473,1263,535,1055,60
12,48,492,71,85,348,486
91,788,1257,799,554,823,970
210,788,2555,1054,2168,1902,299
110,788,2057,2077,1420,2317,1912
48,135,198,345,567,2396,1
58,762,299,371,1907,1630,1217
24,241,171,403,632,1177,670
112,548,1084,2226,2213,2310,2493
188,788,683,1185,765,848,148
219,788,2456,2080,2283,1661,1655
61,788,336,665,2298,979,1119
12,788,314,188,1180,2592,1767
271,788,2330,1519,1376,1878,1278
210,788,1702,2175,898,2433,1534
81,150,705,1218,2074,1797,1380
122,388,957,1181,2208,450,172
204,788,2412,2525,1354,2378,2177
101,657,2307,2346,2248,2457,2198
220,788,2285,1319,1975,962,572
195,788,2043,763,1048,652,121
234,788,2542,2242,1597,1201,1833
202,788,2518,2180,1654,1095,2367
49,275,430,802,654,548,510
99,788,363,295,1299,362,76
246,788,2474,2558,2294,2563,2331
133,528,2128,658,495,611,992
32,788,1117,395,403,217,255
114,549,967,1324,1358,1834,425
173,726,2374,1857,2015,1417,1562
179,788,1249,1439,1451,2069,2165
172,504,1541,981,2005,2577,1283
210,788,2447,810,2300,185,1
148,788,721,718,1139,138,177
15,43,137,170,387,1487,937
105,788,2145,2342,2525,1861,1360
87,625,1739,1925,1255,718,924
64,788,620,1935,2416,732,1198
216,773,2300,1785,1149,607,1403
161,788,1907,1810,1914,2140,2046
164,788,1555,1038,1780,971,552
229,788,1849,1826,913,1836,1435
1,99,1,2,468,2505,2024
145,788,1586,1808,1957,1385,1813
33,147,161,185,67,142,4
64,358,1022,855,941,1528,1042
132,547,1496,1123,466,598,311
81,788,1298,777,982,1149,314
86,675,1188,1057,1102,1741,1703
99,278,698,660,1200,1622,1269
200,788,2365,864,299,457,1227
147,655,1596,1662,1082,2445,1790
225,788,2143,2212,1145,1388,1910
20,62,334,407,475,471,272
182,788,1963,2440,2020,997,620
145,788,378,1044,1436,1426,160
222,788,1871,2135,958,1081,1564
70,387,657,586,1289,760,342
178,788,1952,1377,1931,2293,2277
30,423,792,251,591,1978,1066
178,788,1847,2428,1568,1094,1400
23,788,522,1441,1491,462,912
218,788,2102,1712,1402,2339,2088
92,633,1695,722,297,1302,902
133,342,1719,745,842,567,1058
87,788,662,296,1182,153,246
178,788,1086,1294,1085,2388,1451
114,788,1123,711,1588,555,518
210,788,2556,2103,2304,2528,2405
68,626,174,642,1688,2047,549
113,239,1900,2531,2157,1957,1933
133,788,1222,1609,1911,1863,1891
210,788,2098,2358,2573,2461,2299
214,788,2196,2412,2468,1828,2170
20,49,30,103,80,778,27
179,754,1569,2029,2041,1046,1113
191,788,2477,1646,753,1065,599
132,697,1351,775,685,1596,812
1,133,150,57,79,1300,1416
133,638,501,1030,1302,2048,1850
200,788,1853,636,2315,923,523
190,788,2400,2270,2139,1429,1723
119,788,1076,690,277,259,1
128,788,1262,2425,2366,2347,2419
64,515,106,456,43,1070,584
133,661,1081,1334,1440,891,2317
16,788,1832,1617,520,1705,1863
106,659,1026,1257,985,1763,1609
142,788,1279,1403,2246,1062,1905
145,788,1768,2022,2258,2529,2134
95,788,1865,1201,1487,2564,1615
91,292,1687,1921,1937,470,1638
119,788,471,1316,1414,771,161
98,639,989,1326,1199,919,1857
210,788,1941,2338,2341,2062,1894
111,558,845,1193,1439,1574,1088
204,788,1866,1703,2342,1992,1942
210,770,2137,2048,2348,1625,1651
124,788,2138,1867,1954,1307,1180
210,788,1275,2239,2316,621,1972
72,288,870,1462,2114,1911,2195
121,500,1967,1776,1897,1109,1399
25,206,163,325,2390,2380,2119
62,371,232,527,912,1788,1632
123,471,1245,2215,2164,1582,1372
106,437,260,205,379,2,66
216,788,2491,1912,1623,1536,1315
161,497,1970,1942,2092,1879,706
119,788,1232,964,1405,1469,1452
25,788,1158,1687,844,922,1853
229,788,2362,2305,2345,1436,1974
37,484,552,209,132,116,1
121,788,945,1020,1534,2011,679
259,788,2540,2017,1736,458,1016
142,788,1414,974,1925,2065,1493
79,788,702,305,1812,1786,811
64,131,384,134,166,594,119
229,788,2187,2177,1587,1561,1896
252,788,2352,2527,1905,2506,2104
232,788,872,797,1304,2056,1585
194,667,1746,2168,636,425,536
116,493,755,2499,1809,1646,2209
218,788,2051,498,622,101,159
132,788,1357,1469,1943,435,1152
141,788,1911,1652,1170,1727,1614
246,788,2312,1856,2173,2377,2470
187,640,1960,1550,2535,1751,2113
33,303,965,721,1046,1320,1038
220,788,2435,2439,2517,1344,1669
106,428,936,1240,575,1394,1692
87,189,615,936,1121,1158,345
72,199,230,1893,1367,957,163
168,569,1928,2082,1593,1773,2306
193,788,2241,1917,2279,1333,2272
123,739,1765,2465,2578,2410,2392
53,788,162,570,195,436,144
236,788,2272,2241,1330,249,38
25,72,29,234,652,680,234
42,148,699,176,235,107,378
192,582,1839,2505,2133,1908,2068
59,675,672,338,378,1206,1190
94,306,775,1896,1811,1430,954
170,591,640,734,1271,1377,928
13,73,79,59,65,824,321
134,443,1353,1483,1895,1218,1466
156,772,1988,1918,911,854,1578
25,46,50,908,924,1407,2146
142,452,404,1275,2024,2482,2114
91,460,392,669,337,939,422
133,462,956,436,470,627,547
67,272,1092,795,762,993,1166
44,271,1566,1598,895,1260,1469
121,666,1638,1737,1519,1328,577
133,788,882,1430,1986,1963,1431
242,788,2367,1177,1844,193,156
133,788,1661,1264,512,1453,1110
89,721,912,567,426,648,344
91,188,267,387,160,763,237
59,253,485,963,1110,1009,1931
91,788,603,248,1393,1326,83
193,788,2482,2387,2498,2087,2178
101,788,145,1001,1651,2267,1851
210,788,2432,1741,2104,755,1442
234,788,2027,1132,938,1418,1131
133,547,1925,1172,833,1299,2236
49,238,727,1922,1738,2522,2206
25,80,20,275,25,1860,1051
58,183,351,401,220,110,184
132,788,1166,2322,1188,1843,2107
77,788,925,388,927,234,179
219,788,1677,1882,1997,2405,1133
184,788,2370,1516,634,1092,618
106,308,613,1602,1792,1664,1951
133,685,1923,2349,906,814,1375
122,385,1265,2195,1079,978,336
291,788,2588,2591,2591,745,2506
257,788,2468,1960,1886,2488,1681
217,695,2550,2553,2493,725,1455
84,788,2047,817,882,1089,969
106,687,1278,1724,2214,1442,2323
210,754,1377,1047,341,315,1878
49,146,805,2147,1742,2490,1062
110,727,1697,566,1706,988,1181
147,788,895,1140,1106,406,1590
30,67,331,244,26,174,410
192,702,1498,918,1537,307,1011
132,283,1825,1173,687,1378,773
133,596,467,1289,1823,1233,1483
138,466,1772,1508,1206,227,671
115,788,54,362,1928,88,358
60,186,395,1028,707,1807,1882
28,124,462,152,578,1647,476
106,788,1779,1571,1506,1011,1927
134,604,1236,2010,2271,1917,2081
246,788,1323,1161,699,561,346
148,251,1010,2266,1638,331,2218
127,314,788,1069,1569,1702,1290
170,788,1861,1827,671,496,467
204,788,2251,2234,2507,785,1983
200,788,2460,2564,2022,558,1770
182,788,2284,1591,1863,1264,1005
182,788,2201,1607,624,1305,1618
147,382,1200,604,469,352,408
121,658,1595,1235,228,1132,287
44,523,621,656,547,647,1325
145,788,1431,966,1226,461,165
275,788,2503,2577,1531,1892,930
133,788,463,759,1735,2296,1793
288,788,2545,1894,2566,2051,2339
94,788,1918,1425,1609,1753,1444
70,337,1183,630,696,1944,1203
133,788,1704,2520,2266,743,325
1,18,11,16,242,1858,999
245,788,1476,559,705,639,628
152,788,2366,1955,1786,1855,1345
119,505,929,689,441,43,172
142,788,1570,1374,1117,1995,1316
227,788,2125,1415,2082,1423,1498
189,788,2288,1837,1401,1311,263
166,788,1599,840,673,1087,1002
184,788,1760,2221,2370,1214,1601
234,788,1603,801,1339,534,1724
48,72,75,33,107,512,43
105,788,1889,943,1879,1542,2097
52,588,565,1345,2066,758,2065
133,264,637,1009,2379,2367,2304
25,79,429,790,238,668,731
184,788,2541,2486,2560,238,2227
212,788,2277,2102,2486,2089,2219
48,788,483,390,708,316,694
202,560,2245,2074,1840,32,1
78,179,403,2071,1979,1777,1427
133,505,576,2366,1093,1432,2354
224,788,1490,1572,1323,1677,2035
49,215,1015,1670,1384,723,709
248,788,1308,1450,598,426,204
78,108,1021,2457,2134,1610,2054
142,788,638,714,583,323,63
208,788,2336,2151,2110,737,913
229,788,2476,2278,1912,73,956
71,234,707,1138,513,1659,1125
110,638,650,1715,489,2179,1099
175,788,1968,2560,2402,2476,2462
109,511,548,1784,458,248,341
178,788,1301,1671,2369,565,1746
30,141,1972,2078,1053,29,2029
98,403,862,969,890,600,1211
95,671,1393,2209,2329,1822,2181
256,788,2144,2283,1653,861,1220
95,562,1747,1176,1686,1250,748
204,638,2299,2281,1757,2198,2050
122,788,2186,1015,2546,460,427
71,370,575,1586,1992,1620,1046
119,419,1012,696,96,383,172
101,563,1480,1521,975,2226,2292
189,788,2489,1949,2106,2385,2157
202,668,2215,2302,2409,921,2004
182,743,2208,1845,1092,1390,1021
266,788,1611,1881,1002,1088,1324
95,204,486,1480,1417,2273,2368
211,788,1682,2090,1214,2436,1505
118,455,2377,2552,1287,2538,1554
211,788,2409,1429,1365,374,1273
1,788,40,5,574,1754,1
110,198,1408,1486,957,1096,1197
246,788,1874,1527,1059,279,386
97,454,1203,1642,1369,194,788
1,2,26,22,346,1030,1165
246,788,2170,1474,933,976,280
35,36,337,504,1515,982,1163
1,11,105,67,323,2108,526
133,609,1218,1919,998,1534,1388
142,788,1670,1412,1646,2313,1725
91,697,1884,2091,1882,2213,1553
145,713,1831,1614,1218,1499,2336
53,457,1162,601,302,2044,1321
197,743,2039,2118,1999,1601,2241
210,788,1804,1364,2446,1698,948
81,360,488,589,102,85,608
184,788,1594,1432,1189,368,127
1,196,432,93,260,1973,1335
202,788,1271,1707,1944,2568,2350
210,788,2028,1234,1662,1747,1453
60,41,94,1693,386,1904,683
19,111,366,207,286,796,1018
141,499,1000,1375,1845,1267,496
250,788,2428,2421,2365,493,1810
161,546,2224,2038,1966,756,790
56,461,1502,2059,2169,2552,1727
100,788,341,834,561,2258,989
106,358,1018,1623,293,521,250
60,780,457,155,1630,1023,832
1,788,74,18,991,190,300
122,788,1035,625,537,663,308
87,788,913,343,352,845,327
126,589,308,616,2078,2061,2379
200,788,1299,2441,2565,2513,2479
260,788,2177,683,549,280,1
142,375,1992,2343,2254,1006,2407
70,303,439,2124,2120,2561,1637
169,788,1482,1292,1961,2197,1988
133,644,935,707,737,766,736
71,788,767,2417,1832,1360,2311
53,359,1326,358,1337,1906,1921
1,788,7,28,915,129,1
86,309,1098,349,562,1481,845
69,442,1610,1864,1434,2175,1965
110,202,423,851,784,580,1525
99,621,708,2372,2116,1913,2208
152,788,2262,1597,773,221,53
210,758,1821,1551,1113,562,366
99,468,1411,472,1300,1663,235
12,108,177,92,91,318,293
65,788,1048,621,1198,246,262
210,788,1996,2575,2470,2321,2502
87,788,1161,1413,1466,1005,1033
48,88,1428,2020,1169,2431,2415
33,270,536,1034,553,1080,833
44,559,1662,2096,518,2238,1239
133,565,451,1095,450,421,2
86,374,1155,1272,1311,870,1579
247,697,2013,1228,2008,1500,880
65,719,1869,2563,1089,925,1567
133,638,1673,1657,1475,963,1238
122,788,1229,1155,428,317,1195
147,788,2501,2235,2111,2332,1487
71,400,1539,549,508,1183,229
122,305,970,2326,1392,1437,1740
25,125,159,289,1616,2135,2269
130,323,754,1380,694,66,414
173,586,1495,2227,2330,1736,1175
206,788,2222,1790,1589,936,1108
87,379,407,742,1022,266,642
210,788,2260,2232,1137,1587,945
178,788,1144,1817,2397,1246,2220
123,788,1916,1920,2010,1830,1804
225,507,1607,1627,1939,1825,2057
118,788,190,1160,2117,79,359
65,315,947,975,486,1477,963
90,611,1320,1150,1432,2160,1757
204,697,1637,1990,1266,1577,2034
133,788,919,466,1253,349,33
197,788,1314,991,2062,1196,367
246,788,1396,2085,1456,2131,1672
165,788,1893,1188,332,27,593
65,788,482,429,94,376,840
27,83,16,807,1551,2170,1707
119,788,1208,476,751,1484,548
99,457,1664,2386,1932,2578,2395
161,788,2210,1179,884,1941,1182
58,598,797,704,767,1760,657
280,788,2439,2535,2268,2517,2376
110,370,372,89,258,1824,68
99,529,646,2030,1548,1279,1147
192,788,1260,1321,889,1036,858
125,254,297,813,860,531,143
182,613,933,375,618,252,15
53,194,538,332,196,52,377
193,788,1842,661,1335,287,616
127,788,1259,676,644,937,353
210,788,1948,2245,1618,1631,1450
41,164,248,364,151,381,695
38,70,102,341,433,186,94
148,480,539,452,274,468,400
160,372,540,346,883,357,253
79,182,636,1576,2539,2569,2471
273,788,2375,2171,1790,719,981
205,396,2259,2483,2192,2393,2444
210,719,1983,2389,2103,1986,1919
281,788,2577,2586,2582,2387,2190
106,553,960,1062,580,386,648
242,788,2471,1940,2331,2070,2235
1,218,115,49,73,491,424
70,402,1438,1545,487,1382,1926
232,788,2493,1723,1712,2259,2053
256,788,2244,2517,2549,2583,2505
92,260,390,523,373,1105,1544
145,788,1800,1339,1173,625,103
94,788,783,241,1825,143,257
142,788,452,268,1820,409,81
242,788,2499,1128,1871,212,769
164,788,1426,1406,317,995,1522
30,50,39,12,27,1550,70
132,234,744,419,275,998,240
24,187,228,540,616,892,1212
87,788,867,1985,2203,269,1519
204,788,2331,1969,926,1781,1588
91,788,818,1658,2135,447,1796
170,788,2305,1622,1836,564,797
65,221,665,698,209,1022,1025
44,79,121,962,11,1489,412
145,630,798,554,1643,934,323
197,547,885,1520,880,77,11
252,788,2557,2451,2568,141,2051
101,788,1999,2256,1868,2464,1339
17,390,888,789,397,239,553
79,614,1342,1217,1740,900,1351
17,56,113,181,161,768,492
210,788,1734,544,2479,672,551
91,487,182,1361,1781,662,578
18,29,14,86,217,1405,8
33,205,541,1998,848,1043,1004
210,788,2276,1303,1187,1100,1753
178,650,1914,1224,1893,1195,462
165,788,2121,2054,2508,2434,2494
99,788,839,1204,1217,1194,137
67,621,891,1087,399,2168,320
202,591,1101,2330,1810,2029,1653
271,788,2543,1698,2438,586,91
59,164,218,564,582,1964,890
204,788,2257,1421,1729,966,1425
72,79,160,1251,15,1521,50
123,541,2081,2380,2499,1505,1437
44,527,876,617,1388,86,708
25,35,371,2084,1168,1404,1839
41,96,21,69,147,17,185
79,461,1080,1968,945,2136,1803
117,788,1851,1293,1963,2589,1856
213,646,1726,649,2431,2231,1415
215,736,934,1389,423,388,373
159,788,1348,2262,2275,2314,2260
13,205,427,73,157,1372,73
210,788,2229,1916,2156,1776,2456
148,788,1844,1682,1496,1180,1735
112,510,1398,1530,828,1071,1377
152,788,1346,2120,814,844,607
101,435,1175,1466,414,241,417
178,685,1184,1453,1739,2106,1982
25,278,450,995,727,1857,1666
150,495,1707,2391,1620,616,1219
25,405,860,546,587,2364,920
23,87,258,614,375,1841,1013
211,788,1860,2247,2355,2477,2410
136,784,647,811,818,821,761
182,788,808,1558,1495,876,1169
147,788,1047,1878,2033,1371,1566
78,756,1533,2152,1194,1441,1128
119,788,1828,1149,1498,2248,1249
48,465,1031,1134,1876,2555,2158
64,382,695,2079,415,161,828
164,788,1632,2541,2424,2171,2400
1,47,27,8,114,1924,1446
141,497,1926,2194,1387,2059,2023
95,457,1776,1076,667,1762,1441
115,736,2053,1800,2123,2071,2091
48,135,330,367,1232,1812,201
145,788,661,1018,1208,1042,724
142,788,629,469,1397,535,154
142,594,1065,1512,1821,1952,1782
134,475,2371,1833,2358,114,772
119,195,682,2237,1197,2139,2061
194,788,1550,1594,2054,1864,1786
161,788,807,828,451,124,172
81,788,418,1793,1955,483,875
1,10,116,7,3,4,172
133,788,675,587,1733,1649,808
147,591,420,477,752,1364,96
106,198,630,536,1231,1562,1027
191,788,2389,2526,2456,1566,2301
73,100,353,1098,970,1609,2286
159,630,878,1280,2105,2574,2508
181,788,1920,2200,2190,902,1014
32,76,108,123,284,233,93
273,744,2373,2311,2378,2298,2258
44,111,416,177,2032,1909,472
258,788,2584,2590,2585,2565,2483
210,788,2135,2383,1567,2081,1821
105,788,1392,2190,2247,2110,2268
169,527,1137,1168,1559,1690,961
121,788,2263,784,1135,1415,1858
91,788,1651,1368,307,1696,686
58,318,414,1196,1143,2180,1832
145,788,1895,2404,2536,119,1023
164,788,1499,2240,1021,751,839
119,517,2033,2154,1633,2409,2333
179,654,1675,1568,1327,2022,987
13,788,200,169,402,78,1
44,562,972,2097,1887,2504,2154
210,788,1157,972,2019,1899,1100
210,788,1978,1506,1722,417,130
134,369,557,242,533,1308,105
210,788,2184,1850,1703,1438,2375
181,610,1537,1709,515,704,1140
223,782,2393,1966,2524,2329,2486
251,788,2317,1779,1996,1851,1307
11,108,270,167,229,587,337
161,788,2454,2034,1142,1147,387
79,195,444,646,1371,1811,800
142,538,1201,1137,1727,2308,2302
160,788,1659,2320,2511,353,456
205,603,2517,2507,1788,1611,1899
70,387,189,1135,555,714,312
29,128,298,1060,1346,2177,2423
99,689,343,1923,1734,2188,2300
216,788,2004,2143,2064,1793,1549
159,768,2360,1633,1270,1353,1069
70,788,1552,1266,1333,893,364
87,547,210,194,626,1266,30
133,788,1090,1373,827,632,944
64,605,1056,1347,2196,1778,1636
69,724,1559,647,718,1128,1134
126,679,1692,1358,734,1086,863
105,244,1503,1674,1934,1399,931
11,249,361,467,336,1169,1914
72,347,345,271,815,1412,939
88,512,544,835,2512,1113,573
1,57,37,1,6,130,12
170,505,1694,1022,425,118,294
56,788,1028,728,1806,1743,1383
119,788,932,865,914,278,370
278,788,2301,1728,1583,2487,1310
184,644,2142,2070,1891,2094,2327
109,295,719,1414,526,387,116
269,788,2279,2019,2472,2005,2090
220,788,855,842,1056,589,689
159,788,1823,1457,2371,2514,2199
256,788,2194,1563,1901,1580,1581
79,247,626,923,623,1135,685
72,788,1054,2117,2373,1434,1966
