139,508,732,1727,1901,1338,1487
226,451,1703,1166,868,289,528
106,508,356,226,788,404,757
274,508,2064,753,1970,2013,1834
279,508,1688,2279,660,542,524
235,508,2358,1624,1814,1020,1416
278,508,2277,2214,2187,2028,2441
184,229,1832,2155,1218,858,390
106,508,323,256,684,966,655
367,508,2423,2431,2368,1789,2449
247,508,2075,380,156,584,337
117,508,1212,447,308,769,541
3,56,61,19,15,1631,254
250,508,2077,2074,2036,1633,2517
117,266,1221,1425,541,211,115
114,237,476,412,253,65,45
291,508,1742,1908,937,1348,1454
221,508,521,981,232,1492,649
283,508,1225,1081,1792,2052,1243
285,508,2348,2089,1947,974,1610
179,469,832,760,1780,457,1345
363,508,2450,2240,2491,1930,2374
279,508,1901,1456,1222,2141,1916
181,508,1540,1960,1628,2298,1656
267,508,1619,1579,1578,983,1709
62,129,1280,908,481,903,908
228,508,1183,1939,1394,1608,1264
90,508,315,1678,1609,720,882
90,30,113,287,1746,2225,1647
240,508,2134,1271,894,685,372
244,508,1512,990,602,2131,942
371,508,2547,2562,2353,1248,2539
236,508,2127,1500,1752,1471,2237
259,508,2079,614,1086,1211,1756
277,508,2198,1533,2266,1337,1343
213,508,343,236,89,92,37
66,246,150,385,679,423,332
193,508,2161,2423,2235,2294,2308
177,508,928,1950,1020,1677,645
156,273,1185,876,610,1609,725
116,508,829,183,1267,1686,1069
141,131,280,842,367,1538,1552
8,11,13,25,90,674,22
358,508,2448,2533,2545,1985,2549
136,508,545,1640,1986,2084,1928
179,508,1863,2104,1478,1683,2333
167,445,299,1485,1541,1811,2091
91,289,142,61,124,427,226
19,17,338,937,215,2275,1447
248,508,1481,1863,2006,2493,2317
157,508,510,422,322,431,336
51,508,1009,204,139,1209,339
244,508,560,234,411,204,143
304,508,2252,2153,1895,1791,1255
140,508,835,144,78,19,2
302,444,1687,1407,1125,574,219
213,508,996,1136,369,210,258
300,508,2357,1679,1417,2074,1600
123,259,383,324,925,1738,1611
109,238,506,1292,539,1663,939
369,508,2301,2524,2362,2440,2303
140,508,1276,2257,2323,2457,1997
127,508,905,54,42,259,114
150,508,1266,724,1872,1026,1983
258,508,2261,1994,2305,2312,2344
140,508,2040,1247,466,548,448
203,508,1151,825,1025,222,212
258,508,1302,2169,1873,2496,2247
277,508,2197,2022,1736,2117,2278
205,508,1894,1507,1110,1067,1485
213,508,1580,2286,1447,411,1721
63,508,496,448,303,53,134
304,508,1295,708,1561,115,198
163,508,1349,1710,1967,274,839
118,508,734,1418,1075,203,164
286,508,2433,1492,1514,1078,915
273,508,1096,1728,1521,1007,1971
281,508,1835,947,1503,183,569
250,508,1777,1877,2295,2374,2238
267,508,1974,1778,2154,1461,1064
236,508,2122,1642,1369,648,982
128,508,1111,1337,2150,2305,1389
322,508,1491,1635,595,456,537
157,508,1732,2231,1753,2422,2082
137,508,149,343,467,179,274
373,508,2467,2419,2356,23,1104
244,508,1893,1460,1003,539,678
75,508,422,181,1039,897,368
106,508,568,943,238,31,383
333,508,1839,2207,2336,2507,2159
118,508,277,418,870,742,560
1,46,131,37,4,225,58
202,508,2246,1674,1637,1257,1311
106,508,899,1545,1115,811,1680
43,508,212,1936,807,913,1037
107,508,805,657,327,967,782
98,85,616,686,1199,1059,1207
207,508,1941,1611,1145,1429,608
321,508,2553,2590,2560,385,2536
173,226,337,128,25,472,505
92,91,353,459,904,2413,1191
350,508,2430,2253,2243,2029,2256
295,508,1859,1316,1719,1417,1598
70,182,74,190,179,1098,224
290,508,2237,2426,1593,2087,1621
229,508,2210,2298,1840,1279,1707
29,202,668,1139,1847,1926,1505
116,508,747,1376,208,664,461
291,508,2268,1914,1603,1043,834
37,508,751,599,335,772,430
42,508,101,583,471,1110,1190
136,508,641,249,375,1897,1445
236,508,1698,1469,1455,591,1325
95,188,978,300,129,1768,810
92,508,1021,707,791,739,695
187,352,1402,1177,968,641,1845
304,508,1661,1824,1328,1303,1417
74,168,528,1212,410,1226,1263
215,452,1991,2051,1912,2187,1503
121,508,379,344,64,484,498
281,508,1380,1527,1495,1419,2207
244,508,2405,2329,1882,1490,1535
164,508,925,377,778,2147,828
121,98,418,180,10,138,309
60,508,106,227,517,176,277
44,21,17,200,180,1289,1657
184,508,1674,1670,2270,2045,1462
46,29,53,319,236,41,630
106,317,1268,1436,294,438,583
207,154,1477,2301,1790,1908,2490
229,508,1668,2313,2023,2512,2151
165,508,2220,2007,1454,941,1608
277,508,2313,1657,1424,554,1599
62,508,1004,2035,1651,1061,392
193,508,1659,1601,1305,1616,965
184,508,779,616,1051,1154,568
240,508,1403,2048,2097,1839,1967
202,428,1181,2025,1632,1561,1570
259,508,2084,617,1224,1330,2020
69,508,317,1868,1342,62,284
201,458,1376,1233,1493,1583,1593
106,508,304,174,256,346,474
162,508,1588,1593,1935,1065,1156
136,508,806,1512,1396,1994,2107
138,432,474,927,415,1407,1649
165,508,2071,1892,2438,1800,1693
184,423,1632,1783,1359,2522,2274
280,508,1560,1801,1966,2253,2400
11,508,20,405,1458,1823,1484
73,422,1017,313,561,1778,1818
18,39,116,63,210,618,281
92,508,265,1064,413,1905,881
81,427,890,1342,1517,1872,1947
140,410,466,1133,918,1344,1194
92,508,844,1023,1516,1203,2044
106,508,1171,1669,425,680,506
221,508,1934,1339,164,128,325
286,508,2118,1288,1756,996,1372
171,500,1528,2332,2137,2327,2481
121,150,814,2077,1193,2310,1975
89,508,494,850,123,400,900
29,508,69,33,172,422,305
90,508,791,2133,945,1296,1068
128,258,703,1518,213,2234,1942
94,271,723,1895,2124,1637,1432
184,508,2446,1312,1200,973,137
298,508,1917,2540,1969,2467,2106
184,354,406,393,264,1194,365
37,508,57,83,235,342,90
128,508,1130,1631,1540,1836,1921
1,2,4,6,23,580,127
45,57,653,413,700,1962,1461
236,508,1417,1738,1399,753,1444
106,508,344,168,283,1009,1324
372,508,2534,2068,2393,2054,2478
121,508,534,1104,1926,2576,2252
297,508,2309,2397,2436,1421,1805
236,508,2341,1029,2103,606,1725
213,508,1439,2492,1260,1815,1028
193,508,1392,1740,1518,1744,1670
267,508,2147,402,637,343,333
377,508,2273,1991,2479,2177,2277
157,508,1539,1764,1187,1485,878
279,508,2475,2196,1236,995,2097
163,508,1517,376,931,313,209
121,508,80,291,1332,1057,1125
140,508,1385,1893,662,558,841
178,508,1853,1149,1980,2110,2435
92,508,1323,578,2071,1262,2072
173,508,1617,838,953,263,946
118,508,185,38,71,173,16
290,508,2264,2270,2477,2406,2361
10,10,11,13,8,1049,4
145,273,1336,750,340,1099,487
224,508,1162,984,556,198,950
85,178,432,182,187,655,199
320,508,2522,2554,2481,631,1320
28,88,44,48,37,30,11
249,508,1837,1932,2207,636,808
320,508,2411,1703,2557,2319,2480
105,508,656,1526,524,589,144
25,508,454,127,79,440,322
68,508,238,335,1837,57,601
92,125,397,105,125,267,10
314,508,2047,2281,2001,1853,1474
7,53,202,271,163,888,314
31,508,484,1956,845,2309,1557
290,508,1885,1423,803,747,845
163,508,2296,1947,1924,2225,2304
140,74,642,460,311,1370,1063
184,508,1232,298,806,113,28
122,172,862,861,837,1206,1502
149,354,675,1408,765,124,681
140,508,705,507,923,572,666
335,508,1470,519,883,2075,1226
88,508,944,495,364,799,701
48,43,151,406,379,1212,334
95,508,923,285,131,1449,1067
286,508,1462,496,892,789,588
304,508,2160,1973,2386,1604,1703
322,508,2436,1576,1740,2455,2150
74,318,516,1790,310,803,417
140,508,711,1320,545,2165,1395
258,508,1813,791,1153,1362,1057
344,508,2561,2587,2553,2538,2353
392,508,2588,2591,2588,2557,2556
84,116,361,729,244,380,401
216,508,918,1477,656,1842,1900
244,508,1644,1229,1373,1605,1339
258,508,2307,2436,2452,2357,2471
181,508,555,1206,454,692,641
325,508,1334,289,1238,777,236
305,508,2170,1357,1471,722,1302
286,508,1070,1044,1711,804,1411
78,508,643,629,914,155,328
184,508,591,742,245,884,692
179,508,717,1658,835,1568,2221
213,508,1389,541,347,189,529
173,508,714,430,1294,1534,2257
124,157,303,577,521,363,460
149,508,894,462,804,583,637
182,508,1024,719,763,556,490
312,508,1612,284,1082,360,255
281,508,677,342,786,609,558
193,508,891,142,1262,1513,531
313,508,1924,1734,1922,2079,2312
14,508,43,125,553,970,73
121,508,2129,1256,1190,223,74
81,209,305,145,206,126,64
392,508,2584,2515,2420,2300,2500
163,434,629,1102,1494,2369,1784
1,18,45,93,100,448,201
9,108,188,78,96,706,812
201,188,1851,1862,1598,588,318
106,508,982,1111,1695,2248,2163
224,508,1292,1571,1429,2377,1492
291,508,2187,2415,1886,1919,2448
90,508,182,104,452,451,1
235,508,2066,1286,1288,1898,1545
93,77,301,1025,817,1440,999
193,508,980,1714,1602,2261,1652
290,508,2185,2083,2321,2214,1883
29,37,98,27,404,2003,1146
121,508,2041,2282,2256,767,1767
194,508,1523,1923,1166,1834,819
148,508,1751,581,1045,1911,831
69,508,821,2230,1426,2394,1676
248,508,1409,782,1734,2195,2186
173,508,1990,2295,1703,1377,2154
258,508,1242,326,1897,1640,1437
106,508,319,1205,408,439,405
149,314,904,1045,349,712,427
172,508,2052,2044,792,2009,1280
13,216,229,208,387,2001,816
232,508,2012,1340,1457,1477,1553
327,508,2498,2471,2421,2405,2526
259,486,1544,1257,1418,1143,1701
107,67,328,90,224,1931,1992
1,1,1,9,2,984,465
6,9,24,23,3,87,49
107,508,420,1202,1574,943,1365
320,508,2253,2430,2278,2098,2349
151,416,672,1053,858,1309,1499
44,407,143,242,601,296,27
173,508,1780,1348,1078,2030,2319
314,508,2395,1799,2194,2150,2180
281,508,2018,2024,1821,1648,1639
152,501,1366,266,1277,893,1130
21,508,161,831,1401,2473,2243
113,58,1549,1121,634,1497,735
287,508,1871,1060,1638,532,576
121,508,973,2057,1343,2256,1363
1,6,3,8,1,99,173
304,388,2371,2213,2411,2565,1864
172,80,871,1800,1774,912,1982
338,508,2217,1068,1955,1056,1806
168,508,926,517,1505,2277,2297
140,411,1147,664,685,1030,381
147,508,2373,1781,1929,1426,2166
131,392,278,416,204,771,570
106,508,1446,1829,1813,672,1053
44,162,1224,1059,1560,293,793
207,508,1886,1243,1647,2390,2179
258,508,1656,1493,2077,1360,1909
45,508,701,703,479,84,1133
136,421,359,2067,1590,2456,1874
92,508,438,2163,1853,1814,1761
296,508,2476,2379,2066,2192,2443
93,508,1497,1848,329,1986,1442
213,508,1065,1079,1092,465,705
304,508,1768,1859,1280,1928,1830
114,215,1500,1809,1769,2560,2343
336,508,2496,2443,2554,2559,2576
181,508,1603,379,1375,2175,1193
287,508,2138,2117,1997,1220,1276
291,497,1707,1126,1441,1244,863
244,341,744,400,573,150,362
224,508,1594,1795,1459,1536,1584
279,508,2458,2505,2505,2191,2387
297,508,2297,2456,1706,178,626
142,349,954,1143,1049,1408,1530
250,508,1592,1319,1195,1466,1760
221,508,1650,1172,1800,500,1089
312,508,2403,2122,1819,1084,1804
213,325,1244,743,1301,1105,2143
314,508,2374,2201,2011,2343,1169
272,508,1473,1128,1041,1679,1025
42,508,667,53,144,1292,89
56,508,571,593,231,1161,455
76,249,119,926,200,1508,1074
193,508,2202,1438,1741,371,1039
140,508,1799,1323,1302,527,611
156,508,887,855,1430,1353,1589
95,508,477,240,795,121,222
50,508,358,1196,312,1310,1467
60,121,82,217,142,521,91
261,508,2189,1034,1904,1414,1184
352,508,2484,1794,2382,1620,1423
370,508,2230,1841,1392,1210,1307
229,508,1199,920,650,658,935
156,508,725,479,698,1093,913
116,508,1075,1945,1863,628,1625
94,508,300,1076,1012,369,818
258,508,2179,645,1825,1512,691
259,508,1666,862,1244,333,434
79,508,459,487,557,117,451
184,508,583,235,76,72,279
6,508,34,31,28,1354,272
54,332,1438,1922,1788,1146,1980
100,205,189,131,243,120,357
181,508,735,567,630,679,753
235,398,1604,1219,929,476,1560
30,377,167,454,720,437,200
140,508,552,1454,1296,2232,1705
222,240,1504,1389,1614,199,751
285,508,1793,637,1610,1115,1269
300,508,1753,2321,2273,2020,2426
205,508,619,849,262,516,932
44,508,145,20,60,110,23
137,508,1648,902,465,2088,1471
164,508,2026,1926,1096,813,813
106,508,836,340,94,325,182
348,508,2572,2589,2589,2589,2565
63,181,144,111,431,1545,488
217,508,1340,1486,1422,242,1799
147,508,500,767,462,2069,1077
326,508,2229,1934,1709,2099,2250
272,508,2098,1542,1864,2254,1536
281,508,1993,1130,1932,1435,1738
184,508,1296,295,157,90,614
209,508,2048,1636,1450,1281,1041
347,508,2415,2115,2219,2418,2512
165,264,1248,960,933,442,411
58,508,710,1071,1964,2452,1637
136,132,603,1847,1046,2330,2354
283,508,2004,1988,594,91,1802
330,508,2508,2312,2359,842,1294
193,344,1069,1626,1281,1625,1450
105,508,409,358,566,780,428
161,210,931,1470,1682,1880,1274
147,508,695,1435,1877,2176,1410
105,177,355,1359,820,2409,1665
25,508,85,65,39,502,363
13,23,54,10,6,381,241
202,365,1119,643,989,815,832
217,508,1424,539,287,334,109
96,508,1498,1367,1242,1164,922
236,508,1215,1204,627,1559,934
213,508,1709,1668,665,1272,2131
99,75,532,1146,830,1588,2077
118,105,967,1066,740,514,820
157,508,1679,826,1178,764,843
34,508,246,147,550,1328,1476
217,508,2030,1788,1198,2344,1692
221,508,853,504,678,715,396
281,508,2046,2139,2113,1730,1699
92,508,687,1495,957,20,81
140,508,709,1015,664,1444,874
60,508,251,790,715,447,688
191,412,684,1091,1276,1949,2290
140,508,1983,1056,723,21,512
110,324,826,458,691,450,442
283,508,2206,2235,1763,1190,1651
304,508,2537,2487,2330,2039,2235
145,237,1344,618,427,358,536
184,508,1234,1792,642,389,153
366,508,2546,2334,2430,1654,1754
211,508,2065,1816,1672,2292,1750
105,421,671,194,1358,294,299
114,508,673,1022,1310,1849,877
114,337,1131,1263,457,1884,1403
113,508,1033,1574,1747,2264,1329
140,508,753,789,1147,1769,1188
5,23,26,15,13,100,1
181,508,332,177,611,733,118
47,253,49,331,434,1483,690
207,508,1210,1568,1255,950,429
330,508,2501,2394,2426,2426,2475
49,449,444,626,155,818,1259
258,508,1982,2166,1982,2290,1871
240,508,2181,1902,1990,2023,2388
10,16,122,32,12,38,7
157,508,1113,1785,2209,2019,1049
31,41,56,139,248,182,432
389,508,2590,2565,2586,2552,2562
173,508,1278,1333,1645,2465,1973
168,508,1978,1515,1339,1317,1575
37,21,81,43,63,432,327
134,508,1059,1487,854,1541,1217
236,508,1783,1633,973,908,1301
194,508,998,967,1671,2134,1567
34,71,73,22,186,828,941
140,342,778,959,1357,2095,822
11,508,689,116,92,202,378
322,508,2204,1627,1934,2236,1995
240,508,1826,2249,1658,1278,1582
331,508,2353,2371,2196,2229,2510
140,508,839,1199,1321,976,884
297,508,1908,1749,1846,2471,2014
113,508,491,1978,1098,1614,1882
140,508,1613,1736,752,856,835
106,378,567,601,701,565,364
326,508,1940,1446,1364,975,1436
281,508,2483,2385,2540,2572,2300
100,339,481,1647,1116,1425,1700
236,508,1896,1003,1469,278,278
168,508,1293,1596,1085,1529,1458
360,508,2275,2316,2403,1095,2189
173,508,959,722,582,511,397
345,508,2550,2556,2405,68,2554
106,508,937,883,1883,1902,1862
351,508,2165,1875,1674,1958,2394
46,508,181,717,1104,2157,1941
15,508,244,51,297,93,167
136,428,289,184,97,17,306
185,508,1891,1001,1634,1566,1648
78,149,608,554,1685,405,780
168,508,1897,1445,1748,1167,1055
79,508,457,121,2035,2551,1614
16,508,50,92,380,2159,624
201,508,1939,1765,1323,1723,1446
228,508,1692,491,381,1183,1470
304,508,2155,1168,1211,1916,1905
38,112,191,87,342,233,1356
79,508,424,1285,1014,550,600
39,100,42,114,69,808,599
228,508,1104,505,1196,1696,1675
145,508,505,1032,1029,977,659
44,508,749,199,237,449,150
58,508,273,367,742,288,154
343,508,2506,2541,2259,874,1829
345,508,1884,2090,2020,2532,2351
181,508,2178,2317,2329,1172,1550
383,508,2394,822,1158,779,552
43,257,754,650,273,705,208
1,508,87,100,110,1552,1059
55,181,105,827,371,1023,1298
291,508,2427,2522,1829,2383,2197
92,508,1717,2087,2220,1773,1139
105,508,1457,292,68,98,21
316,508,2449,2477,2559,2562,2557
32,66,219,30,49,14,14
259,508,2401,2535,2533,2104,2093
209,508,1527,2013,2193,2382,2375
259,508,1511,792,1378,208,98
121,508,504,956,613,794,1358
319,508,1590,1175,528,1788,1066
297,508,1781,1110,1464,1420,799
93,64,206,1156,961,1782,853
183,508,1767,2060,897,1537,953
10,117,186,24,38,26,36
187,508,1204,875,1421,1074,945
287,508,2412,2259,2225,1581,1906
275,508,1578,1188,1370,488,161
291,508,2320,2170,1154,866,1741
313,508,2532,2581,2566,2563,2378
291,508,2200,2144,2470,2401,2489
323,508,2344,1921,1406,1227,1158
66,508,109,136,397,1085,625
49,257,269,148,40,750,271
146,508,1231,1432,999,1017,1531
34,208,92,59,117,573,648
333,508,2529,2440,2433,2509,2541
163,508,1913,2138,2494,2477,2521
106,319,388,119,338,852,1558
242,447,1048,770,1106,891,975
173,437,1503,1872,473,1046,968
11,22,68,47,16,1766,123
173,508,1487,823,574,1123,699
158,508,431,445,725,283,482
165,508,1136,1248,855,1478,1612
257,508,1874,2263,1498,2550,2428
234,508,2031,1241,1867,1365,1926
75,508,405,1178,1827,2302,2092
163,134,472,1012,275,830,1005
267,508,1942,2129,708,824,680
51,508,449,57,55,116,652
179,433,1529,2084,1552,2284,2089
193,366,1088,829,513,678,1011
218,508,1502,1909,1960,2372,2473
235,508,2027,1228,1285,1741,909
172,508,1378,2229,1987,2015,2299
58,229,288,887,1663,2527,2266
217,383,1499,2188,1876,156,912
148,508,1262,661,2414,2446,1397
106,508,896,435,1064,1805,765
279,508,1745,299,455,734,591
320,508,2092,2280,2308,2529,2518
106,508,1471,931,1452,1400,1881
197,508,1098,2028,2500,2443,1870
177,508,1684,1784,1562,956,844
267,283,718,979,1812,2094,1912
106,141,878,1457,1529,1972,1775
304,508,1997,1430,1284,796,496
193,508,2151,1967,2021,1306,1120
114,508,1550,1298,1180,756,956
338,508,2464,2268,2166,1498,1379
312,508,1989,2335,2498,1969,2468
242,508,2243,1880,1713,1739,2187
201,508,1646,1282,988,800,1396
273,508,1165,685,1283,446,514
193,508,990,613,424,783,1047
176,508,804,676,640,46,116
131,508,371,257,202,1447,475
103,440,638,268,1165,904,901
316,508,1970,1990,2319,2286,2528
8,256,21,220,295,1627,1689
217,508,311,802,996,732,1241
353,508,2422,2355,2445,2136,2395
291,508,1350,971,420,520,324
322,508,2425,2414,1367,1506,899
217,200,1187,1621,1380,1393,1380
320,508,972,1405,775,671,719
78,508,446,481,790,458,443
175,508,519,195,878,414,493
106,508,975,1414,491,306,1154
43,124,511,665,314,1544,1003
12,170,28,187,109,1464,446
291,508,1139,766,514,1783,670
193,508,2014,1450,2123,1807,2355
208,508,1238,1836,1831,1597,1581
313,508,2112,921,2007,2178,2281
86,508,1222,893,1056,1424,1773
194,400,664,1570,1490,2196,1577
232,508,2176,1398,1169,954,1401
333,508,2416,2527,2132,2540,1927
156,508,1365,1489,1942,1728,2127
286,453,1464,558,1615,1144,643
184,380,1565,1024,547,1837,687
11,22,63,1114,1707,1071,1203
128,508,681,938,784,1280,848
268,508,1916,1752,1716,1591,1968
71,104,281,882,448,1016,1275
51,508,325,250,422,2342,809
114,508,461,824,1093,1943,1839
90,508,2123,1390,378,106,168
85,220,1001,1049,186,164,103
243,508,498,987,618,843,251
136,508,307,79,211,519,61
321,508,2443,1706,1787,896,1933
199,508,1360,1464,2060,2007,1914
258,508,2385,899,1159,809,39
236,508,1074,277,768,1269,2025
202,508,1506,611,1643,1567,1267
58,508,485,247,726,1734,468
116,252,401,682,478,960,555
184,305,1800,1904,1185,2024,376
236,508,1507,1326,1607,1885,1803
258,508,1428,658,1083,916,1001
25,156,38,76,598,290,206
66,508,540,1004,388,1132,179
273,508,2105,1776,1390,1100,1946
116,186,226,2094,1900,2420,2078
193,508,1367,2012,2495,2295,2268
228,435,1174,996,568,354,315
95,89,1134,2319,608,430,936
50,49,75,1885,2062,1806,2113
184,508,2270,1797,2407,1863,2307
87,128,354,1804,1776,236,800
186,379,1541,2296,2343,1188,2244
279,508,1630,1240,2208,1843,1962
221,508,1078,672,758,1131,1542
141,508,286,490,990,238,602
335,508,2504,1115,2180,1166,1792
279,508,2515,2573,2442,1403,2110
275,508,2120,1572,1604,601,1113
114,508,1532,2303,2291,2272,2318
193,508,1329,1861,2457,2433,2508
249,390,1770,1173,1214,1632,2125
48,176,314,137,196,992,125
35,55,410,1388,319,1218,1341
339,508,1875,1467,2283,2481,1478
140,508,756,160,2131,462,462
131,508,623,465,997,2233,1000
63,156,368,253,148,192,66
184,508,1985,836,737,1514,489
147,508,1128,1036,2361,2363,1607
279,508,2295,1083,954,148,829
105,218,1453,1510,1181,687,1825
202,326,770,1311,818,1870,1630
106,508,841,470,609,1208,504
277,508,1701,1462,2303,944,2152
273,508,2162,1871,1785,391,1097
228,508,1880,2014,1968,2548,2030
1,3,12,3,19,1475,100
43,508,708,178,965,486,589
58,49,77,115,65,570,180
267,508,2274,796,1751,997,1123
24,15,107,1427,443,1578,1235
232,508,1118,308,759,629,349
248,508,1959,1766,1580,1920,2067
266,508,1998,2435,2531,2320,2485
32,508,88,1105,1757,2315,2253
69,51,147,360,853,2089,243
203,508,1702,1262,1844,711,1717
185,172,811,1193,470,740,2223
275,508,1716,359,450,517,242
189,508,799,600,405,105,784
193,508,1474,1560,2335,2511,1972
266,443,988,1974,921,834,457
43,27,141,1294,1213,2268,2034
164,508,809,886,234,1224,1007
323,508,2418,1928,1668,1613,2132
196,442,1303,896,1953,1960,2423
288,508,2188,2284,2117,1178,2239
251,508,1103,525,772,716,1045
259,508,2519,1943,2204,2170,2504
106,155,848,840,72,188,34
157,508,960,935,979,1361,1443
352,508,2488,1821,1271,582,738
383,508,2567,2568,2574,934,2543
235,508,1757,2375,2143,2247,2206
149,508,1713,1802,1928,496,1210
136,508,772,1322,1404,820,1178
299,508,2305,1985,1879,1699,1958
193,508,682,267,113,214,301
291,508,2325,1718,716,206,408
70,95,129,1180,191,107,141
213,508,1260,1969,1799,2188,1757
162,325,1330,1054,1485,1748,1800
243,508,2053,589,1508,2575,2464
106,248,575,1807,1099,1859,1384
258,508,2175,2174,2284,2523,2444
249,508,1184,527,670,36,231
52,508,95,297,351,523,868
105,397,742,1250,1475,1822,1826
382,508,2409,1030,1652,2322,1246
308,508,2364,2466,2467,2354,2264
286,508,2272,2383,1861,1507,1431
314,508,2369,1401,826,1027,501
83,375,276,844,1235,1445,1163
279,508,2317,1731,1680,1780,2142
312,508,2525,2514,2578,2510,2585
297,508,2157,2056,2223,914,1150
42,28,133,433,655,1250,1493
116,508,257,1745,2182,2376,1645
47,99,55,807,398,2008,1849
321,508,2442,1711,1434,387,1318
185,508,1510,1148,1024,810,1735
304,508,2564,2549,2464,16,741
21,508,209,77,183,676,296
136,186,482,1065,736,1148,988
85,217,1543,2449,1694,77,638
202,508,1621,2052,2419,2237,2488
184,508,1095,2310,1611,2486,2357
205,508,1915,2072,1261,2238,1896
113,508,697,274,572,886,633
217,508,1691,2405,2033,1976,2169
106,179,1163,1755,648,1358,804
236,508,1633,2128,2043,1891,1899
180,503,463,398,962,563,353
297,508,1920,2437,2222,2393,1965
232,508,1719,1095,898,925,1099
380,508,2520,2493,2034,853,1591
244,508,1933,2217,1586,1799,1008
149,508,1150,957,207,328,359
26,508,377,585,600,597,1161
173,161,1671,2137,2016,1302,1110
277,508,2038,2265,2389,1690,2457
75,211,266,288,260,1054,1081
228,508,1346,837,1389,1501,1124
82,508,322,1046,982,1710,1197
297,508,2402,2002,1234,254,642
340,508,2354,1328,1972,2140,1615
252,371,1373,1970,2136,1802,1828
106,508,538,170,368,248,149
275,508,1519,1352,1519,1199,1305
352,508,2379,2093,1818,2142,2039
250,508,1960,2123,2338,2468,2411
142,468,566,602,1055,1865,1326
163,508,1207,749,1112,1342,1292
132,508,945,1905,590,1644,2102
334,508,2559,2495,2387,2032,2507
48,508,345,888,461,258,565
229,508,2407,2572,2530,2221,2336
69,38,1209,2446,852,1927,2372
247,508,1589,962,1101,1177,662
156,508,1814,1208,2012,331,360
298,508,886,622,794,1844,842
136,247,1486,1941,2490,2207,1860
269,508,2025,1971,507,875,949
89,508,761,2226,2125,932,768
227,508,1495,1122,2122,1592,2367
312,508,2234,1562,2298,1025,1065
319,508,2328,1564,2171,1142,1208
361,508,2440,1649,1510,1649,1052
307,508,2073,2216,2183,2466,2409
300,508,1379,2160,847,471,582
106,508,1371,1439,1660,2193,1822
369,508,2575,2578,2582,1239,2516
92,351,1494,2256,1621,704,1835
302,508,2367,1587,1350,1502,1977
289,508,2259,2041,2504,2431,2431
320,508,2376,515,974,397,483
304,508,1971,2069,2297,1261,1720
215,493,1236,1720,967,1349,1772
83,180,386,625,159,228,526
242,508,211,203,1005,2107,2128
194,508,1930,2197,1184,1883,1734
300,508,2517,2532,2512,2184,2390
106,136,411,997,1040,795,1501
281,508,1973,2396,2230,1785,2523
343,508,2116,1882,1433,947,1070
339,508,2459,2421,2571,1795,1951
267,508,593,223,197,170,117
157,508,942,260,1155,268,187
337,508,2562,2482,2567,2506,2501
149,508,290,1475,1273,341,521
131,508,2101,1482,2492,627,850
262,508,2290,1473,2231,2092,2384
44,47,197,741,446,1453,1098
186,508,1272,783,1862,2002,1911
173,508,554,2252,1661,2331,2060
158,508,2327,2219,1568,752,823
81,148,501,1919,1269,1901,2069
202,508,902,218,531,668,148
258,508,1628,463,1742,1175,1135
63,434,90,408,586,689,472
126,508,769,1182,1583,1995,1814
236,508,1193,2278,2028,1722,1963
157,133,1005,2234,2340,2546,2442
333,508,2518,2563,2563,933,1783
190,487,1766,697,944,1770,2262
320,508,2314,1873,1501,851,2052
181,508,1039,2141,1576,2239,2065
265,508,1159,317,372,321,416
314,508,2251,801,1681,1829,1888
148,508,796,744,1728,910,1285
312,508,2186,2387,2463,2128,2331
60,197,935,535,926,195,720
29,341,917,1666,1816,352,1254
121,508,874,270,409,1439,952
149,508,620,1521,570,402,736
144,508,1676,668,567,1626,1013
215,508,1267,320,1991,1197,1144
105,155,348,231,430,1511,1571
156,508,633,534,288,971,509
106,508,1055,1245,1217,1650,1500
252,508,1398,1536,1777,1234,2204
173,508,782,726,1097,308,755
26,200,108,58,773,491,393
94,508,586,1530,1460,1120,1328
126,346,755,919,811,1856,1766
106,508,1014,561,370,1350,977
106,145,573,1743,1192,2381,1794
194,508,858,1234,464,1004,1382
214,331,2119,2246,1445,2271,1944
23,35,231,1449,1304,2396,1996
224,508,892,2034,905,1096,1080
345,508,2255,1120,1804,901,1149
221,508,318,372,453,892,330
29,508,31,35,56,801,184
271,508,1440,2075,1432,2062,2038
109,508,391,232,645,902,425
161,508,830,689,2345,2057,1878
193,508,1744,1261,862,256,380
322,508,1888,2195,2290,1861,2458
209,508,2121,2520,1916,410,764
273,508,2359,1843,1735,1205,1688
125,508,888,1103,2054,2307,491
193,508,2111,2418,2428,1530,1514
392,508,2549,2433,2431,765,2399
341,508,2340,1419,2184,919,1719
111,131,261,436,137,477,291
149,508,1102,563,625,483,400
128,508,279,727,952,2071,1728
175,508,950,1279,1337,1035,1375
80,81,407,660,1068,1364,1740
220,508,1739,1400,2397,1555,2061
378,508,2477,2548,2584,2525,2558
184,508,1986,1758,719,557,495
42,508,1063,396,75,51,227
244,508,733,2167,1270,2356,2332
181,508,1030,898,1385,240,769
242,508,1736,2142,978,1990,2313
187,508,2089,2164,2002,2169,2211
140,193,1483,1125,105,60,622
265,508,1300,731,1473,425,467
185,448,1638,1447,1965,1598,1732
121,508,163,975,654,2260,1573
40,196,248,94,223,694,650
63,508,132,213,167,40,20
99,508,707,251,1351,2149,1749
240,327,565,327,639,112,312
193,508,2352,2362,2236,993,2294
208,508,1053,1364,1789,1917,1016
208,508,2356,2323,2306,1455,632
52,111,758,804,233,109,189
286,508,1926,1355,1839,2198,1333
173,508,610,1038,647,1201,1195
292,508,2298,1831,2051,1162,2045
362,508,2292,2444,2083,1386,1586
208,400,1577,1660,2067,1678,634
313,508,2514,1789,2377,1228,1856
162,308,1090,1304,1520,1932,2316
248,508,2258,2519,2523,1906,1556
106,508,255,101,168,348,519
70,72,347,222,177,817,970
140,508,685,1031,1644,2021,1837
158,508,1239,2320,872,1899,2098
149,508,1643,1999,1807,1343,1376
27,508,245,1317,2050,1914,2051
58,508,178,502,326,1041,1337
338,508,2482,1830,1366,1033,556
228,508,1937,1021,1170,190,660
157,508,2226,2428,2310,2474,2566
226,508,2150,2215,2503,2334,2545
25,119,64,918,300,86,402
21,508,86,141,1021,1119,885
117,222,1195,2032,2030,1378,1512
193,508,363,612,1298,1952,1824
281,508,2347,2110,2267,1487,1910
75,508,177,294,246,22,41
164,508,187,102,31,49,5
314,508,2414,1984,2372,1171,1723
244,508,2169,1474,1131,2025,1604
62,508,253,143,1122,1520,525
158,508,1255,687,1402,2403,1918
226,508,2222,1281,2029,2314,2158
217,508,1553,1251,924,1509,883
48,172,743,559,1053,307,657
149,508,1339,1429,2344,2018,1985
118,90,649,1062,302,612,340
303,508,1647,1344,2333,1064,1019
298,508,2091,2490,1551,2533,2502
266,508,1975,564,651,850,846
312,508,2465,977,2262,1002,1247
345,508,2463,2445,2441,2006,2452
209,508,1022,723,1382,1950,604
132,508,1952,2086,1148,2096,1679
367,508,2579,2499,2577,2531,2575
333,508,2470,1864,2074,1473,1671
176,508,1161,1211,1599,1450,1574
191,508,1270,1416,438,988,697
184,400,1870,821,1525,958,1091
184,508,1840,1226,827,260,286
290,508,2481,2454,2138,367,1978
99,508,1189,1370,741,1018,836
342,508,2539,2530,2537,1719,2130
21,291,120,212,104,251,308
105,153,615,478,269,1767,1137
296,508,1854,794,966,1021,797
177,508,1984,2309,1408,1070,1183
258,508,2033,1997,1820,2304,2087
158,311,1319,89,120,118,121
29,354,558,39,20,149,46
170,409,1352,933,836,1792,2008
149,508,869,387,955,1603,676
25,508,503,1825,882,2338,1295
114,508,220,196,599,145,268
94,508,460,1897,1891,1850,2170
193,508,562,1708,1038,560,507
244,508,2136,2147,1992,2266,2148
53,508,127,339,756,1034,653
169,450,1015,698,785,1563,2269
209,247,1585,608,519,1273,897
69,508,408,153,277,637,19
149,508,1637,2342,2501,2407,2326
214,424,2057,1244,407,1411,979
121,508,989,209,617,2164,1261
291,508,1750,1181,667,1051,770
193,508,1809,2511,2114,2499,2436
106,508,443,468,254,1126,840
107,508,193,1073,916,2213,1418
113,508,249,1259,846,1259,1644
132,508,413,186,1608,1983,1533
240,508,1861,2148,2462,2153,2270
259,508,1892,2113,2156,887,1451
262,508,1802,774,1761,1253,1886
258,508,2306,1625,970,1695,1222
94,353,912,1498,1920,2148,2018
376,508,2413,1957,2224,1277,2004
149,508,1508,856,856,849,84
44,508,900,1287,2055,1255,1618
44,508,816,363,70,230,169
267,508,2010,1930,1854,1540,1381
226,508,2011,1273,1183,576,530
150,508,1468,576,1182,219,762
259,508,2017,2291,1690,1247,1801
258,508,1887,2346,2252,2400,2447
281,508,1772,1612,2042,1947,1789
26,376,165,82,444,359,344
286,508,2235,1504,1575,1717,1685
184,283,867,2403,2041,854,1527
32,65,172,2171,501,2333,1522
267,508,2349,2395,2210,1759,1885
16,70,125,781,128,302,404
116,419,1567,1420,1381,2419,1422
282,508,2552,2434,2507,2451,2553
150,61,581,721,1307,1647,1331
185,508,957,524,190,412,213
313,508,2536,1620,2468,1987,937
39,508,241,166,412,1937,398
325,508,2096,1887,1318,2119,1853
273,508,2093,964,2052,1816,1367
364,508,2544,2570,2451,2329,2334
177,390,1308,1394,705,336,1040
304,508,2472,1585,1778,861,1706
140,272,680,1741,2057,2199,2157
202,508,1754,1345,819,561,896
83,337,1415,1499,604,2201,1847
29,20,25,350,520,512,386
140,287,1327,1413,1772,962,1441
119,465,634,905,903,1672,1371
213,475,2256,2322,2292,2291,2283
349,508,2543,2579,2572,141,2123
229,508,1284,1906,2081,946,1141
229,508,1536,1335,1258,1868,2149
132,508,797,307,268,985,712
193,381,1050,747,169,127,139
105,508,578,1052,1379,980,873
165,183,200,432,354,506,750
240,508,2502,2468,2248,2567,2339
29,508,154,357,560,1896,1168
168,508,1943,1685,1352,1546,1836
116,508,1639,1933,1545,2223,2037
323,508,2265,1607,1252,132,549
325,508,2410,1983,2326,1329,2546
178,508,1051,1356,1905,2081,1954
312,508,2551,2586,2564,2570,2542
236,508,1466,2085,1830,1202,2046
1,4,5,5,9,541,323
301,508,1738,1313,512,137,38
92,234,223,894,889,2166,1360
267,508,1652,980,1074,549,205
151,508,953,751,382,825,2066
322,508,1257,494,976,745,1293
42,25,41,338,760,972,310
168,508,1364,736,1338,625,639
193,508,2205,1793,2401,1179,1667
291,508,1769,1426,1917,832,508
263,508,1761,2272,2394,1063,613
248,508,2108,678,525,10,186
145,411,1057,1858,816,2072,1733
105,508,452,1748,429,473,636
318,508,2021,1815,2482,2448,2540
228,508,1651,1481,1625,386,728
1,109,32,17,30,205,294
320,508,1042,1242,1299,393,466
159,340,752,392,1010,284,283
258,508,1878,1384,2161,435,1543
95,508,559,546,863,675,838
236,508,2487,2545,2544,329,2036
235,508,2248,2399,1783,1129,2000
6,8,9,146,5,885,450
165,508,1406,1519,1063,2288,986
338,508,2267,868,769,478,564
26,32,39,428,451,699,667
330,508,2511,2356,1885,1090,2134
156,508,1054,1605,1606,656,746
355,508,2400,2432,1878,1045,1797
127,425,1018,1581,1649,1550,1200
50,385,1678,560,964,1404,737
248,508,1675,1506,661,1655,1690
274,508,2132,2290,2367,497,2120
186,508,1046,1010,2037,1879,2242
193,508,719,683,956,759,773
11,508,15,16,282,362,131
193,166,2099,2473,2515,2517,2509
140,508,837,1935,2118,2077,2047
115,474,833,417,162,382,156
214,250,1667,1440,1884,905,585
181,508,1003,2400,2509,2438,1866
105,322,274,1132,1102,696,1588
181,291,232,1458,1073,1852,1776
202,508,2266,2047,2108,1106,1811
158,508,574,44,46,2,3
185,367,1227,2255,1410,1993,2040
194,508,702,1378,801,1535,921
240,508,1988,1962,1538,1961,2298
95,508,775,1415,2159,2082,2005
254,508,2016,2247,2409,1618,2026
224,508,1823,2062,2250,2130,2084
304,508,1208,986,1914,1522,930
158,508,384,1314,1958,1907,1974
157,413,1928,2439,1726,1081,152
193,508,1093,243,578,1587,1270
158,508,983,620,917,1134,69
178,430,1116,705,426,1635,1626
140,508,1841,2100,2145,1299,1664
158,508,2167,2001,2277,2073,1785
348,508,2293,2326,2379,2470,2587
204,508,1100,1856,2280,2350,2178
104,508,428,1565,986,304,825
140,508,396,167,533,215,157
392,508,2578,2566,2575,2337,2573
187,508,916,133,523,909,665
193,508,696,624,2275,1729,1554
1,508,166,50,14,1504,230
179,508,1459,906,1203,1808,1678
95,250,340,210,757,467,1238
298,508,2082,2267,2522,2544,2335
184,410,1335,1634,860,1886,1686
248,508,2368,1966,1306,1168,1428
267,508,1938,1366,1512,1486,480
78,508,1434,575,1006,320,371
193,508,1337,946,839,1623,1495
114,394,252,374,555,814,886
259,508,1623,1951,2412,2458,2016
49,428,164,530,189,12,316
252,508,1559,2336,1678,1456,1469
121,130,536,1018,1080,498,128
173,393,1573,1662,1781,1474,1695
286,508,2013,1547,1785,677,592
20,12,84,309,51,1006,113
113,143,399,522,85,693,174
297,508,2480,1976,2253,1956,2117
202,508,1775,1955,1489,708,1369
116,508,730,846,357,1796,610
140,357,907,819,829,490,516
75,508,282,355,693,533,303
144,384,930,549,332,839,756
132,309,335,229,393,273,407
136,508,691,1638,1286,1731,1488
207,508,2244,1306,1676,2050,2311
201,463,922,1428,1665,1594,1726
258,508,617,776,1855,2437,2007
173,508,1025,793,963,275,479
243,508,1929,864,2119,1938,1187
42,508,1169,476,115,551,478
231,488,1727,1575,851,651,718
35,508,531,431,107,81,72
127,508,258,318,226,303,181
126,508,2456,2392,2073,2317,1220
181,508,336,696,2413,2449,2445
193,417,1869,2508,2072,630,1970
137,508,1545,1074,1142,718,786
98,78,22,56,36,55,15
240,508,1318,1628,2093,2270,2229
207,508,915,1368,2274,2123,2369
156,508,398,99,299,224,218
219,508,1977,2273,2056,2137,2071
173,508,364,81,34,920,290
121,508,692,473,983,965,171
16,508,128,72,205,185,88
92,508,819,1826,1699,2125,2258
106,273,214,239,704,2215,1677
163,508,639,994,499,1150,1370
291,508,1867,2458,2450,2564,2498
187,443,1722,2241,2307,2501,2019
306,508,1784,1301,2212,948,1832
177,508,1513,1810,971,1366,1152
168,508,857,900,1636,681,369
335,508,2542,2569,2546,2347,2574
185,508,1395,1213,1527,1412,1477
193,508,1485,1112,815,140,342
162,508,419,162,61,85,43
169,508,1068,1916,1482,1103,1174
286,508,1720,1260,1569,1838,2160
322,508,2042,1770,1850,1707,969
277,508,1450,630,1042,686,221
181,508,2149,1276,1371,152,52
121,508,1521,1395,2375,2360,1922
81,59,1085,1849,2063,1398,1429
286,508,1396,582,1368,1688,1855
67,508,847,1613,1487,1496,1887
94,297,499,138,122,407,85
106,370,609,740,1667,1586,2075
193,508,901,450,417,282,313
116,508,647,1404,2268,1503,2043
193,508,1263,1070,585,665,447
240,464,2174,2118,2497,2459,2456
165,508,1304,2181,2402,7,1698
157,495,1795,913,733,654,777
54,508,1007,1152,1233,935,373
202,508,1496,2328,2374,2219,2255
69,508,606,140,663,2368,1061
206,508,1109,446,1436,285,237
258,508,2257,2157,960,1385,1260
287,508,2028,655,1313,1674,1673
92,125,329,903,267,1283,1744
149,508,310,484,743,1854,1727
320,508,2221,1812,1440,793,1010
150,310,748,1823,1202,1874,1555
116,508,551,441,395,311,126
116,508,272,149,631,122,193
184,508,1715,1609,2149,844,1214
50,291,644,345,266,463,311
221,508,1405,2327,2354,2503,2310
247,508,1328,2307,821,2311,1937
221,366,1167,1264,2417,1714,1534
197,508,1817,2105,1623,1694,1991
252,508,1115,805,1113,1001,1288
265,508,781,1039,1103,384,675
173,508,1031,322,316,226,197
244,508,1374,1925,2144,2454,1248
62,50,179,62,173,1245,1455
240,508,766,1116,493,134,348
25,508,666,610,1172,1590,1353
240,508,1357,1341,1444,1600,1697
245,498,2335,2223,1791,1,2156
352,508,2426,961,1717,1409,1202
157,508,1921,122,810,525,375
228,320,940,891,263,420,329
78,241,134,403,1481,524,266
316,508,2207,1391,1838,2476,2376
173,508,1032,381,503,1720,575
89,508,1052,1586,1547,485,235
26,14,79,354,298,812,1237
83,167,860,1751,1888,2145,2246
193,508,1106,1063,2096,1145,261
61,185,579,1409,649,2152,1466
105,508,962,314,526,509,1230
273,508,2190,2378,2203,1935,1986
106,313,327,382,59,50,159
217,508,1179,2058,1887,1847,2188
126,392,995,1303,1164,837,245
221,508,2000,2343,2517,2479,2537
356,508,2565,2577,2541,2578,2531
187,316,834,976,1094,1989,1521
76,246,690,1623,1108,2109,2073
184,481,1608,1645,1004,1241,1408
190,508,1044,1372,2383,2325,2280
279,508,1665,1952,1405,1428,1250
193,508,1426,885,2521,2101,1605
286,400,699,771,1979,2539,2096
263,483,1274,2143,2258,1331,1319
252,508,1572,1267,871,2056,2139
282,508,1935,2149,1956,2399,2162
92,144,1460,1295,697,534,1892
266,508,1827,1077,1984,1840,2146
290,508,1748,426,703,33,146
173,508,1254,2486,1206,1607,790
236,508,2294,2091,1978,1726,1867
173,225,1145,592,1060,1684,1597
177,508,1505,675,271,111,124
214,508,1556,1134,1801,1831,1763
338,508,2513,2516,2555,1675,2340
106,508,1152,653,1975,1579,1807
39,420,139,202,147,286,217
322,508,2130,1929,1226,291,679
149,456,1547,934,2100,915,729
314,508,2408,2386,2192,1363,1936
226,508,1963,1496,1472,2371,2124
156,508,605,1088,985,1284,1240
286,508,2128,1780,1988,1817,563
185,508,884,423,1476,1642,1054
176,508,1410,2424,2341,1933,1538
279,508,1566,1964,289,1747,904
286,508,2346,1269,672,1706,1668
140,508,2338,2501,2535,2278,2103
131,508,1034,356,292,80,9
52,508,114,506,1297,454,551
352,508,2576,2547,2539,2252,2348
149,508,486,362,230,318,441
258,508,986,467,321,1240,684
106,508,789,216,362,2231,1175
114,508,435,852,228,1515,996
267,508,1756,974,1782,1735,280
1,191,6,4,21,129,12
116,508,1097,1684,834,833,207
69,311,765,424,1136,1910,486
257,508,1711,1551,2163,1693,1394
114,508,1297,2172,1191,1922,1619
39,508,429,1491,1324,547,1170
92,508,76,296,377,503,748
156,360,465,700,793,1413,2099
244,508,1714,1753,1938,1939,2202
89,508,787,230,133,125,228
343,508,2479,2497,2513,552,2483
139,508,1864,2325,1347,1965,2190
149,508,2218,1386,1745,1661,603
184,508,1681,1058,686,690,647
194,508,1755,1090,1334,262,1354
43,86,140,109,86,921,1496
258,508,1946,1835,1889,27,273
217,508,1551,985,711,227,1482
184,508,2193,1787,710,760,1233
179,442,1172,800,401,1236,978
165,508,205,884,1219,1434,1602
286,508,1950,1324,2160,2387,976
208,508,1555,597,2189,1941,1561
214,508,870,848,1697,1097,1643
149,508,416,713,1088,1912,1873
313,508,1558,739,881,806,78
37,84,607,124,336,479,259
186,461,1909,2176,2423,2566,2532
187,268,1645,1101,592,927,1165
194,508,1605,401,158,234,598
390,508,2591,2536,2585,1147,2551
373,508,2533,2463,2348,2339,2469
137,204,1205,2095,1915,2340,1661
193,508,2386,1600,1903,2460,1539
235,508,875,873,588,232,640
106,508,784,1297,873,1367,1221
114,213,70,206,127,314,292
335,508,1956,2338,2469,1448,2564
244,508,1129,2119,1412,661,1198
209,508,1125,1361,1163,1975,2122
214,508,683,851,770,1573,1309
148,508,716,349,492,614,77
136,190,921,1650,831,1437,1385
320,508,1735,1157,1613,1873,1559
304,508,1155,547,676,160,481
240,508,1996,912,1315,1721,1613
273,508,1743,845,1007,1316,1409
158,508,1016,375,638,1848,1636
220,508,2029,1552,1138,1758,1562
89,508,1423,1541,1973,2453,2199
296,508,2172,2274,2399,95,1136
77,118,156,1529,1355,2274,2208
158,508,635,1534,293,1855,1299
108,508,467,1617,1043,1215,1779
325,508,1953,2349,1239,67,415
262,504,1877,1832,2090,1088,1218
349,508,2489,2488,2489,2534,2437
106,508,403,264,1345,1271,1683
326,508,2334,1639,2380,2173,2321
320,508,1370,1354,1537,1718,2172
265,508,1672,449,699,1327,906
50,508,236,347,1077,2228,1716
258,508,2247,2469,2105,2121,2362
213,508,1807,2081,1696,1641,2022
29,508,561,310,178,1480,629
69,171,795,2344,459,721,1082
273,450,1029,607,1160,873,962
79,142,440,627,516,253,1180
193,508,1595,1184,1556,1139,1014
140,508,1442,1013,307,1876,1407
13,508,36,18,82,879,183
228,508,2365,1838,2109,1314,727
176,508,1372,316,907,1733,1034
258,508,2214,2135,2112,1940,2418
257,508,1721,1471,2206,2505,1908
286,508,1061,1080,1954,2049,2011
283,508,1223,632,258,1359,661
358,508,2399,1959,2085,2389,2285
362,508,2451,2496,2140,1977,1266
44,74,492,2154,2133,2259,1439
273,464,2050,2185,1365,2063,2174
202,508,2437,2352,2312,2206,2511
331,508,2166,1622,1263,1038,1659
194,265,1394,2483,2352,2513,2450
95,277,222,98,333,403,449
266,508,1289,699,188,881,542
25,291,137,1490,577,1900,1216
291,508,2005,1773,2249,1388,2119
300,508,2106,2218,1511,1415,1038
304,508,2460,2553,2486,2249,2379
118,508,597,644,540,1708,749
184,421,1718,1782,1320,370,1257
229,508,2337,1284,432,424,347
15,508,35,49,165,429,130
125,206,283,334,373,1182,857
79,212,479,725,580,955,1547
92,508,768,748,1435,1159,963
105,178,160,45,83,434,40
178,508,966,1632,1640,1375,1290
144,508,1353,1677,1467,2158,2195
213,508,1824,2227,2176,1163,1687
173,508,1388,2134,1395,1659,2090
184,247,2051,2136,2241,1709,1915
197,489,1879,1946,2240,1924,2165
89,276,651,1381,203,1389,1225
131,79,207,551,345,469,503
257,508,1153,1774,1941,2352,2327
93,285,537,693,1295,1260,1513
181,508,439,150,41,96,192
275,508,1445,1309,1974,1715,1854
85,508,1488,1138,893,1039,1079
221,508,613,211,185,157,185
267,508,1932,514,1361,945,1006
253,508,2060,2200,2155,2267,2522
193,508,686,528,734,309,722
244,508,1710,346,1272,200,796
267,508,2001,2210,1870,1527,1782
92,303,488,108,506,271,596
106,508,1058,970,291,276,894
208,508,1697,1898,1058,436,858
202,508,1834,2408,1945,2011,2001
244,508,1902,1124,1120,2226,1737
272,508,2238,1667,2025,1702,1823
358,508,2299,2209,2175,1804,2382
273,508,1852,1351,1646,167,295
113,189,445,509,1036,797,1140
221,508,2236,1641,1228,1602,1516
178,508,1156,1154,1223,510,778
98,207,256,775,571,1781,275
304,508,2527,2465,2227,2490,2519
165,508,694,1483,1241,372,1232
316,508,2419,2413,2032,1457,1842
156,508,1362,1827,1331,1207,1330
189,302,1279,1744,1571,1187,1519
371,508,2574,2585,2573,2558,2571
106,165,1598,1382,1197,841,1623
236,508,1842,1305,2322,1352,707
207,508,1482,348,290,443,194
248,508,2454,2233,2285,2263,2249
137,508,582,605,548,396,160
184,508,818,814,301,340,158
149,508,952,803,1466,2067,759
228,508,1126,272,532,154,539
126,344,974,2276,1881,2068,2095
1,4,10,14,11,70,8
92,332,979,2036,1377,2515,2062
176,508,1355,752,460,782,420
207,405,1525,1732,1597,1574,1787
335,508,2329,1915,2101,1978,2291
29,508,614,279,73,43,82
85,279,790,2099,1416,1828,1988
346,508,2486,1894,2485,862,2461
322,508,2490,2341,2538,1368,2515
177,508,1444,1508,1833,653,837
186,508,1197,1591,559,249,436
207,508,1387,1924,1835,1357,1287
247,186,956,1179,1143,2026,1877
158,508,1233,704,1961,731,891
197,365,1275,745,884,610,879
355,508,2203,2302,2053,2378,2520
236,508,2211,1637,1149,566,774
61,508,183,1556,1486,2097,2320
202,508,1819,2178,1550,1596,2183
228,477,1082,982,658,1189,1279
184,508,268,158,252,59,31
106,286,1441,949,1362,1980,1976
85,261,400,118,67,2282,1903
323,508,2396,730,887,1079,1027
281,508,2523,2333,2499,2528,2421
220,508,1314,2159,1803,670,1713
332,508,1693,513,1388,1554,781
345,508,2466,2331,2410,1753,2330
136,508,2087,853,153,1060,1201
185,508,502,914,198,930,798
305,508,2351,2513,2439,2545,2460
117,508,1860,2324,1959,726,2175
236,508,1038,464,841,177,893
217,508,1196,720,1336,1543,1660
63,99,235,652,1047,159,771
248,438,1557,863,1107,1442,1635
172,508,331,690,1591,1668,1159
193,508,471,521,896,13,195
325,508,2228,1197,2178,2582,2056
291,508,2039,1822,2152,2216,2325
244,508,1706,834,510,153,110
184,508,556,1160,1354,701,1352
217,508,1305,2026,1808,1219,1253
334,508,2462,2450,2263,1826,2427
173,508,845,461,529,1153,980
92,508,1294,1336,1944,2190,2053
98,508,395,80,593,322,65
178,447,1286,695,1419,1667,1714
117,508,1397,254,229,8,96
229,508,1561,537,2068,1014,1177
70,175,385,715,480,864,571
316,508,1411,1393,789,1036,1632
185,508,1176,1155,563,530,1072
343,508,2485,2177,1921,1334,1032
119,391,450,543,320,1351,621
136,508,659,681,330,667,289
133,350,376,651,657,876,494
220,508,1422,916,2286,281,326
92,357,670,439,1546,347,716
89,230,425,991,1446,1571,1282
247,508,1489,1954,2111,2524,1564
208,508,1230,373,441,279,177
213,508,2322,2539,2532,2064,2230
141,508,1027,1730,2121,2276,2070
181,508,855,1380,1127,2245,1964
316,508,2497,2132,2272,2115,2309
140,508,291,241,673,1118,578
248,415,1586,808,1465,555,711
63,160,267,176,108,1122,107
177,508,362,1217,1216,1263,1658
384,508,2541,1363,2261,598,2112
114,508,842,389,1387,1974,2203
221,508,2058,1833,1727,513,656
258,508,2146,2003,1329,493,862
105,508,91,34,88,133,26
310,508,2492,2293,1995,1664,2135
270,508,897,1373,458,468,445
160,508,1237,2040,2264,344,1223
69,508,204,130,1732,1521,211
96,508,515,1993,2014,2243,2275
42,508,99,26,176,184,99
291,508,2114,1761,1951,1058,1578
173,508,1454,1369,2110,2040,1153
193,508,1071,1686,799,2093,1638
181,311,955,1721,888,277,511
21,508,430,29,132,18,1
193,508,968,757,1293,1524,1724
258,481,2282,2475,2242,2296,2205
296,508,1420,1230,1220,1756,1920
105,110,169,684,1090,1671,2079
132,508,1091,813,363,1841,2267
39,39,201,1855,1983,2212,1587
232,508,1515,773,2064,2103,1624
290,508,2445,1505,2255,1945,1969
105,508,580,419,687,638,1087
125,508,1028,623,1227,644,1166
151,508,1431,508,218,616,203
181,508,1587,1555,2135,373,210
165,508,1579,1762,987,1191,967
217,508,1317,1338,1618,368,733
281,508,1653,1093,998,1525,1412
193,446,2007,2070,683,2014,2140
115,508,493,321,581,505,654
79,299,309,86,33,6,1
92,508,1083,1517,1721,883,1036
379,508,2548,2472,2548,1195,2513
149,508,879,1597,1549,487,628
312,508,1981,2372,2364,2417,1523
92,271,527,1659,121,1601,1289
140,184,1437,2096,1952,822,1583
213,508,1087,1803,1152,1703,1256
126,508,1000,1201,2172,2392,2453
173,410,1526,1695,1353,1112,518
278,508,1568,1455,2045,2122,1736
43,199,913,1982,1427,1923,1456
117,508,1712,1683,1860,1246,1186
69,114,247,639,126,577,300
321,508,1906,1672,2378,1685,2393
216,508,934,917,993,261,293
92,508,577,499,280,501,806
186,462,1484,1903,2324,1698,1252
121,508,1002,1958,1572,1925,1273
263,508,1200,1412,1130,355,606
316,508,2377,2380,2044,1454,1894
184,400,877,1075,1548,2046,1044
92,508,490,646,414,840,458
132,508,1882,2109,750,929,410
137,508,196,390,74,2065,951
57,33,102,205,389,104,95
19,34,112,1089,103,1237,44
286,508,1962,1098,1662,181,225
228,508,640,580,318,1318,320
238,508,1194,391,119,401,623
193,508,1771,1191,1996,1818,1595
250,508,1945,2364,2281,2580,2454
243,508,1760,654,1431,1213,1650
156,508,1182,1346,735,474,730
90,98,423,1869,776,632,824
137,508,885,1221,240,1612,1251
322,508,2318,2518,2165,1149,2455
192,347,1591,1000,1162,564,671
50,354,1101,556,106,409,32
267,508,2384,1268,1230,2549,2136
143,406,720,1239,942,635,674
106,127,259,545,154,923,350
184,508,1749,820,1659,1909,2380
236,508,2019,1502,2173,135,802
256,508,2072,968,1335,895,1406
224,508,1188,1410,1400,11,605
92,508,648,341,166,161,374
58,508,594,1113,93,338,1265
221,341,2269,1996,911,669,1453
221,508,1256,337,948,2000,1722
213,508,1107,2027,781,1087,1891
178,374,822,244,399,213,56
128,508,225,154,1150,1293,875
236,508,1479,1237,797,63,319
166,221,1122,1523,1135,1820,1646
206,443,2015,531,1793,698,1206
106,508,970,1048,1437,553,220
162,508,1828,1026,565,1394,1681
177,508,1660,1402,1129,209,1033
96,508,604,305,469,212,377
217,508,2303,1375,1081,762,867
195,508,803,1055,900,1275,1931
76,42,180,259,591,1276,918
98,508,370,738,749,639,252
136,338,469,262,1023,2313,2074
213,364,1354,1661,2078,2066,2012
106,228,243,769,728,1109,1092
165,508,2009,2502,2483,2568,2184
235,508,1733,1232,1857,1405,1118
298,508,2125,2398,2174,1416,1943
157,508,1412,2243,809,2027,2322
149,508,679,1207,1852,2242,1813
172,390,1154,1767,643,1308,869
258,508,1629,1200,1971,702,717
343,508,2474,2193,2147,1984,1390
341,508,2569,2526,2075,1138,594
257,508,1858,1995,195,924,335
156,508,1202,1760,1513,1560,2083
179,282,646,315,542,1762,1157
214,508,1201,772,356,931,1205
1,98,8,1,29,3,18
132,508,727,999,729,139,79
330,508,2406,2358,2217,878,2292
83,173,72,85,1363,1589,1224
314,508,2208,586,1225,894,172
147,82,1285,2305,1868,2475,2111
304,508,1965,1525,842,595,215
50,508,308,797,849,723,573
164,508,1404,1176,1725,2410,2033
356,508,2216,1937,2435,1510,2424
162,508,1785,1558,2018,2129,2054
78,443,458,1283,875,1774,1809
275,508,2219,2297,2142,2359,2365
320,508,2389,2521,2536,2293,2210
165,343,1883,1561,1303,1169,1691
244,508,1764,2211,2080,1113,1268
281,508,2263,1747,1981,1382,1752
267,508,2350,2388,2510,1371,1306
202,508,1211,397,745,239,135
198,292,1509,995,606,1200,2013
290,508,2493,2339,1017,245,1606
148,396,759,870,494,1469,1617
313,508,2003,1616,587,1062,644
298,508,1791,2438,2271,1108,1506
224,508,1037,1463,2239,867,1457
229,508,1664,1814,1963,2120,1850
85,508,739,958,2069,2361,1788
173,508,1868,2311,2484,2450,2248
259,508,674,1278,666,56,170
248,508,1872,1315,1675,1249,1126
291,508,1530,2125,1588,1402,1368
79,31,33,351,98,695,811
144,508,590,1385,485,1055,887
16,63,93,112,48,37,17
82,278,173,732,1186,900,1566
257,508,1961,1540,1698,2146,2017
173,342,1269,649,1524,1489,1631
207,508,764,897,463,1136,890
314,508,2439,2416,2416,2080,2534
106,155,846,877,899,951,351
205,263,815,1190,764,600,933
145,508,414,456,767,2116,2049
156,508,1419,2008,1479,2044,1715
283,508,1740,1220,1841,2076,2115
297,508,2393,2478,2294,2494,2474
63,73,287,1151,1398,1083,2282
106,508,746,1676,1533,1267,1846
76,92,198,759,170,216,414
144,508,525,501,1414,1443,1181
132,508,462,2162,1312,2308,2006
155,478,1141,1403,1595,2385,2568
51,508,333,1099,81,175,53
178,508,1452,1777,2315,1313,1893
184,508,1144,489,1463,1673,1777
217,508,949,1975,2233,2537,2434
121,245,285,164,306,1230,545
325,508,2516,2367,2449,2461,2548
113,431,802,329,285,1760,1145
322,508,1820,1759,1240,315,1778
184,394,933,1901,1496,620,627
131,508,906,1216,2246,1643,1627
373,508,2581,2575,2561,2408,2563
266,508,2083,2190,2331,2434,2479
172,508,1079,2244,2139,1582,1917
177,362,948,325,644,180,338
172,508,994,1140,1504,2386,1464
95,450,203,107,418,196,527
136,296,914,2212,1633,1991,1833
113,402,863,817,323,292,122
32,508,326,28,217,406,33
291,508,1778,940,1506,736,984
66,275,297,163,265,622,543
79,508,298,806,714,102,532
290,508,2117,2382,2424,1656,1483
121,341,374,2124,1034,1321,663
322,508,2076,1539,2247,2514,2373
69,194,123,312,222,882,419
85,508,658,2088,1686,2048,1204
296,508,1606,1461,1627,1019,1312
75,508,808,425,220,1155,535
193,508,1601,1696,1744,1005,2023
209,508,2008,1107,922,2571,162
276,508,767,1383,1502,1418,2118
304,508,2378,2531,2506,1953,2137
105,233,230,485,753,1746,1009
322,508,2530,2412,2169,1252,1473
265,508,1533,1135,1585,1653,1472
240,508,1792,1700,1612,2370,2216
144,508,520,1846,2094,1322,1890
78,508,218,42,52,146,94
60,251,533,1009,250,603,944
188,508,1432,273,1693,390,1117
85,214,194,157,87,673,80
240,508,1856,2106,2134,1830,2080
157,392,693,1159,442,64,202
221,508,2145,788,1629,1290,1460
107,508,757,1910,1411,746,646
297,508,1803,878,1000,1312,1296
193,508,1043,1987,802,1692,1362
177,295,762,2055,1875,2435,2167
202,508,1341,1713,1442,350,1244
171,470,1493,1424,2168,1968,2241
158,311,436,415,624,1399,1189
106,508,464,1653,771,710,907
267,508,1948,2288,2098,1979,2218
50,508,661,1310,2141,2210,1796
231,508,1614,1729,1809,1955,1901
106,508,455,673,552,316,244
213,294,800,1299,1582,1999,2192
189,508,1219,1690,2167,1824,2076
178,508,1290,311,798,590,444
313,508,2453,1277,1570,1356,1504
250,508,1080,1253,1738,1704,2194
149,270,792,1724,718,1784,1546
193,508,794,972,2022,2133,1998
55,96,237,1963,1566,1332,1236
50,94,71,12,141,1268,62
295,508,2113,2152,2251,1858,2260
117,508,731,193,353,508,307
69,264,655,595,91,816,1351
352,508,2471,1844,1443,1531,1938
215,452,1143,2076,727,2105,1420
193,508,1377,246,1114,647,470
258,508,2074,2039,2128,1274,1684
140,508,1634,1726,2017,1775,2225
291,508,1773,1334,1528,492,1043
76,267,737,810,184,144,68
156,508,2420,2306,2404,1610,1132
36,508,47,214,201,78,92
221,508,1866,2489,2370,2542,2496
78,508,162,429,1635,1076,620
184,508,1546,2205,1507,187,664
62,115,402,207,652,592,331
165,508,1094,621,304,1459,1106
205,508,1430,2220,1522,229,794
31,147,67,64,543,83,176
168,508,1089,1705,1532,2162,1510
149,419,1465,1712,1275,1676,1398
259,508,1695,777,2148,1089,960
132,467,585,865,1035,1339,1820
193,508,1343,2345,2314,2362,2133
157,223,1663,1750,1134,775,1162
144,508,726,928,558,1347,1569
236,283,1391,955,741,860,1452
114,508,530,615,1688,989,384
17,174,104,1511,1869,2205,1771
165,137,250,1452,805,1862,1768
258,508,1798,1293,2381,1556,721
265,295,1123,1757,1797,388,1138
110,508,514,895,489,305,929
206,508,1787,2484,2188,1948,2347
184,508,1433,1535,1708,1396,1774
305,508,2424,2523,2550,2588,2529
273,508,1216,1005,1278,1628,1769
193,508,1356,628,1509,1797,1902
132,508,1413,839,747,428,1475
56,494,1816,1619,943,578,1359
248,508,2224,2275,2429,2324,2358
156,508,2286,2476,2260,28,1291
258,508,1700,983,909,633,409
107,508,889,2102,1391,1476,1075
238,508,1593,1603,1824,1549,1594
9,392,30,21,118,445,617
266,508,2383,1701,1817,2189,2226
173,369,312,290,348,2375,903
248,508,1923,816,848,143,471
324,508,2319,1252,2027,1229,1930
108,508,1301,835,927,543,927
381,508,2570,2461,2529,1116,2530
228,508,1443,881,689,89,437
51,508,342,1805,509,299,567
66,254,227,526,682,1657,1229
193,508,1762,1484,1880,1691,1366
321,508,1472,662,1639,1282,1103
263,508,2478,1889,1999,1794,2276
83,172,437,901,895,1971,2063
184,508,541,635,1057,2217,959
116,54,357,1327,1076,2395,1642
193,508,2262,1441,1326,994,406
333,508,2563,2582,2434,357,2544
325,508,2521,1938,1030,650,533
217,508,1847,761,1128,1973,888
193,508,1149,2180,2406,2463,2472
146,232,365,1153,1327,2167,1841
158,508,1836,1588,1655,2194,2220
90,113,130,69,27,54,129
195,491,676,492,696,1066,517
140,508,637,1192,824,1174,709
195,508,1980,2203,1750,2218,2494
112,214,652,1087,941,758,739
165,508,824,963,1733,999,1509
248,395,2020,706,2245,1827,412
92,122,507,2092,474,1468,297
193,508,1226,2010,1048,845,1526
279,508,2310,2238,1762,617,910
69,323,341,910,1468,1553,1950
284,508,2152,1630,2197,1890,2324
50,106,58,570,534,1564,1112
149,403,963,512,1050,1117,732
360,508,2168,2037,2191,2197,1400
266,508,1669,440,1461,1107,1046
279,508,1992,1655,2357,2208,2271
232,508,985,1719,2282,1423,1620
75,508,94,151,612,790,345
283,508,2231,2374,2061,452,240
193,508,1731,2043,1174,1186,1425
16,508,96,155,1176,489,693
32,288,118,532,920,1173,870
141,382,334,1379,1011,1479,2240
51,508,306,480,622,713,615
194,236,706,1265,783,444,833
184,508,1047,2427,2318,2155,2408
209,508,1258,1017,313,103,140
259,508,1228,282,1470,1875,1127
284,508,2555,2567,2581,2574,2550
121,291,1283,2411,2313,2587,1889
267,508,2287,2363,2425,2573,2168
286,508,1786,1949,984,1124,1035
205,508,1801,1839,2234,1786,1314
272,508,1967,2264,2346,2384,2337
341,508,2531,2551,2487,2554,2538
116,508,215,1739,1137,2235,1696
178,508,1622,1651,2360,2353,2212
85,45,487,427,936,250,523
93,83,136,1235,833,987,1628
141,508,1217,677,751,1270,1102
65,386,393,384,219,66,120
165,508,2078,2061,1037,1742,1056
306,508,1516,871,1409,1380,520
193,508,1035,1258,2047,1204,1666
214,508,1253,1280,2299,823,1791
31,508,48,233,241,42,321
194,508,662,1818,717,1877,1548
267,508,1987,1069,515,1266,548
55,52,89,52,80,73,93
113,329,296,442,227,949,607
156,363,1968,2107,1268,1576,1843
140,508,939,386,1423,218,1286
308,508,2302,2179,2024,2227,2561
136,301,788,1164,2186,2346,1945
114,508,441,201,1617,1860,747
322,508,2080,2191,1828,643,1308
92,168,497,225,796,754,1088
213,203,611,2121,400,1488,1002
202,508,2345,2470,1141,399,2086
273,508,1243,1086,669,1052,2055
151,269,478,641,309,906,1327
177,508,2242,930,365,32,55
352,508,2528,2452,2337,2060,2015
279,508,2249,2285,2059,2488,2329
297,508,2154,1854,1259,1921,2425
66,86,404,1698,614,725,938
272,508,2239,1028,1449,374,403
106,508,1064,892,677,770,779
228,439,1912,2348,2493,2144,1764
178,508,1138,1772,1397,1516,2081
181,508,2156,2271,1691,2397,1812
156,490,2312,2294,2471,2126,1953
314,508,1072,1227,1919,2348,1907
334,508,2069,1673,1673,1998,1486
202,508,1351,1687,1497,1160,1404
263,508,1247,939,674,1264,178
312,508,2223,2175,1842,2318,2552
136,366,524,457,800,1104,1211
156,508,919,565,1161,697,216
136,298,350,2250,1724,1666,2233
1,5,2,7,7,1467,821
186,508,1456,1223,1605,1835,1939
177,508,947,1027,1016,1845,1349
66,508,239,404,681,1092,538
145,508,1522,1754,1232,942,1672
279,508,2199,1531,2157,1882,1419
116,508,987,924,1535,730,304
173,508,854,171,193,605,101
194,508,722,252,135,1040,510
258,508,2213,2460,2466,2498,2412
387,507,2586,2269,2355,2262,2586
116,56,1148,500,209,531,983
173,508,1626,1559,653,626,715
229,508,1476,1016,1565,1008,714
136,328,213,410,447,398,267
228,508,849,1516,1858,1482,1816
106,304,1342,1142,615,247,805
323,508,2281,2254,1581,2022,1415
290,508,1829,1968,949,2111,1868
85,219,111,1362,616,2078,1335
326,508,1571,533,1026,939,1219
306,508,1831,647,2116,763,438
95,365,195,191,261,559,917
53,76,592,1550,2265,2255,1579
349,508,2088,1573,1620,1622,1981
60,139,234,371,286,2424,924
214,508,553,407,721,1777,1622
106,508,159,754,1067,241,431
279,508,2090,2429,2427,1833,2506
189,508,1821,1480,2003,1135,1654
258,508,2397,1290,1542,1073,1511
116,508,872,2146,2349,2336,2422
19,508,724,866,754,2281,859
184,508,1562,1689,1976,35,940
319,508,2363,2509,2519,2124,2377
164,508,1708,2017,1209,1323,1300
214,508,1191,1497,1044,1757,1957
281,508,1862,544,1859,735,165
258,508,1958,1443,1865,2090,1105
185,508,1175,998,1265,1254,2196
196,508,760,1094,2325,688,1640
339,508,2512,2353,2480,1243,2499
92,508,495,437,1062,44,343
197,508,1157,443,694,1013,1572
229,483,1759,2199,1759,2445,2420
132,508,576,1834,1896,2432,1669
83,124,366,333,360,426,270
94,508,1345,1011,495,1111,1083
334,508,2494,2236,2396,2478,2406
131,508,2195,2561,2465,2553,2432
63,87,175,764,54,482,298
365,508,2505,1965,2205,2160,1350
106,508,115,330,26,1615,1694
76,372,997,1118,808,1737,1603
178,508,1806,1466,2200,2487,708
296,508,1914,1350,2478,2182,2236
193,508,932,1349,1587,1646,1919
291,508,850,909,488,1242,791
291,508,2336,1977,1871,1369,1107
207,508,1177,1544,1474,1031,1746
105,508,382,841,890,802,593
10,11,16,451,496,1495,1012
44,508,433,120,44,544,105
159,358,1734,1567,780,419,1704
209,508,976,188,50,119,188
267,508,2441,2480,2366,2083,2486
150,508,1135,1215,1712,969,1948
349,508,2342,1421,1911,2203,1541
121,508,763,648,744,1790,1876
184,508,1368,475,522,4,30
375,508,2421,2261,2107,791,2410
291,508,2054,1222,1279,1217,1427
297,508,2391,2103,445,827,584
48,40,52,40,22,1158,234
385,508,2232,2031,972,1157,1313
58,508,126,1911,1564,2495,1961
176,508,1944,1097,1282,714,872
193,508,2102,1291,2365,703,1284
42,508,823,323,707,1042,740
165,508,475,936,152,252,97
55,300,509,1396,1300,1736,2129
305,508,1726,1051,739,1346,1026
81,508,622,469,334,529,651
201,508,1421,1218,1247,1072,1283
189,508,2209,1255,2332,1223,1277
273,508,1514,688,583,642,926
267,508,2104,1578,1251,61,233
147,508,1657,1137,341,1518,1742
224,508,1624,1688,1308,1301,1085
277,508,2035,857,1624,1572,557
218,239,958,1170,1091,1803,1852
326,508,2404,1513,2046,2186,2352
298,508,1910,1582,939,417,849
217,508,1313,1646,880,717,981
356,508,2447,2420,2317,1193,1748
177,508,1259,2351,1784,1944,1925
99,151,535,1682,2099,1866,1935
322,508,2002,1675,2347,2427,2314
316,508,2158,1692,2238,1015,1338
140,508,1390,1867,2213,2421,2533
354,508,2140,2126,1993,2472,2273
114,508,381,631,628,1732,1317
173,508,1911,2350,1657,1630,1315
37,508,103,399,1579,1871,1131
215,508,1418,1981,1631,2373,2302
304,508,1957,1900,1019,724,546
149,345,522,859,635,298,317
172,508,1120,2120,1577,2483,987
314,508,2333,1853,2008,2579,2370
43,336,546,1569,278,163,250
37,105,981,1820,1207,2345,1793
117,508,1310,2023,1118,2035,1524
325,508,2278,1599,2444,2042,2487
333,508,2509,2467,2543,2561,2588
74,508,517,1472,1705,1793,1213
283,169,1436,965,695,1462,776
166,399,632,945,605,1133,1537
193,508,1954,1434,2221,2086,2201
172,508,1076,224,1139,1569,263
157,508,1006,1318,1811,1401,2386
298,508,2215,2151,1087,1712,2173
214,508,1425,332,1256,1315,763
277,508,2382,2459,2327,1934,2293
157,508,876,640,343,662,871
101,499,1218,1187,317,377,166
95,152,421,304,161,460,247
114,508,625,566,722,418,566
107,441,390,799,706,1888,998
228,508,2062,1514,1913,2367,1859
297,508,1567,1786,2373,2316,2466
163,434,920,584,1515,585,689
209,508,721,1664,2320,2526,2497
35,55,473,944,47,1086,544
248,508,1838,2064,912,1929,1851
369,508,2540,2525,2565,2586,2430
237,508,1685,2204,1943,1185,1616
168,508,965,411,251,1491,175
338,508,2455,1886,1669,1662,1051
71,508,152,579,1344,615,540
244,508,1848,529,1715,2273,1895
374,508,2568,2555,2587,2181,2555
258,508,2315,1948,2120,1970,1711
289,508,1393,1598,1684,1619,1209
281,508,1518,520,1679,979,673
158,508,971,638,544,455,435
286,508,1704,1209,1702,2041,1758
263,508,1804,762,1949,1431,1520
208,508,1140,718,633,890,433
33,135,29,265,182,415,713
228,508,1041,95,626,1121,102
311,508,2260,1944,2448,2441,2209
92,508,351,73,102,324,257
315,508,2435,2481,2472,1519,2301
214,508,1077,368,383,1446,355
206,508,1747,634,1071,743,860
113,508,1137,1553,2293,270,677
140,107,911,483,680,1517,1663
202,463,1010,219,385,607,385
93,508,1013,2365,2058,2569,2419
116,508,415,261,456,1763,370
300,508,1160,798,1544,1165,1242
240,508,1524,438,498,1438,618
298,508,2225,2503,2502,2257,2213
173,508,801,1532,564,470,232
305,508,2107,1041,2170,1599,1173
49,65,65,68,58,911,87
378,508,2580,2580,2570,2518,2567
178,508,1358,1709,908,838,1549
325,508,2500,2550,2279,2412,2535
356,508,2573,2543,2475,2581,2572
193,508,2110,2441,2526,2519,2261
74,121,294,785,1325,666,1387
217,508,539,1417,712,536,382
150,508,295,414,483,495,581
214,508,908,455,906,1472,572
149,508,1381,1042,1229,889,473
22,146,224,161,143,408,388
149,392,598,692,668,562,459
267,508,880,833,1456,197,440
304,508,1994,1890,1536,786,1762
267,508,2241,2011,2048,1484,1421
140,222,1322,1735,1601,961,761
95,508,601,1451,1157,2326,2171
163,508,698,1494,1322,2328,1116
107,192,951,588,328,1297,2041
181,508,518,1225,702,1798,1303
99,508,924,2150,1923,2341,2272
296,508,2311,1557,1933,2209,2296
229,508,881,787,934,481,1086
165,508,1325,1147,946,526,389
321,508,2507,2248,1930,781,1739
71,26,820,1465,1121,295,2224
366,508,2571,2546,2454,71,2465
290,508,1765,2063,2198,2108,2145
320,508,2279,1881,2146,1670,2021
228,508,636,1353,1123,619,452
312,508,1812,1108,1946,2036,2228
300,508,2417,2538,2488,378,2493
131,120,330,1566,1413,1499,1710
184,508,1728,2127,1274,1864,1730
185,508,864,598,344,453,287
357,508,2545,2507,2547,2502,2569
266,508,941,2079,2084,1725,2477
283,508,1180,1851,1894,1528,2101
105,508,1273,1811,2371,2211,2366
137,296,1876,2019,1289,1585,1258
92,508,1640,2059,1009,235,477
305,508,1966,1397,2049,2161,2263
161,508,669,293,876,339,515
278,492,1788,466,284,335,145
279,508,2037,1942,879,1665,1402
255,508,1855,1742,2229,964,1160
312,508,2095,1092,1407,2012,2042
117,508,1537,472,1022,776,204
221,508,1696,1109,959,515,686
287,508,1447,669,828,1395,1030
107,508,171,117,57,1384,358
291,508,1947,1442,1616,538,550
272,508,1723,2006,2195,2132,2328
117,508,929,2187,1175,826,876
209,508,1490,2425,2422,2489,1940
208,508,1631,1236,1739,1764,492
273,508,1597,221,150,108,133
4,508,124,97,17,15,104
156,508,1213,1980,1333,1893,1898
273,508,2321,1697,2400,1959,1960
156,508,1315,1845,1567,700,1111
156,373,1235,1716,1059,1606,1780
89,508,650,758,2038,2530,2364
94,195,367,1325,391,2174,1786
244,508,1730,1246,1386,1077,553
157,490,1616,922,2202,2301,1459
221,508,2457,2564,2358,1755,2305
224,508,1609,2409,2334,2280,2338
240,508,2153,2308,2162,1946,2088
321,508,2558,2544,2214,2536,2288
136,366,271,453,675,366,855
267,508,2461,2390,2350,2179,2286
201,508,1469,1883,1403,231,1479
207,508,1611,2130,2127,1307,1798
314,508,1830,1332,1448,2366,2462
148,466,964,765,350,312,752
216,508,1158,1085,1573,2491,2024
286,508,2332,2289,1237,2299,2402
317,508,2240,1162,865,1075,706
282,508,1112,784,932,1028,1393
106,508,1170,1186,607,58,464
362,508,2566,2552,2528,353,955
259,508,1746,869,782,1889,469
228,508,2308,2304,2104,2364,2389
259,508,1969,1347,1890,2183,2265
168,508,1845,596,1462,1128,1100
149,454,373,71,216,76,24
185,426,2100,2251,938,918,1297
93,508,210,245,919,1557,635
202,508,1166,1189,1254,869,2027
257,508,2135,2534,2508,2584,2581
240,508,2044,1693,1773,1044,920
281,508,612,471,1253,2365,1262
244,508,2361,2512,1989,2447,1817
139,508,1026,1594,1822,1390,1674
90,508,221,1459,692,1324,426
216,411,838,1468,1526,611,1109
326,508,1331,911,1656,522,785
208,508,2323,2559,2339,2556,2397
238,312,1399,1433,1998,2053,2407
230,502,1627,1479,1231,1887,1884
238,508,2022,1896,1962,2508,2108
165,262,1067,2112,325,1225,889
392,508,2589,2576,2579,2591,2579
229,508,2288,1927,2369,272,456
5,361,434,993,296,1660,1128
144,508,1455,1431,940,142,418
354,508,2398,2315,1950,1967,2583
128,508,1677,1746,1105,805,947
271,508,1873,1183,2010,1373,2198
52,164,176,1476,546,788,826
106,460,657,173,192,101,63
193,508,1448,2453,2328,2349,2451
164,357,1581,1913,2232,1812,1993
359,508,2524,2053,1054,169,743
193,508,1898,1644,1908,1761,1024
267,508,1865,1040,536,88,253
291,508,2032,1920,2076,1750,2141
156,508,548,889,421,613,974
193,508,1407,587,867,1156,973
267,508,1900,973,1594,1196,1490
278,508,2428,2033,2552,2163,2417
350,508,2304,434,1292,1787,1228
220,482,1635,1940,2408,1825,1966
240,508,2036,1850,1692,433,795
244,508,1375,365,66,237,25
140,508,1401,2225,2153,1231,1904
37,159,600,281,402,1397,1745
312,508,2473,2049,2363,1003,1525
149,453,1964,847,621,349,609
149,401,1574,1840,1710,2358,1653
210,472,1282,2108,2086,1951,2259
26,93,117,941,151,621,554
239,387,1451,1879,1499,1298,2463
129,210,631,237,731,1427,424
173,508,1099,1614,1927,1963,1999
94,508,1414,2222,2496,2535,1463
1,508,7,2,225,847,356
297,508,1309,915,484,1151,497
290,508,1797,550,482,1048,399
61,221,349,734,596,1198,815
250,462,1534,2239,1376,2351,1848
209,508,1229,1100,270,1069,1955
144,432,1575,1358,1384,1772,2153
266,508,2143,1884,1737,792,1122
244,508,1615,263,406,264,106
368,508,2538,2529,2534,1754,2491
248,508,2326,2161,2473,2151,2254
120,359,1386,2377,1438,2436,2315
223,508,882,778,958,604,485
194,159,1789,2016,1027,1809,905
184,508,2316,854,641,217,238
268,508,2362,1608,2257,332,579
259,508,1121,667,671,744,580
193,508,1214,1096,2031,1326,1414
113,508,451,1610,1666,2404,1596
94,508,78,394,869,1542,191
271,508,2196,2018,2351,937,367
267,508,1060,663,1151,709,155
41,19,59,694,384,1645,1176
236,508,1040,2042,2342,2547,2222
66,357,817,594,476,375,919
173,508,1261,953,1805,1379,1491
259,508,2034,2485,1826,1470,1142
177,508,1907,1548,1939,1376,961
281,508,2023,1618,2474,2306,2415
312,508,2094,2455,2392,2004,2356
259,508,1976,2050,1810,2425,2182
132,508,547,969,1013,737,476
220,508,1904,1808,930,1068,925
118,222,293,1141,746,1617,1172
163,280,750,474,145,898,142
140,508,798,1543,738,1982,1090
43,508,909,1681,440,265,1435
282,508,1936,1979,2218,2154,2385
106,508,1569,378,140,82,47
90,508,810,1665,575,1846,1143
228,508,738,1989,2226,2017,1863
184,508,1979,2402,2201,220,577
272,508,1520,2359,1730,569,767
131,508,148,552,762,1127,1489
163,508,508,280,928,1102,574
121,508,1241,1671,1918,2168,1731
193,508,1724,954,1836,649,631
90,508,394,756,1132,1740,1179
186,508,1475,2046,1849,1170,1332
177,508,2184,2410,2269,1235,612
330,508,2438,2517,2562,2555,2525
54,295,1142,1145,1731,1669,1753
323,484,1815,568,774,751,971
187,508,1683,925,1653,1181,1199
209,508,2300,2389,2181,1651,1518
113,508,898,103,724,459,256
345,508,2468,2417,1704,2269,2231
174,479,1023,364,1539,1140,931
105,231,1307,1652,1779,1232,916
126,408,1066,1007,1246,899,1071
58,508,946,2020,861,1024,1498
201,508,999,763,787,518,513
79,122,700,780,761,540,698
249,508,1203,923,1832,1130,1497
178,508,1552,1008,530,1047,597
176,419,843,811,597,936,1355
163,508,645,192,1146,727,803
70,36,83,88,361,545,352
304,508,2469,2557,2388,2398,2381
121,508,893,1006,439,1452,783
158,508,1333,966,825,39,75
152,508,1384,1037,1349,1037,1959
257,508,1178,2228,1348,2497,1517
173,392,628,96,636,707,1808
312,508,2431,2542,1899,2005,1433
228,508,1582,1931,1245,2428,1348
258,508,1686,1238,1248,1094,682
184,508,564,352,428,785,132
247,508,1822,1274,212,749,1095
158,508,2283,1270,1204,1288,1662
118,508,1564,1918,864,1221,1374
198,508,812,1520,1856,2070,2398
217,450,1108,671,1483,1819,1084
294,508,1682,604,1729,1749,2219
106,508,688,712,1008,1810,1990
304,508,2444,1691,2460,1422,1413
113,508,1332,498,981,599,587
189,508,740,1158,1596,871,2155
72,243,320,1876,1874,2335,2527
164,296,1265,879,1168,1500,2003
297,508,2056,2277,2514,2287,2413
304,508,1949,1577,1714,1705,2345
297,508,2495,2373,2004,646,1629
289,508,2171,1503,2079,1295,1494
287,508,2343,2462,2296,2200,2245
286,283,2250,1592,1936,376,827
177,508,1338,1992,1851,2180,1913
118,508,1599,1837,969,1441,1641
236,508,1796,2498,2289,1548,1857
106,508,570,2189,1201,2118,1576
50,356,138,198,315,337,522
286,508,1689,948,730,640,423
225,508,1690,2340,2458,2379,2429
235,508,1931,606,1755,2047,1004
137,225,588,276,242,1801,1323
335,508,2330,2186,2244,2492,2547
77,508,369,670,2215,1152,865
328,508,2375,2183,2087,2411,2439
217,508,1467,1775,2082,778,892
160,471,984,691,1266,1050,1743
297,508,2141,1123,2384,2469,2467
263,508,2109,2384,2443,2583,2414
97,396,1081,1203,337,379,895
286,508,2133,1043,951,1335,1770
242,475,1607,1231,1630,1577,2094
172,508,1725,172,843,1333,265
291,508,1779,830,1754,978,1022
117,508,542,353,386,2462,1448
240,508,2055,2156,2516,2138,1924
212,333,1811,2510,2459,2388,928
293,505,1890,1501,2300,1372,2177
147,508,1320,1606,1902,2059,2057
93,357,453,2158,2158,2297,2383
179,508,1190,1343,732,773,1310
149,435,1281,511,713,297,854
78,301,199,283,619,1523,1048
233,508,2372,2009,1642,1966,1880
169,508,1008,2101,1124,330,1115
184,508,360,66,45,246,346
392,508,2587,2588,2569,2230,2505
193,508,654,1549,1360,1526,1386
29,113,37,248,175,191,239
214,447,1636,2192,1425,766,775
151,508,1794,2366,2070,2251,2295
46,508,170,165,358,659,561
240,227,412,1330,1089,2279,2289
116,280,1287,1360,755,990,1831
249,508,2059,929,1079,691,1155
135,508,596,540,1133,221,67
60,508,773,1266,886,953,1634
116,283,387,336,1319,168,1212
178,508,595,978,1070,1311,1430
145,508,2067,2370,1065,2127,1858
186,508,1501,555,1084,872,387
99,480,489,1127,1563,2380,1781
267,508,1584,2078,1766,1565,1879
137,235,456,714,376,868,1378
69,508,121,84,838,480,60
304,508,2503,2071,2130,957,2217
106,508,447,1289,1488,1743,1018
185,508,1298,1047,1221,1392,1810
300,508,1246,636,1028,1752,1923
173,508,771,1210,1531,1305,2227
193,220,1133,1165,935,602,847
209,508,2366,1769,1311,1904,911
208,508,910,2258,584,1751,1952
221,508,599,1185,1287,174,35
207,508,1463,932,1346,761,683
193,508,270,302,394,464,282
306,508,2355,1169,1314,1011,1060
242,458,936,1704,1439,1716,2085
74,508,352,562,915,1611,595
60,97,146,91,114,317,51
388,508,2577,2494,2527,1053,2570
271,508,1752,1254,603,594,1239
236,438,1264,1702,1111,1593,731
266,508,2392,2054,2129,798,1426
146,429,1186,843,511,165,1585
262,508,1596,642,629,575,1148
128,508,2131,2224,2092,774,500
117,508,1705,1321,1764,1114,1129
184,508,660,746,1340,1652,1344
193,508,2085,2111,2302,863,1304
224,441,1600,1912,1208,1214,2028
184,508,1538,1033,433,1391,559
193,508,1324,633,1095,94,1093
181,349,1316,1737,537,859,1440
121,508,260,1563,1683,2423,744
113,508,991,1392,1179,1682,2193
209,414,1857,1275,1032,1621,1869
181,508,865,2242,2185,2577,2371
156,508,544,2000,2301,2038,2232
193,508,1173,572,1670,821,616
44,169,321,1377,359,244,1096
112,508,618,701,1477,2033,1321
106,508,380,497,331,2171,966
129,508,1277,1878,850,1216,1114
125,508,442,301,257,74,136
184,443,1972,1717,992,1629,379
259,508,2201,1961,1558,2220,2200
193,373,1408,755,1126,571,2100
43,241,302,156,18,768,163
258,508,2276,2182,2039,1903,1994
186,508,1168,228,305,151,54
286,508,2388,2560,2190,1584,2404
237,508,1570,1371,1626,2016,1729
354,508,2331,2232,2511,1533,2503
289,508,1955,2173,1718,1765,2114
158,508,624,711,620,172,852
258,508,1818,2314,1806,2139,1215
386,506,2557,2021,2385,2143,2560
215,508,1919,574,490,1300,1017
304,508,2387,2165,2311,1954,2284
106,290,426,303,472,1383,902
141,404,526,702,857,1460,1568
241,508,1347,1595,1480,2246,2032
107,508,969,992,688,952,562
259,508,1776,2029,1925,2355,2144
257,508,1925,2491,2453,2541,1929
257,508,1951,1002,1072,1493,2350
78,508,228,269,374,624,366
297,508,2212,1195,2102,2482,2438
281,508,1999,1779,1061,201,1383
76,103,66,123,551,1658,1424
309,508,2510,2038,2237,1287,2121
105,246,569,1057,2019,2484,1872
134,508,1427,1296,646,831,1234
229,508,1843,2457,1794,660,1755
51,179,19,126,146,9,1
106,140,828,2114,1760,466,1119
267,508,1680,2073,1906,2415,2059
85,508,1132,1144,436,2100,1718
185,418,1020,890,486,2106,1192
205,508,1737,2330,1723,1942,2306
328,508,2526,2045,2518,2585,2559
316,508,1790,1813,814,319,262
317,508,2491,2451,2440,907,2476
314,508,2139,874,518,29,70
202,508,776,619,1066,1238,760
116,508,208,1917,1069,1724,1101
118,508,389,286,468,1892,1078
250,508,2086,2369,1650,870,1987
193,508,1110,1538,2395,1915,2446
13,284,938,175,77,162,6
259,496,2103,2208,2316,2285,2580
173,508,1642,1972,1243,829,993
279,508,1895,2464,2476,2055,943
325,508,1995,1860,1907,1465,1590
335,508,1850,2283,1654,2202,1712
116,508,1805,278,1940,47,276
37,23,110,388,138,741,391
106,158,135,129,249,130,1167
208,500,1846,950,579,982,2035
307,508,2163,2260,2005,1681,2191
325,508,2173,1387,1317,1032,1875
156,508,927,1106,538,855,1050
128,392,392,1174,1177,2061,2323
150,508,563,988,1052,1319,1272
163,473,1610,1888,562,2240,817
352,508,2556,2574,2418,2444,2495
286,508,2192,1768,1600,394,1388
121,508,1062,1050,1893,1575,851
299,508,2245,779,1664,1340,1861
163,508,2339,2479,2115,1638,2161
52,158,785,1019,589,836,864
41,24,153,503,355,392,454
181,508,1127,1067,910,327,724
99,201,783,2116,1451,2185,2363
149,508,427,444,505,1336,248
79,126,992,2361,1171,1381,2048
248,508,813,1725,508,2283,1278
291,508,2380,2407,2376,2520,1865
206,508,1576,716,994,938,830
177,508,1036,942,535,819,990
281,508,2159,2404,1931,1505,1655
244,508,961,477,1834,1570,788
220,508,1844,258,1937,738,119
284,508,2070,1828,1866,857,1151
2,368,23,67,174,608,147
277,508,1810,2082,2287,2332,1747
270,508,1782,2030,2009,1494,801
286,508,2381,2571,1555,2085,2068
240,508,1535,2406,1957,2521,2524
164,508,2061,1907,1641,1713,972
107,508,584,812,690,998,1147
89,508,1763,1722,272,25,59
248,508,2063,2005,2164,2464,2359
11,508,62,70,181,1433,361
209,508,1326,1411,101,1745,1245
249,508,1741,1699,1249,1345,1021
60,508,14,46,160,323,190
240,508,1312,1798,1619,1304,2031
173,508,943,523,134,1082,1023
111,242,663,1082,1291,865,1322
193,508,866,1072,1771,1029,1438
296,508,2191,1756,1700,326,502
107,123,284,1453,902,1996,1819
42,122,157,1842,435,1913,1347
144,508,417,733,487,1101,898
43,508,233,60,116,123,42
247,508,1092,2287,1290,634,1249
63,296,483,383,1796,2102,1227
28,508,100,275,339,97,260
200,457,1554,2299,1722,2303,2176
154,508,1458,1422,2304,1680,2214
323,508,2285,2131,2446,2480,2401
144,392,1359,2145,2091,2430,2185
140,508,1382,680,247,682,341
140,307,728,1249,259,926,1838
287,508,2429,2422,2254,1878,2346
206,508,1240,1554,1250,2037,1989
202,476,1563,1061,1341,1406,1765
126,508,1249,795,813,1697,1271
223,508,1654,1448,1592,528,499
106,508,827,1604,1117,645,1164
106,114,346,603,255,1701,1405
267,508,1899,1035,1372,1624,2164
138,508,1049,1117,977,475,463
172,508,1363,1129,1140,991,1507
329,508,2177,1870,2088,2250,2492
214,508,1927,1899,1264,1458,1231
32,74,313,710,324,1689,1340
228,508,1905,872,777,280,394
321,508,2434,2584,2542,2442,2440
275,508,1808,2202,2211,1125,985
392,508,2560,2184,2551,1957,2433
382,508,2583,2583,2576,2590,2582
236,335,2068,2262,2398,1547,2341
89,508,678,2080,1356,728,989
267,508,1480,2206,2015,1700,1702
250,508,1729,1865,2432,1551,1171
257,508,2324,1791,659,1532,1540
173,508,1383,2198,1845,395,1342
70,508,713,516,913,537,302
231,218,1073,1131,1167,1918,2010
165,508,1245,2347,2524,2439,1563
168,308,840,1194,423,1595,1465
25,101,263,409,171,461,991
136,508,1206,1150,766,986,1029
63,477,168,74,281,5,13
164,508,549,1302,1802,2114,1468
221,508,543,135,99,45,112
193,508,1220,860,274,166,264
55,508,729,1163,822,131,246
130,138,523,858,1428,1997,2392
221,332,2183,2528,2040,300,590
265,389,2115,2098,2276,2402,2403
164,508,1662,159,279,1184,948
297,508,1918,1014,1393,1256,1528
273,508,2081,1663,1584,719,1361
374,508,2554,2506,2556,1320,2514
50,508,97,152,130,1294,672
214,508,1583,2140,995,1964,1984
214,334,1849,2447,2216,266,702
85,231,190,880,392,1430,1449
79,508,264,815,1543,193,422
267,508,2164,1602,1119,546,547
40,48,192,75,53,494,111
163,508,736,420,840,1636,1399
157,485,1012,1819,1189,2222,2126
64,62,324,591,1701,1981,1932
266,508,1618,2065,812,48,1790
76,68,470,536,396,922,669
10,44,46,55,554,663,285
264,508,2024,674,779,269,856
164,255,2137,1198,1749,504,995
107,357,240,1020,1420,1436,1580
147,508,1164,2391,1948,1936,1392
252,508,1673,1478,1775,1634,1840
321,508,2499,2474,2549,2241,2577
96,508,155,1444,1677,1776,1481
25,508,27,11,112,69,29
140,508,777,482,1002,2156,1956
244,508,1694,2015,2013,2172,2147
128,434,262,728,416,243,880
236,508,2043,2393,437,835,1373
286,508,852,1615,866,499,619
243,508,1288,1857,2126,1857,1682
325,508,2390,569,1892,1000,2104
173,508,745,1694,1033,2010,994
173,400,1146,1214,1109,807,772
149,508,589,666,24,383,288
189,508,1086,369,1018,301,658
291,508,2452,2300,1758,2051,1979
137,370,587,493,95,75,108
184,508,712,189,709,1258,861
149,508,2045,2221,1767,1180,957
81,121,254,185,346,535,696
266,508,2280,2376,2151,2034,1551
59,508,242,510,475,1141,734
325,508,2254,1300,1798,579,1316
244,508,1889,1866,1768,416,484
121,508,1192,2442,1530,880,1708
102,508,1461,1796,1823,1711,1182
94,357,158,41,366,147,71
179,238,1019,548,885,587,694
283,508,2182,1537,2455,2113,1391
158,260,339,2266,1374,1341,1281
120,244,859,1399,1100,940,1334
63,69,378,2066,239,1012,1058
107,508,741,907,632,1325,1076
116,191,1117,1161,1215,2321,1346
260,508,2233,1723,2580,1176,2342
325,508,2227,2292,2415,2500,2287
252,508,1641,1524,1743,1432,1336
229,508,1291,1953,1985,2485,2109
391,508,2585,2500,2525,1727,2584
240,468,448,538,1909,1687,1759
216,379,1416,1528,1415,1821,1434
208,508,1881,1874,477,158,269
202,348,2180,1733,1205,623,703
58,508,216,134,199,24,50
140,293,468,1817,352,1410,1121
299,345,856,904,527,1091,745
37,222,51,36,35,917,57
208,508,2148,1891,1910,784,1357
57,306,572,518,901,755,1377
240,508,2124,2354,950,79,1592
177,508,1124,1852,1316,1992,1609
58,508,529,106,390,507,138
185,508,793,1329,1648,356,1480
278,508,2142,2097,2179,1010,1815
321,508,2006,1763,1786,2258,1827
193,508,1670,2318,2228,1771,1795
244,508,1105,306,748,34,48
193,508,1251,951,2095,1222,923
297,508,2360,2360,2558,2091,2251
220,508,1369,1331,1523,1080,1844
173,508,1922,1629,1795,2043,1633
10,13,60,488,136,351,814
320,508,2097,1224,1589,1562,2029
184,508,512,590,194,257,792
246,508,2284,2448,2461,1233,2396
193,508,1045,1272,874,963,1042
202,482,1531,809,504,365,229
297,508,2432,2537,2390,1291,2234
118,508,786,395,1484,2135,1544
58,508,780,1643,149,114,196
228,508,903,1715,1687,959,2050
48,198,316,169,221,652,766
233,508,1625,1589,1031,1387,2058
209,508,1833,2504,2447,2504,2459
29,508,292,486,1383,1286,866
116,224,626,1119,877,593,151
214,508,1361,2381,2520,2265,2405
205,508,1602,1437,1173,2323,2138
178,443,715,952,569,1251,1565
184,260,1825,1998,1500,1192,1529
314,508,2271,2237,1898,1813,1934
278,508,1114,867,1212,1988,2215
145,508,621,132,84,787,1185
51,508,40,197,276,1451,1108
244,508,1299,1707,991,136,1031
132,374,883,1522,1554,1481,997
106,508,557,179,549,287,413
181,508,807,1648,1453,596,421
145,438,275,452,980,1374,726
153,347,704,679,419,1463,1751
392,508,2582,2592,2583,2224,2578
197,355,851,1307,1765,1851,1094
144,241,1306,709,859,567,1196
229,453,1699,1406,497,568,758
244,508,1649,1580,1848,2204,1364
332,508,2535,2558,2568,2543,2482
252,508,1400,1546,623,1265,668
136,321,1492,1509,844,846,214
193,315,1620,1374,1491,1539,453
187,508,2144,768,1257,928,710
106,508,372,361,32,345,754
178,508,1542,2245,2065,1779,2181
320,508,2289,2357,2089,1137,1073
266,508,1311,557,891,683,700
259,247,665,573,403,52,704
240,401,1198,1308,947,586,395
121,508,1478,2194,1309,1355,992
58,508,825,238,2106,2414,2064
98,508,513,737,1559,1867,1949
152,459,550,553,1557,413,223
243,508,1348,1583,1994,2058,1532
148,508,977,656,2026,2031,2116
291,508,2194,1590,1015,729,1015
95,281,1056,1078,1843,2244,2484
341,508,2126,989,1492,1022,1515
11,7,18,113,111,310,249
207,508,1658,828,500,657,789
173,276,1321,1084,2177,2112,1897
217,508,1011,421,1534,1285,958
105,102,895,609,975,441,354
95,163,774,571,1210,1894,787
193,508,861,366,502,684,86
151,508,174,818,1188,1869,914
144,508,873,1771,1770,1895,1601
207,508,1774,1656,1815,1580,2002
338,508,2370,1488,1622,364,534
120,187,480,542,1001,581,742
164,508,375,255,214,361,83
147,508,1252,1171,1156,981,807
4,508,217,110,43,207,76
69,455,627,215,449,748,1020
147,508,1435,2337,1977,2429,2360
149,508,1449,735,1144,1639,1508
58,60,184,832,62,171,685
231,508,868,370,832,421,586
189,274,831,1680,1720,1881,2368
217,508,1271,2004,1689,186,1134
220,508,2291,2168,2199,194,723
240,508,1903,1986,2288,2516,2416
140,508,630,328,1194,2391,1821
235,508,1655,1806,2000,968,2009
193,464,1250,786,823,255,439
106,222,602,659,576,757,1062
312,508,1758,1365,2456,1558,2279
258,508,1429,2368,1330,877,954
106,508,993,1584,2437,2416,2470
106,508,1548,1167,1553,848,964
194,330,1084,1654,2309,2289,2105
262,436,2049,2401,2391,1832,2391
