199,794,1453,1898,2218,1878,1345
49,155,211,98,331,534,1
15,794,182,235,984,664,1
300,794,2428,2228,2512,2016,1478
193,794,1207,1209,1504,1299,1
90,794,2164,2377,1954,243,417
33,794,242,207,940,289,1
97,794,2122,2429,1750,1853,632
196,794,1840,1664,2321,1087,768
163,794,968,1385,856,909,13
187,794,2293,1066,704,491,741
203,794,2216,2138,2368,1156,1360
141,288,1765,2468,2003,1638,1565
151,561,1130,1606,1815,1585,861
158,341,1633,1336,2219,1857,353
153,772,2213,1302,1096,525,1
192,744,1531,1431,1004,667,470
117,794,1596,981,2094,2150,515
107,616,354,1198,2016,1020,428
155,512,1364,1121,1239,1408,728
136,464,1748,2016,1811,2160,901
137,794,947,2052,2005,2166,1047
181,794,2289,1102,875,1388,1000
222,794,2372,2128,1018,2287,1554
174,794,849,750,1221,635,1
63,275,1176,1494,1630,913,270
196,794,1705,1396,2034,2266,1091
38,794,424,634,713,1454,539
224,603,2236,2572,2568,2571,1681
150,794,2389,1257,995,408,1
203,794,2346,2506,2508,2437,1395
85,629,2134,1566,1173,1727,106
25,794,486,241,1638,1465,370
153,794,2256,1990,1914,2057,1134
221,794,2392,2328,2208,1880,1248
188,794,758,506,262,54,1
48,209,501,1390,1781,1699,727
187,794,2025,1595,1311,1725,1437
204,794,1029,1610,1598,1971,1108
89,456,231,511,772,2262,1
47,794,241,335,445,612,140
233,794,1708,2248,2553,1611,1479
259,794,2329,2510,2313,2291,1658
279,794,2239,965,1726,1369,987
179,794,2312,1427,2472,1827,1242
210,794,2415,2175,2329,1622,1235
71,259,75,373,965,952,35
125,206,733,1714,1808,1595,1220
199,572,2549,2574,1882,1988,1519
158,794,1625,1607,949,1943,961
114,794,1824,1660,523,1707,11
188,794,1712,899,639,398,1
287,794,2450,2023,2356,1858,1157
225,794,2460,2207,2248,2178,1346
64,794,937,416,846,428,1
211,571,1103,2216,2075,1776,1337
137,675,1427,1048,930,84,1
268,794,1414,810,1387,777,1
27,228,43,186,677,976,1
223,794,2027,1810,2042,1877,1161
246,792,2555,2580,2589,2041,1652
74,485,1082,1471,1862,2400,1208
289,794,2479,1271,2163,1677,1
250,794,1980,1590,2090,1673,720
84,432,510,693,819,395,862
164,794,1602,1412,1660,1056,463
114,549,287,295,808,1141,1
29,526,188,893,1718,2187,706
269,794,2150,2113,1579,2301,1425
187,621,1773,1620,1165,1947,1626
202,794,1197,2558,2501,1652,1545
221,794,2247,1306,539,311,1
309,794,2463,2088,2285,1763,1285
127,701,915,1365,346,925,667
8,794,226,116,1123,102,1
64,343,677,644,155,167,1
190,794,1479,1525,1066,1264,115
191,794,1371,1658,1994,2300,1255
20,794,617,426,1197,453,220
139,474,1351,2081,2271,2001,1591
90,794,1402,703,198,1102,382
304,794,2542,2457,2510,2370,1624
251,794,2310,1891,1118,210,616
184,712,1326,576,547,892,1
128,612,1585,2223,2048,2028,1297
181,602,1158,952,783,589,1
318,794,2371,2583,2557,2434,1678
38,59,351,280,625,1532,683
44,190,339,246,115,475,280
269,794,2315,2322,2565,2249,1581
81,794,1291,1187,1466,1852,684
74,794,1264,1623,439,645,122
127,794,1895,1399,1547,1610,462
64,584,1904,1653,566,1061,201
115,794,1057,2358,2504,2330,1504
112,314,1924,2458,1958,2544,1641
185,571,1493,1931,1135,1974,1400
9,63,971,503,414,1761,354
235,778,2271,1881,1594,1450,685
1,182,213,217,129,510,474
263,794,2407,2107,2414,1692,1180
185,410,2250,2295,2434,2507,1716
136,494,1115,1046,954,403,507
216,794,2354,2394,2463,2451,1590
196,794,1751,2569,2348,2513,1715
74,794,1178,1138,1275,528,1
62,316,871,2284,2449,2582,1333
129,794,1080,798,520,422,1
203,794,2181,2383,494,1958,731
72,794,1398,1464,2494,1383,1040
22,141,401,423,1236,1324,488
128,794,698,856,1746,1041,221
164,794,1734,2198,867,1008,160
42,205,765,712,557,2208,751
20,59,141,1234,152,279,1
34,56,65,166,172,718,1
49,191,216,257,38,214,208
211,794,1941,1816,1743,1241,453
29,93,342,1428,1603,1525,208
74,523,1170,1376,140,765,286
201,674,1567,1628,1153,868,265
239,794,1956,2011,1343,1986,1133
211,794,1896,1738,1909,2162,984
144,285,612,699,175,410,604
39,794,355,404,1339,463,39
107,136,495,1316,794,450,92
181,794,1436,733,589,781,1
19,31,128,178,327,460,1
140,449,2189,1060,607,866,573
39,794,206,697,1570,570,1
171,304,1528,2190,2263,2079,1271
194,794,2446,1997,2316,2199,1228
83,741,1369,1201,624,888,754
84,794,1005,640,887,617,1
221,794,2356,1942,1875,1887,1049
249,794,1958,1372,1624,1192,1
169,531,1174,2161,2077,2524,1610
206,794,1611,2480,1992,2091,1054
72,794,1123,1345,2124,1749,810
128,409,931,1108,1680,2273,937
150,648,973,1599,1911,2355,825
107,794,1039,1077,1300,1019,723
195,794,1987,910,1834,955,557
174,794,1439,1344,1706,967,690
201,570,1485,1705,2039,2145,740
128,794,1882,1587,317,2061,815
191,637,1880,1910,1889,1689,1156
179,761,2047,1197,1852,1922,1083
127,794,1501,1430,2453,1266,952
245,794,2364,2236,2038,2237,1634
141,794,1595,2552,2537,2509,1665
81,794,621,2168,428,1029,1
202,794,2345,2365,2037,1995,1132
287,662,1976,2169,1919,2499,1593
78,342,539,1173,534,2106,436
44,794,1608,2020,385,1540,838
211,794,2113,1165,1604,1352,1
181,563,1628,1504,1778,2390,1388
185,677,1624,1965,1464,1902,934
25,112,235,209,15,38,208
127,794,2160,2060,2166,1634,1209
44,460,428,388,109,830,438
98,794,1706,2414,1350,2374,1149
190,794,1873,935,2195,2337,1515
70,451,1328,1082,159,898,1
265,794,2551,2581,2584,2584,1724
139,754,2213,1499,1179,1384,1198
52,794,459,651,324,1182,277
114,615,1440,924,1199,673,208
48,794,1622,1976,2487,2466,1660
165,546,795,1517,961,649,636
102,751,2369,2073,2157,1818,730
179,794,1217,2374,2338,2063,1562
114,427,1231,2083,2499,2217,1575
182,749,2237,1261,1683,1403,1158
81,249,1105,1120,1147,614,656
187,794,1467,870,1477,110,1
190,794,1619,980,1530,873,163
74,285,1024,522,1467,2567,1176
107,794,1564,1166,1449,785,243
144,794,2115,1248,833,1289,962
224,794,1970,2044,2212,2484,1392
181,391,2240,2359,1975,2429,1571
222,794,2535,2352,2505,1728,1426
114,794,1422,465,1942,1356,362
221,794,785,936,1693,535,54
231,794,2375,2278,1182,173,1
204,794,2174,1804,2175,1848,613
100,440,1563,1202,955,1206,1
232,656,1139,1554,1351,251,359
100,794,667,249,1056,405,1
217,794,2266,2080,2250,618,924
85,286,456,943,432,1732,1
89,261,1242,299,652,1434,1
21,280,439,199,272,543,1
127,490,1392,1612,813,1238,1
97,431,320,311,374,559,1
1,385,2,53,336,185,1
119,794,1157,1104,1864,1227,1
174,794,1403,1766,1266,1624,492
101,203,1607,1967,842,703,1
9,794,155,127,421,75,1
52,794,308,151,1267,48,1
22,86,138,346,419,1278,208
84,794,1271,1614,471,307,1
13,382,237,917,1421,1756,208
46,794,909,2445,2340,2071,1583
187,794,738,1085,370,1237,1
157,794,788,586,1368,2207,1070
1,1,2,11,23,1199,1
203,794,1884,1328,1373,429,1
286,790,2487,2298,2069,2327,1095
46,548,228,1123,188,911,693
115,794,800,747,1689,1255,882
211,794,1727,559,1552,1275,408
171,794,2367,1754,2053,2047,880
118,794,893,1276,847,1650,718
14,82,83,92,238,647,28
81,305,345,371,267,750,208
211,794,2373,2057,2040,1861,1258
164,794,2401,2260,2055,2101,1116
64,234,475,685,499,1856,530
74,112,1559,1796,2146,2349,1135
186,794,1973,1035,2065,1735,136
89,673,644,1025,504,1165,20
128,706,2433,2397,2397,2550,1587
174,423,1524,1666,1301,951,302
128,456,1341,1991,2007,2414,1588
211,757,2090,1964,1757,2052,1118
193,794,1898,1579,816,1267,104
164,794,1677,1061,496,493,1
29,166,144,182,325,1486,254
48,286,821,808,528,921,329
101,446,408,339,793,1623,308
181,794,1816,1053,1861,357,1
90,794,406,974,130,661,442
155,472,1093,734,1009,844,1
176,794,2089,2118,1558,1208,427
140,794,1801,1980,1798,1928,1097
142,411,1505,1070,1494,572,1
158,794,1091,624,1234,159,208
57,397,655,786,849,620,1
188,794,1438,1404,661,1583,292
248,794,1749,1274,2470,1562,841
32,99,482,469,500,1100,345
211,794,1671,2105,1665,1567,411
289,794,2419,2526,2493,1753,1268
248,794,2291,1363,1929,1698,52
43,428,402,261,205,497,1
81,794,714,978,536,1402,635
97,467,508,2232,2485,2449,1469
52,288,1068,1284,1581,1602,341
84,794,1746,1476,1633,1220,842
1,2,15,51,91,692,1
72,351,312,1016,1493,1435,1341
150,794,1424,1927,2089,2251,1628
19,157,541,1741,743,1688,585
22,794,154,223,836,345,1
22,314,996,637,644,380,1
187,794,1192,895,1761,1955,235
90,794,1116,2325,2377,2552,1441
221,794,2252,1845,2015,1204,793
128,414,316,327,1966,2518,1350
25,122,102,1179,33,778,532
20,794,719,785,722,1535,783
127,794,2318,1756,1520,984,1080
62,449,1126,2229,1229,2542,1549
211,794,2328,1229,1364,1448,1044
296,794,2277,2291,2521,2538,1655
195,794,1212,1394,1455,652,1
193,794,2102,2384,2522,2463,1536
42,113,364,370,473,853,49
202,794,2429,2536,2576,2486,1625
112,460,189,1419,2201,328,1066
57,344,1031,1242,2068,1896,709
62,576,1310,1268,2363,2566,1662
159,493,1799,1594,2131,1485,1057
227,794,2528,2431,2445,2323,1464
139,675,1186,1773,1915,2094,748
12,85,575,456,114,490,1
248,794,2324,2251,2566,2408,1654
139,655,1412,1973,1265,1355,785
148,676,1239,2321,2319,2454,1532
147,654,1112,1737,2164,1701,942
52,794,1616,1717,2189,2257,833
127,794,2039,1062,1661,1889,208
153,794,1902,1687,2230,2149,1010
188,794,1675,2135,2498,2502,1689
100,794,1051,1352,1113,391,1
45,105,301,180,705,132,1
206,794,1836,1459,2191,1552,701
114,525,1134,1013,1270,1648,1
45,42,205,638,206,643,146
199,784,2286,1131,1532,418,1
182,733,1967,1527,1171,663,1
148,794,2422,2164,2511,2465,1676
204,794,2208,2368,2468,2459,1551
13,124,273,441,304,1899,33
128,358,1592,1938,1414,2024,1115
204,794,1731,2056,1831,2168,1236
116,794,1243,1050,1487,346,96
1,150,415,210,526,699,1
193,794,2124,2265,1814,2205,763
211,794,2200,2301,1996,2344,1347
223,794,2214,1842,1585,1207,875
186,794,1432,1532,2092,1712,668
72,794,423,218,740,456,1
179,794,1483,1584,1413,1089,1073
225,794,2278,1551,1684,246,1
227,794,1833,1403,1780,1684,714
299,794,2467,2055,2451,1704,980
115,456,2276,2314,1967,832,682
276,794,2273,1851,2180,958,500
164,794,1475,646,822,156,1
89,317,1778,2356,2151,1908,1273
84,275,900,321,1095,1212,1
144,230,600,598,334,914,429
255,794,2399,1894,2159,1390,367
239,794,1997,1469,2412,1739,964
90,794,1511,1286,767,1601,1120
180,571,2114,1879,2114,990,512
264,794,1891,1678,2088,2425,1629
38,794,693,2502,2273,879,1416
44,63,200,675,69,254,1
48,119,362,862,612,316,1
174,794,1401,450,1065,897,1
89,564,1278,1805,1590,1373,180
128,794,1998,949,1888,2345,605
127,538,854,1407,1700,2000,620
171,683,1473,1791,834,299,1
72,794,697,630,2022,1290,452
294,794,2499,2563,2561,2444,1674
264,794,2303,2096,2241,622,523
63,794,1359,821,1284,1094,914
195,794,1718,1194,455,1231,187
1,1,4,55,18,631,1
122,716,2201,2000,2269,2283,1569
72,449,1063,992,1070,979,67
310,794,2516,2514,2450,2357,1603
224,794,685,1160,257,732,1
128,794,1947,1154,998,1190,241
1,794,172,115,640,340,1
112,794,726,961,585,579,1
218,794,2326,1917,1518,521,920
220,794,1805,2206,1352,988,1
116,794,852,1711,1161,1382,857
114,794,1087,655,322,115,1
224,794,2234,2280,2196,2316,889
1,128,255,183,99,1177,454
123,573,737,822,726,582,1
174,794,1952,1613,687,975,969
85,486,1929,1890,2408,2468,1561
199,713,2121,2275,2400,1770,1144
111,372,389,973,565,822,398
63,177,525,995,1488,1824,165
193,794,1934,1727,2304,1987,1493
140,794,598,220,1104,1529,361
128,794,458,1784,853,1473,929
144,361,930,684,214,538,334
249,794,2529,2570,2573,2568,1723
168,521,1634,2076,2332,1310,919
22,427,668,536,117,343,1
27,510,851,440,466,1311,1
46,193,521,744,699,1791,915
168,794,1330,1677,2110,2015,1223
111,354,1894,2477,2213,1530,1645
193,794,1125,2166,1982,2376,1420
181,794,806,1481,573,530,194
100,575,1411,1426,1398,1782,877
81,198,1968,2361,890,259,1204
140,794,911,584,2439,1682,561
181,794,2492,2172,2256,2493,1374
74,50,1129,1058,719,1481,563
181,794,1228,1659,2063,1084,374
90,249,628,1932,2425,2367,1521
90,794,1368,1296,596,987,642
78,303,537,317,339,187,1
83,514,776,1769,2286,1963,1058
20,794,367,2038,572,1210,1022
262,744,2253,2271,2171,2191,1567
25,85,180,145,1174,2116,566
110,484,1626,1491,1988,1283,325
186,794,1644,1744,1524,414,517
62,794,1325,1643,1426,2135,156
248,501,2304,2509,2567,2335,1390
140,794,1363,1557,1198,1659,1026
82,794,1986,1561,2174,2140,1405
38,41,79,336,481,2282,694
121,692,1452,1516,865,1058,357
12,9,58,106,228,1108,1
114,285,1725,2416,2182,1145,567
213,794,2357,1920,2431,2073,1130
136,724,1512,1987,2328,2004,1274
33,794,1757,472,212,626,1
114,474,890,422,277,218,1
227,794,1545,2245,2371,2238,1606
211,794,1930,1936,785,28,1
1,233,166,61,237,1439,387
1,4,13,64,599,1708,208
79,463,929,2040,1286,2072,1296
158,794,1963,964,1083,542,1
67,557,980,641,302,447,1
25,38,48,94,13,111,1
84,513,2254,2012,1943,829,472
196,711,2223,1573,1128,637,388
128,794,2178,1948,1597,1809,583
128,372,988,398,173,117,1
201,794,2462,2538,2387,1678,1457
20,662,147,267,1068,1359,3
46,282,257,490,211,369,1
23,238,338,189,614,1370,290
152,794,1951,2474,2123,2134,1325
164,794,1189,2017,542,1049,695
81,794,756,718,717,421,1
202,794,1655,1289,1671,1432,134
68,291,330,940,1209,2142,801
141,663,2191,2527,2396,2333,1604
103,794,2118,905,1251,2066,1280
127,773,1737,1137,1360,1307,868
64,249,1077,696,119,260,1
300,794,2550,2471,2526,2512,1690
101,274,1374,1355,368,555,1
141,794,1547,2006,1883,2081,1074
72,171,473,1208,1478,2422,899
38,234,1160,803,161,68,1
112,314,334,1000,522,1954,208
115,670,2343,1906,1713,1548,233
1,23,293,125,265,1215,21
240,780,2544,2484,2586,2555,1733
182,462,1517,2093,1641,2239,1041
174,525,2165,1884,1446,860,383
106,399,1681,2448,2421,2446,1577
25,185,1101,496,164,1758,1
283,794,2383,2428,2432,2480,1706
115,794,1195,1630,1801,1038,954
52,286,435,779,595,1901,344
141,794,2030,2313,2153,2033,1380
111,632,2111,1622,1138,859,544
278,794,2547,2564,2587,2385,1668
261,794,1690,2188,1399,2153,1408
173,794,2448,2324,2337,2517,1710
70,148,721,1555,1371,2005,1128
39,144,399,286,306,1044,69
117,737,1295,1249,2226,2246,1313
121,503,960,1534,1035,2010,643
115,794,544,494,1714,500,1
139,525,916,941,1255,1969,1189
114,176,577,563,377,25,208
140,641,1678,1434,1178,1833,712
121,579,2079,1026,1318,229,1
1,168,371,325,52,833,1
115,794,1273,626,587,367,1
84,689,783,2304,2104,2366,1557
24,794,104,326,1032,415,81
283,794,2175,1347,975,69,1
232,794,2225,2467,2199,1966,1191
52,141,421,268,695,134,1
127,794,1990,1729,1840,1897,904
114,794,2103,1868,2292,774,1153
74,387,1148,2002,1346,2195,822
211,794,2338,2339,2303,1760,932
114,659,1388,1681,1589,2193,1199
228,794,2512,1706,1931,1455,526
54,312,561,1068,1379,1813,945
117,794,1316,2302,1675,709,902
55,296,390,807,646,157,1
219,794,1943,1094,1235,1229,137
218,794,1297,2379,2331,2436,1514
317,794,2559,2590,2580,2587,1705
74,794,1198,1905,485,1032,864
203,794,2391,2490,2240,1172,1261
309,794,2517,2165,2549,2564,1700
164,794,1779,2533,1249,1921,1471
179,592,1814,1111,361,238,1
8,413,1587,1015,515,162,208
221,794,2472,2501,2395,1997,1447
169,794,1027,920,1082,443,244
265,794,2444,2054,2233,1430,1231
22,582,1451,2209,1764,1425,878
84,794,2317,1535,467,982,208
181,794,1537,2150,2083,2351,1332
174,794,1717,963,1073,88,1
74,794,1117,2398,465,1149,586
258,794,2445,1367,806,203,1
128,453,1199,997,946,577,1
99,532,634,1393,1054,639,1
294,794,2294,1642,1394,999,44
211,794,981,668,1663,1005,1
129,594,1506,839,1788,1631,826
143,560,1542,1521,1907,2285,689
128,137,1034,366,733,301,410
85,255,625,599,848,1665,1
42,272,961,628,1240,356,442
181,794,1119,1224,1794,754,433
179,794,1247,958,2103,1839,578
224,794,2408,1811,1481,2264,1224
70,794,573,453,1592,135,1
129,794,898,876,868,2151,202
82,794,1076,971,1514,1341,1
24,581,1118,916,680,1537,760
177,794,1523,1531,1677,2030,1077
14,143,178,384,490,725,807
203,794,1982,1627,1836,1326,364
181,794,2486,2543,2410,2294,1568
90,442,1317,1192,1932,1911,1344
98,287,404,842,996,1719,627
187,474,1465,2239,1709,2476,1502
38,53,194,175,148,2229,407
115,794,1620,1712,786,1242,1
140,621,683,377,442,863,1
74,725,1012,984,1306,1810,917
112,194,643,1073,760,2276,1475
166,721,1985,1240,1290,796,486
293,794,2483,2059,2148,1305,1279
157,599,1499,2132,1855,1817,1211
164,794,2335,1914,532,504,1
25,553,207,136,338,843,147
44,152,391,332,483,1520,19
188,794,2287,2549,2462,2281,1698
117,794,1579,780,1224,2278,250
52,687,750,865,189,1651,1
24,219,1379,1444,779,2111,1076
107,794,812,2466,1711,1953,1466
150,379,664,852,1166,1170,896
202,794,2112,1993,1952,2417,1088
128,794,1060,1647,1920,1740,840
199,794,2110,1523,1090,1527,238
222,794,2268,2499,2011,2549,1499
128,794,1750,1075,1776,729,1
63,263,579,1697,2232,1893,949
211,794,2344,1830,1654,1077,503
188,553,606,983,1312,1964,931
115,292,2158,2192,1608,1106,680
164,794,1651,1392,617,1657,340
81,455,687,1235,413,1826,1267
7,107,557,459,697,1178,208
144,541,1742,1295,947,2108,1
104,587,963,1054,725,393,6
76,794,1795,1544,672,2036,1367
118,601,1823,1246,1058,744,1
101,743,396,436,957,907,1
85,593,1180,430,641,902,1
139,794,1042,844,1214,1526,553
55,167,626,250,603,1294,1
93,418,1046,515,1072,2020,186
204,794,1026,1786,1432,1203,112
1,327,136,141,239,318,1
127,665,689,445,843,306,29
6,17,186,362,75,37,1
273,794,1925,1719,894,1180,199
46,298,471,253,197,291,1
103,590,914,708,1735,1962,421
128,154,1994,2452,1874,1626,856
8,794,175,468,1513,922,371
311,794,2527,2517,2252,2056,1419
203,794,2157,2300,1335,889,1195
169,754,1760,868,2253,1582,921
128,367,1002,776,1176,1420,63
295,794,2085,2375,2555,2275,1596
72,794,1282,2246,1872,2228,1541
128,794,2057,1389,2211,178,562
220,794,2386,2261,2430,1685,1249
292,794,2548,2584,2591,1494,1720
127,794,467,1243,906,1690,356
24,112,81,224,256,1426,89
140,794,749,1135,1670,963,294
202,794,1575,2233,1016,991,963
246,794,1699,2554,2469,2186,1608
196,794,1942,1418,1262,746,401
1,1,1,58,31,724,1
106,794,1025,794,1741,1459,394
224,794,1989,1230,2317,1549,316
176,479,1286,1908,1468,1240,1257
44,328,114,91,133,2347,836
149,794,1260,1998,2224,2322,1444
1,322,710,72,93,353,1
84,270,1035,2230,1334,1353,1166
285,794,2524,2268,1753,2221,570
192,600,2534,2519,2539,2588,1726
243,794,2508,2224,1725,1033,1251
76,568,370,596,1133,1285,1
139,229,1812,1619,1132,1992,7
115,794,1996,1971,2236,1489,1542
179,794,2058,2029,1993,1870,1234
265,794,2130,2163,2073,2126,1241
127,794,1618,1578,1601,657,1
29,184,692,513,581,2127,208
188,794,1664,1145,966,1984,837
236,794,2096,2033,1381,1628,1009
44,485,734,1669,796,186,338
115,456,836,1783,1232,2350,1099
115,794,1722,1567,1625,401,304
29,88,682,972,718,753,480
124,794,956,621,690,327,1
33,98,348,256,150,454,1
85,106,1314,2234,1157,1468,208
97,394,1206,501,1358,1847,827
141,794,880,140,415,675,65
73,742,1173,921,904,515,41
84,274,515,1644,1450,2113,798
22,794,248,181,872,123,208
315,794,2557,2587,2429,1695,623
179,794,1605,2264,1823,2018,1574
136,786,669,458,1277,97,1
187,687,816,471,769,1143,1
233,794,2406,1639,2423,1330,203
103,794,1061,1043,512,1533,448
42,794,872,656,2255,171,1
6,26,67,118,242,56,1
39,235,592,306,525,1477,1
12,85,602,526,22,6,1
164,602,686,1164,650,2210,789
203,794,2347,1101,2575,2214,1494
243,794,2494,2528,2385,2455,1424
18,99,106,194,61,1272,1
114,655,1733,541,511,814,1
129,580,1353,1846,1947,2339,1566
62,69,331,427,90,562,208
153,646,1917,1999,1017,747,70
211,794,1240,1513,1995,966,1098
81,794,1011,2123,1111,174,376
164,794,1612,1416,925,471,126
42,794,970,448,762,610,1
211,794,2353,1377,2309,779,207
29,98,272,322,673,1561,442
84,229,1296,1331,1211,2021,1036
62,249,881,477,73,252,1
196,794,1879,832,279,1121,167
132,350,1553,2162,2109,1903,1375
129,476,727,671,777,2442,1087
284,794,2493,1538,2029,563,565
190,794,2358,797,2067,488,1
20,794,336,771,1612,2176,1163
1,8,53,14,134,23,1
112,794,1993,2024,2033,1970,927
70,402,959,467,634,1262,307
174,551,1187,1114,896,1226,1
167,794,1686,713,1645,1644,1016
186,668,1484,1468,1439,764,208
114,154,1396,1307,1008,1202,1
1,1,2,34,7,225,1
101,794,601,761,493,216,1
55,794,1220,864,745,1125,490
183,794,2034,1023,1325,1096,1
55,257,1514,1267,1496,763,1269
45,247,269,461,715,584,1
97,794,1309,1285,300,751,208
78,564,1094,1109,814,364,1
195,794,1114,824,1160,924,1
258,794,2503,1196,1172,1248,1
70,794,1081,514,2047,1228,53
98,794,993,1882,1505,1287,205
63,569,416,347,560,1620,1
38,73,171,709,1806,1522,444
257,794,2423,2354,2347,2177,1291
128,794,1526,1935,831,1674,906
10,794,245,160,761,413,1
29,68,70,289,92,388,1
193,794,2101,2547,2336,2038,1592
63,150,485,1185,1330,1726,905
211,794,2330,1832,2132,2019,252
101,226,1127,2371,516,2560,1719
290,794,2491,2005,2370,1483,809
107,794,613,1090,2106,1069,208
45,794,684,1670,1695,1702,1129
24,189,299,216,685,820,321
111,396,1641,323,552,615,1
89,653,527,686,174,142,1
202,794,2432,2456,1600,337,309
128,794,695,595,789,481,1
135,403,651,1809,1534,1249,773
211,794,1095,2191,2134,646,744
63,613,349,446,358,375,1
211,794,2184,1195,1141,556,1
217,794,2182,2225,2583,2358,1670
84,123,850,1880,1807,804,1188
23,49,240,128,132,507,1
203,794,2169,2182,1521,687,131
196,794,1709,1983,1525,1545,272
1,176,1163,76,123,191,1
38,282,1590,716,405,1111,355
10,26,108,131,165,1351,232
25,89,563,420,86,376,25
169,405,990,1748,1912,1374,1094
1,794,297,9,1773,569,1
55,574,1156,1947,1382,1774,1062
150,697,1508,1266,886,1672,887
98,794,1108,1139,1202,1137,425
44,126,57,288,179,1067,350
52,234,61,195,146,1134,1
164,791,860,1442,2220,1915,733
70,255,991,833,971,1193,1
127,707,1218,553,1668,1942,653
128,372,1205,2110,2490,1932,1334
128,566,1755,951,768,2097,1052
101,184,369,478,259,95,1
133,279,2274,2386,1710,2241,1555
207,794,1999,1354,1022,728,1
81,794,986,645,588,1277,256
52,234,307,142,249,1883,489
82,272,566,729,469,2121,607
256,794,2552,2487,2562,2591,1730
15,46,474,816,1215,1344,208
82,362,1843,1237,1036,396,475
91,130,679,1259,1429,1011,1
98,794,841,1088,1273,802,171
100,794,620,499,1533,883,1
158,794,1449,1526,1649,1920,493
78,357,713,508,443,1785,420
98,463,1360,2215,1433,730,239
140,794,1302,863,912,192,1
235,760,2229,2318,2277,2553,1682
139,794,1669,1212,859,107,1
65,794,2342,2329,2478,2284,1490
224,794,2476,2588,2582,2537,1709
52,632,1981,1869,470,1376,1
196,794,924,1700,1435,1800,1068
25,86,14,144,55,1004,208
144,794,1478,2258,2376,2460,1520
7,618,109,124,1012,158,1
51,542,1085,1329,408,1116,208
74,794,492,1601,1535,2157,1043
85,466,739,1282,1979,2002,1387
77,794,328,309,253,807,1
179,794,2049,1803,2147,2065,1318
184,642,2243,2406,1913,1397,802
107,678,843,850,1086,1412,208
128,488,647,1142,436,769,210
98,794,1541,1159,1401,1461,279
137,794,2053,2227,1972,1832,1312
70,794,1277,2167,1851,1860,1544
257,794,2514,2409,2152,2078,799
155,794,2020,1743,2464,1498,193
52,794,982,303,1124,912,1
90,460,466,1508,251,1456,982
89,559,1141,1536,220,817,289
98,794,552,571,662,1025,1
87,368,333,619,1341,760,298
220,794,1764,796,1563,1892,373
52,794,1876,2214,2275,2280,1003
76,240,311,1466,1490,1147,1215
179,794,1102,1152,1809,1261,103
312,794,2526,1704,1448,957,814
1,794,496,25,909,578,208
9,407,34,69,387,397,1
114,655,1380,837,574,1743,518
150,506,2490,2571,2532,2472,1711
100,794,777,301,901,434,1
219,794,2478,2508,2507,2341,1534
26,210,368,369,332,688,637
46,228,789,435,934,1034,1
47,794,1133,942,1878,2250,1361
78,446,797,1020,1046,1972,1059
9,414,941,270,288,245,1
103,253,1307,1256,1664,2076,1147
116,794,1820,1250,1610,1194,1
193,794,1768,1739,1184,1433,1013
80,794,631,567,1480,1175,208
47,794,646,593,508,300,111
205,794,1741,1503,2322,2242,520
35,120,652,2082,1860,2156,1240
137,516,1460,1033,990,2252,1434
78,794,1004,766,1139,1645,173
22,794,289,439,403,91,1
62,190,581,1940,482,772,556
116,507,804,676,506,540,22
114,794,1897,329,877,166,1
70,794,724,1695,1233,27,1
128,794,1256,510,559,788,1
45,213,616,602,1522,2233,1168
22,180,825,137,248,1876,263
62,794,565,775,751,1835,851
38,129,258,172,254,1949,479
136,794,2186,970,2035,533,1
235,794,1800,1855,2167,906,582
97,282,1249,2084,1791,2086,1517
90,794,512,901,1377,679,208
1,794,1083,285,394,74,1
115,405,327,772,750,592,1
127,794,490,566,1194,175,1
48,506,925,669,1846,740,291
18,794,1179,790,1564,205,1
84,536,1391,879,1293,1138,128
222,794,2370,2183,1732,1258,772
164,480,2427,2566,2312,1869,1192
52,655,803,1860,1314,2088,1190
45,75,256,425,1567,2152,1292
103,422,642,509,686,1528,208
179,246,1487,1558,1538,2098,776
128,794,366,721,986,677,208
72,339,414,263,96,90,1
74,794,716,1753,1745,119,1105
90,794,259,1721,922,585,312
181,794,1211,1052,1362,1504,1160
163,528,1045,1645,2082,1965,657
211,794,2513,2462,2528,2590,1686
114,234,479,1854,401,819,45
38,794,2097,1130,507,449,442
91,502,1236,1923,2324,2213,1482
1,794,781,330,1092,783,1
211,794,2506,2560,1856,1115,1281
164,794,2012,1674,2420,1565,687
139,794,1200,1380,2194,2007,1293
150,386,1466,2019,2192,2415,1650
22,794,928,414,1322,1661,208
57,737,448,1872,2177,1411,781
178,793,2385,2469,2574,2580,1731
98,308,460,1078,844,564,1
90,453,1097,1575,882,1051,900
150,794,1558,2156,2523,995,1007
8,78,122,86,70,317,1
112,553,1862,1571,365,1048,634
193,794,1413,1795,1623,1438,778
25,86,21,228,26,16,1
163,609,1181,1514,689,1828,959
106,794,1949,1379,626,641,1
179,453,2292,2433,1767,71,1529
202,794,2144,2511,2564,1884,1516
78,737,690,245,1410,141,1
22,40,22,109,54,133,1
45,404,894,1305,1237,1748,729
128,499,728,1095,1162,1054,1
135,794,1962,781,2136,1088,1
72,225,45,192,590,263,1
30,71,359,887,700,1506,579
144,504,753,1732,147,1377,1
64,154,1408,880,1447,32,208
48,268,1443,898,939,581,1
112,794,1441,717,125,325,208
81,194,665,1585,613,2260,1421
81,794,1923,1117,1375,745,1
205,794,1434,1848,1611,1968,756
44,351,137,473,127,275,283
186,794,2337,1519,2405,1697,948
180,794,1740,2376,2254,1913,973
24,92,441,1641,1529,1837,1197
39,139,116,298,271,2104,116
48,215,157,412,344,1168,1
1,18,291,168,171,2375,660
1,1,2,29,25,2082,939
63,794,662,588,964,468,1
72,376,568,2140,2085,2286,1548
116,637,1617,1022,917,1083,1
202,794,2398,1460,2342,2396,978
69,794,1298,507,1271,451,1
40,146,196,603,629,1112,114
189,703,2139,2440,1730,1075,132
128,794,681,683,642,547,1
28,321,1405,1217,788,1596,584
22,128,394,350,426,72,1
22,26,18,161,24,836,1
100,794,653,214,1225,53,1
8,794,96,90,732,30,1
63,171,907,1180,433,234,208
62,35,47,71,57,257,1
22,128,129,155,56,338,1
270,794,2146,1819,2381,2424,1024
98,794,763,385,1131,160,296
127,591,2220,2272,1591,545,352
72,429,1041,1084,1127,856,422
18,233,101,243,895,458,1
62,112,192,1771,1180,1863,1127
203,650,1979,2497,2113,1466,1657
57,236,863,904,1043,828,315
111,794,1406,1299,1443,1951,1356
81,455,964,344,153,1098,317
203,794,1810,1034,1475,1980,1186
217,794,2109,1950,2168,1318,396
81,794,833,356,1219,669,1
137,556,1815,707,670,1519,148
1,794,978,157,163,4,1
114,474,1698,382,484,154,1
1,794,134,78,681,462,1
223,794,2331,1996,1672,1594,755
1,234,487,240,44,691,314
84,794,1283,694,424,791,268
141,794,2126,2043,2100,334,378
171,794,2093,1029,1842,2427,824
174,748,2334,2512,2458,2543,1553
129,644,1593,2404,2144,1589,1065
133,524,1631,968,1640,2309,895
192,732,1969,2157,1620,1729,522
91,772,807,409,1799,1989,208
128,794,2059,1790,2020,654,200
62,794,1827,212,620,445,1
44,650,1349,778,398,342,208
202,794,1715,977,1297,627,269
174,632,967,1970,1252,1588,726
112,794,1899,2171,2406,2506,933
137,794,731,359,1837,152,80
52,115,318,291,899,2428,997
107,356,1016,948,1561,2158,990
18,49,118,367,790,1802,1
165,794,958,695,1887,355,1
128,679,567,925,1031,2288,1119
98,277,1070,1134,1269,2155,1006
203,794,1203,892,2010,1169,1
181,794,1565,1283,1999,1714,301
100,324,1120,831,107,446,1
9,794,436,239,363,366,1
187,612,922,1214,985,118,439
24,346,619,248,32,180,1
188,684,1661,1122,1047,297,403
44,178,167,607,64,335,1
180,794,678,774,461,99,1
139,794,1539,480,1149,87,1
55,794,891,1301,1393,1938,551
111,794,1169,1189,2515,1404,1033
128,794,2095,1626,1905,717,1061
140,468,2404,2393,2544,1317,1154
20,34,24,187,100,759,1
267,794,2355,1698,2551,2132,752
186,794,2363,2323,1643,2383,1458
83,514,1847,2299,2284,2329,1693
159,777,2156,1969,1400,1637,890
53,794,1394,481,2120,502,1
2,12,27,102,149,177,318
128,204,913,2410,2223,2452,1605
8,132,92,82,36,57,1
63,516,775,1465,1825,1890,922
100,519,1010,1098,1001,1830,935
31,75,966,578,351,849,576
128,794,2199,1598,1978,1367,154
38,128,165,397,66,854,442
128,186,2077,2050,1898,1691,859
211,794,2261,2465,2372,1217,1547
90,492,332,976,283,1022,559
39,260,464,363,1112,787,247
29,19,125,537,709,2403,1336
128,147,243,1451,1471,1463,782
136,794,1642,2095,1937,1666,1533
49,794,1404,2464,2456,103,881
35,794,549,281,1367,382,1
227,794,2014,1640,1571,2231,257
139,794,2000,1220,2041,1400,495
39,794,277,297,1618,62,1
141,794,1860,2146,2310,2080,1216
20,274,1303,617,1412,269,208
107,161,866,2021,2506,2469,1701
203,794,2033,2220,1998,1952,1230
127,392,1566,1193,2051,1399,626
25,36,23,215,303,146,1
8,44,935,1116,529,1737,251
111,666,1692,1767,1342,1918,796
136,745,1908,1429,2251,790,930
1,37,673,122,60,18,1
266,794,2418,2441,2283,1811,1601
76,373,472,1113,289,973,1
217,794,2495,2335,2135,1779,1025
63,70,197,259,270,739,1
66,473,1263,1823,1212,992,977
84,262,949,682,897,910,590
128,722,2117,2045,2416,2399,1498
1,20,449,65,16,594,208
106,794,1909,1903,1308,1875,907
33,794,1145,1492,379,1316,390
140,430,1581,1031,1385,601,1
38,794,1492,789,396,17,1
89,794,292,773,1389,1230,638
128,281,2283,2136,663,495,1
233,794,1867,1583,2200,1348,829
1,794,44,32,1622,712,295
1,5,52,68,29,288,1
52,282,701,1918,2158,965,372
90,366,304,815,258,1016,1
98,719,1028,1589,1263,1696,1178
218,794,837,2066,1163,2143,608
52,62,645,1400,231,477,271
190,400,2162,2226,1908,2473,1304
293,794,2540,2486,2559,2508,1586
63,794,246,315,362,333,1
139,794,1599,2115,1556,1118,324
137,794,1638,1124,861,851,1
72,794,187,1546,348,1591,155
148,323,1191,1147,1292,1842,965
185,794,1658,2047,1573,1647,1282
39,794,124,912,1454,145,208
18,320,230,1777,931,1738,1096
127,599,1202,1176,854,2022,1159
247,794,1938,1871,2276,1233,696
81,194,735,2482,927,2481,1692
42,794,660,1300,1629,1101,216
20,794,112,96,759,86,1
81,794,676,419,648,125,1
144,398,997,1507,203,583,157
128,794,1468,2334,2452,2530,1446
101,661,1534,2282,1987,2125,1612
39,549,555,451,735,1201,208
63,794,2185,2068,2122,2124,1428
22,372,286,87,384,469,1
90,217,392,466,1087,2102,547
89,428,746,1369,622,1110,602
22,97,1389,568,101,389,347
128,794,1323,1885,2352,2118,1364
38,794,603,222,880,694,1
72,794,751,1313,1758,1122,808
29,441,324,487,213,566,1
285,794,1637,1413,2001,625,633
72,440,762,205,1333,1146,1
90,794,704,1170,1869,2369,1250
243,794,2443,2046,1893,1794,831
169,438,1210,769,1770,1742,610
25,794,40,1032,1392,1629,214
33,133,1022,505,540,1592,675
44,77,224,673,160,767,227
46,794,962,310,497,55,1
235,794,2387,1186,835,671,641
191,674,1416,2117,1560,1944,1489
114,794,407,1547,968,949,780
108,762,1009,400,1899,351,481
117,794,2023,2425,2394,2510,1522
20,794,314,715,1109,208,555
171,794,1275,1636,2154,1452,1175
52,794,281,302,1690,1379,208
114,520,638,357,633,846,464
39,199,670,727,345,994,1
128,562,1262,873,356,954,440
22,185,489,277,59,286,208
289,789,2231,2039,2121,2046,1528
78,794,1522,1509,1472,711,672
1,7,159,57,80,100,1
230,773,1735,1157,1405,927,185
74,794,95,304,28,372,1
95,794,532,1359,2229,1300,206
10,289,261,70,503,743,467
116,794,2263,1252,1507,1590,681
211,794,1887,1552,2095,2439,1597
157,535,989,1223,1474,1891,1014
128,794,2394,2341,544,2304,958
193,779,2075,1064,1470,825,1
187,794,1204,1751,1348,1929,1110
22,794,5,119,1974,121,1
196,794,1868,2418,1546,1807,1136
103,349,1266,1175,637,1576,993
114,476,1802,1292,792,1298,506
52,794,2092,818,440,58,208
38,179,132,185,266,1012,1
163,794,791,2293,2330,1789,1474
25,794,360,290,1437,714,76
168,794,1892,1776,1666,1365,1363
154,752,718,429,960,695,1
81,794,672,555,177,716,208
114,193,1557,1635,731,942,1289
38,794,232,759,1395,1926,1
22,34,298,1735,945,1232,442
55,104,208,923,65,244,1
128,794,1687,2126,1324,741,617
211,604,2173,2262,1635,1593,184
195,275,2098,2461,2138,2545,1619
111,794,1140,636,1476,1046,248
72,794,453,320,1006,151,1
211,794,1339,1957,776,565,1
39,140,545,903,1294,1490,416
44,794,831,226,183,213,208
144,794,2420,1929,1631,731,208
56,195,445,476,594,1327,1
141,218,504,838,754,2197,866
52,794,1067,1203,1830,1464,1
175,794,1825,1330,2536,2487,651
1,794,582,331,280,206,1
128,586,1668,1577,1102,690,1
74,794,1064,1540,290,1183,320
169,794,2131,2539,1969,2407,1305
52,771,1259,1867,1217,426,1
111,794,1065,1099,1849,755,1
222,794,2424,2546,2545,1786,1673
144,794,1513,1141,874,1423,629
241,740,1442,1353,1775,940,1
23,29,212,575,628,878,26
64,794,903,1008,1010,1457,535
233,794,1711,1775,2070,1755,552
109,794,1848,2276,2078,1614,150
84,794,998,1361,2227,1850,1246
153,652,2068,2427,2461,2137,1148
64,794,493,706,1142,539,1
62,794,1399,2426,2488,2161,1317
175,737,992,1722,1833,2554,1560
84,72,283,543,337,1062,211
260,794,2403,2092,2524,2032,1414
293,794,2520,2287,2353,2267,659
63,794,560,433,1941,806,1
114,794,2004,589,576,42,1
46,794,160,516,313,835,71
169,794,1726,1178,2198,931,190
128,794,1555,1814,1291,598,109
62,408,54,415,397,140,1
39,79,321,1621,771,792,1
136,794,1932,1839,2184,1109,757
157,498,1652,944,1051,270,1
188,794,2543,2451,1984,392,181
44,794,310,547,1014,1542,208
98,535,1188,438,375,303,1
1,794,2,39,292,869,208
29,13,193,554,404,473,208
63,794,375,434,409,271,1
81,372,1502,418,84,433,1
270,794,2308,1887,1701,1160,595
1,1,2,35,4,837,73
128,794,1274,1470,1607,935,117
1,16,309,197,388,1907,738
22,86,35,139,438,1882,426
128,781,1226,654,2320,1956,1002
112,794,1362,582,1369,7,1
72,298,883,428,1114,80,1
100,794,1960,882,1736,1291,1
225,794,1448,2311,2362,2578,1707
111,794,2434,2266,2326,2133,1492
129,794,1560,2438,2543,2110,1617
179,794,2128,1550,1059,498,1
249,794,2518,2367,2422,2216,1476
174,630,1213,1370,1203,294,746
20,794,295,605,1434,520,1
114,794,829,764,550,1174,564
147,714,906,1956,2143,1766,762
104,794,1657,2079,2060,1184,596
16,248,153,191,567,272,83
64,794,531,463,514,431,349
203,794,2230,2366,2018,1615,1078
97,588,1233,2343,577,378,208
63,181,519,1334,103,636,1
38,99,454,279,366,838,1
253,788,2037,2263,1698,1787,469
147,794,1334,1454,1374,1085,204
211,794,1701,1001,1647,296,208
52,282,254,343,510,656,1
144,794,1656,1710,2315,1836,581
120,728,1075,1171,1960,1681,1309
196,599,1910,1638,602,114,1
1,200,229,15,2,651,1
78,223,764,1049,1818,147,1
204,794,2464,1895,1621,1799,926
164,794,2351,1277,1383,1065,208
300,794,2481,2454,1370,2146,658
42,149,699,908,79,1018,208
8,32,42,103,318,2060,208
165,794,1883,2062,2260,2529,1538
128,435,1237,754,653,1015,1
1,794,30,26,913,459,1
82,161,1171,1609,1734,1414,337
62,113,912,1057,2099,1635,732
1,794,117,7,630,266,1
74,326,1159,1922,2442,2314,1513
127,508,1684,1490,1242,1754,1412
42,142,974,521,597,668,1
46,256,1530,1949,2289,1686,34
138,794,1803,1758,1678,1886,405
199,794,2332,2109,1894,1124,414
32,432,1153,642,807,1387,1019
72,197,918,1886,1688,2516,1244
194,794,2142,1679,2197,1784,1051
22,267,39,355,141,761,208
158,687,1354,1319,1407,464,501
24,794,60,152,765,219,284
128,519,780,1439,671,2416,351
38,361,1486,1395,1003,1998,1187
1,189,2,27,417,2319,1342
29,16,214,937,184,1329,234
146,622,1991,1251,876,267,1
175,794,1697,1565,1555,587,84
258,794,2436,2108,1839,2042,1340
20,40,10,132,139,1429,288
39,220,451,557,430,816,1
128,794,1584,2273,1423,1343,664
42,630,352,269,691,733,1
239,794,1716,1586,2221,2296,790
174,794,2083,1304,1037,482,208
103,794,955,1356,1615,2223,138
232,794,1393,1255,1747,1551,849
235,794,2381,2249,2210,2461,1389
42,355,518,691,903,1037,451
22,122,38,219,285,377,260
139,497,2554,2567,2581,2586,1727
52,794,497,549,1337,2575,1663
252,774,1921,1518,1254,2013,678
15,794,372,1651,1100,420,172
168,688,932,1005,275,602,1
257,794,1614,1401,1729,1687,1429
116,794,1246,1174,2096,363,1
128,662,1219,273,757,1360,1
128,643,2070,756,447,710,1
188,794,2040,1596,2044,2441,1556
279,794,2488,2078,2293,1321,1487
76,794,926,1432,1609,571,1
81,513,554,647,287,800,1
52,175,164,804,217,1769,541
78,506,260,276,382,1859,343
188,794,1793,1350,1146,2248,817
55,794,530,2370,623,736,1
221,794,2007,1119,1204,2130,705
44,242,505,1338,491,344,431
63,794,1519,1945,1944,1070,483
284,794,2390,2540,2538,2423,1550
181,794,395,881,191,479,1
199,794,1983,2063,1820,638,597
69,169,198,358,399,734,5
236,794,2148,1926,1971,1129,886
41,67,131,580,562,268,1
235,794,1600,1853,1440,1154,713
1,794,694,364,243,546,1
22,57,8,171,341,1163,56
39,330,1044,680,323,478,208
62,343,1936,890,815,1155,1
128,794,1569,2205,1148,1946,1252
89,338,513,1325,933,1557,792
85,162,446,1226,866,1959,1206
137,794,1691,1047,618,518,30
106,272,1088,702,538,184,1
63,64,266,167,76,905,1
199,794,1685,545,898,424,442
63,794,1752,1375,1491,1550,670
157,794,1410,720,1042,605,1
111,794,1165,1056,1586,1713,1
106,736,939,1190,1523,2170,1237
52,794,127,284,635,3,1
44,517,979,758,218,331,1
33,131,121,305,1041,1775,600
85,232,588,2098,2479,1453,1308
62,251,927,1524,1332,2243,1370
212,794,2482,2222,1771,2402,1683
179,794,2123,2373,2440,2489,1559
309,794,2505,2294,2441,2388,1558
150,103,745,1092,1331,1424,1035
128,592,1931,632,407,551,1
249,794,2016,835,1298,608,1
44,429,870,858,400,480,1
163,458,225,891,1584,1895,788
174,415,1495,1327,1081,2263,1277
164,474,2232,2423,1580,1205,611
128,471,720,2338,1256,2362,1225
191,543,2045,2247,1970,2039,1552
144,794,1721,1780,1071,341,1
33,83,337,725,293,485,1
202,794,2366,2577,2519,2570,1702
44,794,984,1437,983,1188,1
153,369,1333,2159,2183,1936,1202
258,794,2360,2436,2572,2103,1584
1,86,2,30,97,1162,716
1,662,170,85,1137,606,673
211,794,2135,2283,2477,2479,1685
206,794,2258,1740,1772,1511,612
11,196,162,354,781,2226,1125
164,794,1037,1654,371,815,447
78,708,528,652,1119,689,1
118,589,400,296,121,109,1
62,214,1292,999,1044,1948,691
20,794,1500,538,268,1501,208
81,794,1532,1802,1697,2302,1648
157,794,1255,1011,2243,1286,812
195,794,2170,1858,2027,1931,1200
285,794,2153,954,1779,2034,179
305,794,2537,2530,2417,1815,1614
222,794,1529,1726,1715,1894,14
172,794,2140,2387,2492,233,795
1,794,570,229,106,29,1
22,237,529,203,46,499,1
129,599,1461,663,755,101,1
157,388,1809,2381,1891,1437,1233
246,794,2062,1537,1052,2365,865
128,530,263,1091,545,249,293
90,794,422,455,216,1235,195
297,794,2474,1441,1460,840,505
211,794,2309,2242,2108,1584,944
82,794,1272,1989,1510,2378,1142
112,305,1033,805,1599,2589,1684
127,545,2361,2555,1445,2220,1397
259,794,2108,2035,1986,2410,1354
141,117,945,1843,376,1063,1114
72,212,1874,1515,195,1017,1
1,398,1337,411,855,170,1
235,794,1756,2439,2287,1244,1411
187,794,1912,2119,2274,1200,442
103,696,1086,1103,1800,2325,1331
100,360,1003,1800,1213,2003,375
104,247,158,231,1019,144,72
63,118,752,1364,260,959,208
38,794,417,2391,1785,2498,1445
264,725,2321,2310,2280,2413,1615
308,794,2538,1770,2266,808,1
47,794,1304,374,1185,1071,1
212,794,1435,1488,2225,2085,1020
227,759,2530,2459,2298,1508,1164
47,710,700,1847,958,282,1
235,794,2204,2483,2563,2558,1696
265,794,2456,2195,2546,2521,1712
150,693,1458,1450,2173,2068,1393
9,45,90,20,392,2372,975
24,199,234,202,185,512,1
128,527,484,1716,1892,1006,591
117,794,1966,1680,1699,1646,368
107,794,794,616,347,1260,692
21,119,268,211,269,215,1
72,348,498,258,841,43,1
211,794,1772,1713,1129,522,925
20,307,649,444,105,45,208
254,783,2296,1724,1652,2059,1
199,794,1907,1912,2244,1042,700
157,337,1650,2042,2540,1912,1301
22,794,380,147,138,93,1
249,794,1758,724,1238,284,1
90,680,1572,1703,1990,1849,749
222,794,1693,827,1034,1176,966
284,794,2282,2201,2259,2328,1067
136,583,2127,1611,1881,1636,1320
271,794,1850,743,1372,2029,1071
85,794,461,504,1644,553,208
287,794,2523,2551,2570,2515,1687
212,687,2222,1757,2206,1881,1219
111,575,2088,1911,1822,1744,991
89,756,1229,551,1272,824,1
136,365,1015,993,883,2035,1171
1,7,195,21,48,287,1
212,794,2238,1435,1930,1389,358
111,794,1001,417,1376,874,1
116,643,1072,337,326,50,1
89,652,1162,2396,2004,697,461
128,794,2218,1617,1338,2218,1165
55,394,760,2155,412,1072,871
118,649,1245,2099,1933,2138,719
227,794,2281,854,1965,1733,1
12,794,94,386,393,2225,1
190,794,2435,1835,879,634,311
90,794,1975,811,741,1104,1
109,647,517,809,1283,116,1
117,334,1020,990,1403,1236,910
82,478,706,736,1900,1446,843
164,794,2104,2014,1667,700,574
174,794,1852,1146,936,1471,208
181,794,2280,2202,1281,1092,897
174,794,1494,1366,1669,1076,197
46,176,585,272,82,129,1
211,688,1723,1406,2049,1851,739
101,794,985,482,1390,240,1
101,562,1556,1693,864,628,107
128,433,874,1812,1733,1797,208
100,652,1378,625,838,937,1
303,794,2498,1916,1498,901,1
196,487,1648,2492,2268,1822,1635
157,794,1164,1892,2012,1578,491
112,794,2410,2037,956,2206,995
211,794,2466,2446,2249,2240,1644
184,794,1707,739,1380,496,1
283,794,2500,1618,1955,1710,1046
1,1,2,43,5,308,393
169,794,1937,849,682,390,1
153,794,2046,884,1722,321,1
72,174,637,431,456,494,1
139,794,2060,1055,2215,1600,10
209,750,2177,2422,2437,2389,1708
169,794,1573,2170,2009,2198,1509
55,325,463,130,654,561,1
177,794,953,1759,1867,1700,494
211,794,1670,2199,1011,1571,806
174,744,1554,926,678,394,1
52,794,68,113,667,182,1
97,141,861,1701,951,256,226
135,698,1811,2065,1549,2182,1004
62,81,819,1322,311,371,1
100,421,2262,2407,2436,2445,1402
141,794,995,960,464,78,1
78,794,729,1874,1361,758,828
153,794,1104,677,1760,1368,253
72,343,2094,1200,230,1150,1
6,179,41,95,53,1132,1
150,794,1209,799,1843,721,61
32,794,509,107,554,1209,113
141,794,858,928,941,51,305
249,794,1988,1323,893,1792,869
76,349,908,847,1345,797,473
212,688,1859,1597,972,881,911
98,617,994,889,1602,2320,392
25,794,113,293,684,21,1
219,794,2431,1652,1409,1521,844
46,78,202,1862,1719,2394,1477
128,794,771,479,274,104,1
174,794,1293,1115,1438,1656,1
72,137,846,606,422,49,1
104,695,1194,737,905,726,1
128,475,1050,770,720,313,1
127,794,648,679,950,262,23
117,794,1036,583,2216,2579,1637
179,723,2210,1671,1568,920,621
9,20,49,63,27,8,1
116,794,774,927,1465,1362,1
136,767,1767,1691,1763,567,594
77,107,640,1473,329,1086,442
139,515,1659,1747,2000,2268,918
246,794,2468,2504,798,1747,1455
87,489,934,888,1088,930,240
64,470,748,610,333,1396,230
20,66,659,692,476,1036,208
77,216,409,748,391,784,1
98,348,736,1455,1220,1323,513
67,301,875,1902,1738,945,622
196,794,1241,2476,2435,2485,1543
128,794,1819,998,1459,1406,1
74,433,1744,1600,1717,2483,1069
82,794,810,381,1461,908,1
202,794,1861,2475,2181,2008,1507
157,794,2081,1992,1648,818,1
149,592,917,1303,1397,766,1
193,794,1481,1272,1103,1312,986
25,38,691,1694,1260,2095,572
115,794,572,1778,2115,1342,753
211,794,2405,2450,2411,1345,1343
39,173,156,154,104,347,1
114,794,707,387,241,904,794
317,794,2558,2576,2588,2577,1729
141,794,430,454,688,1189,1
215,794,2437,2010,1796,1263,188
92,346,580,659,462,653,1
168,695,977,2340,2025,1759,1448
171,794,1790,1397,2503,1961,149
118,794,1147,1649,2419,1680,1330
128,794,1769,813,221,467,1
158,794,1113,360,1539,1068,679
273,794,2151,1907,2530,2462,1505
62,193,210,227,386,436,569
1,10,115,17,40,164,1
8,794,1356,233,994,231,1
101,226,892,792,472,1273,1027
190,645,1984,1291,1140,773,1
211,619,2412,2478,2245,1295,152
136,529,1429,1863,2129,2447,577
72,339,782,488,570,1514,531
1,78,33,24,111,659,278
153,794,1832,1051,2062,1531,496
174,794,2197,896,2117,1059,1
177,794,1780,2064,2282,1416,1038
193,794,2396,2392,2552,2491,1721
92,794,2301,1129,668,917,208
25,100,199,314,124,1074,442
171,794,1776,1806,645,40,1
158,794,1571,878,727,1773,460
203,663,1383,710,839,1378,1
69,187,425,765,724,727,208
97,239,886,1837,1327,1609,830
101,598,1311,723,291,94,1
33,194,755,577,693,1716,406
141,547,1497,2070,1544,1563,1563
1,1,2,33,9,591,1
64,372,680,975,383,1846,1182
190,494,2002,1548,888,1003,1
128,643,1471,1452,1089,1418,306
152,794,1846,2333,1844,1930,1616
82,635,1732,2102,2017,2234,1417
97,480,184,345,315,1331,1
265,794,1423,800,1540,1667,274
42,168,1844,1896,551,811,442
22,60,217,688,276,172,1
211,553,2132,2586,2531,2547,1704
141,794,887,2470,2101,2409,1449
218,641,2485,2562,2590,2440,1695
101,638,1225,402,584,723,177
199,794,1920,1545,1783,1560,609
44,794,377,389,1865,1179,1
85,794,885,372,1572,385,1
152,738,1728,1204,987,974,1
181,429,1739,2071,1492,1467,1
64,794,1071,179,1168,501,1
153,794,1308,1169,758,1364,225
47,108,524,1764,926,2532,1465
75,794,1285,777,505,352,1
128,457,1660,2305,1025,339,640
81,794,904,1650,1553,2009,1454
316,794,2255,1265,1497,1627,1
145,672,1019,979,571,666,1
44,469,383,611,110,324,1
194,597,2056,2154,2392,1332,1368
137,637,2147,1928,1646,1309,630
127,283,882,631,543,204,1
62,285,270,242,716,1292,142
108,794,1766,2028,1582,2272,967
128,535,889,947,1248,1723,509
17,114,290,177,299,593,1
181,685,1837,2022,746,2297,1172
1,794,89,81,837,1159,101
13,158,740,614,378,1469,450
123,412,583,666,533,1669,1
140,794,1781,2432,1816,644,654
72,794,1107,590,610,63,1
61,353,805,757,1155,1497,666
280,794,2509,2541,2577,2576,1718
127,794,1845,1144,390,273,1
72,687,1576,919,352,1161,508
199,794,2510,2173,2361,2363,1226
272,794,2461,2507,2378,1927,1306
25,59,26,49,145,944,208
23,76,313,153,232,365,1
201,794,2041,2196,2467,1407,916
179,420,1914,1943,977,360,151
201,794,1754,2208,2502,2354,1609
38,110,1048,574,1313,1040,549
128,794,1428,1813,2112,1777,770
128,518,2120,1840,1218,834,697
7,225,455,334,1926,1612,457
120,794,1720,2277,2141,2421,1672
84,794,1821,1278,683,1139,51
110,764,1175,550,1637,1575,178
1,15,150,129,431,1487,717
121,747,1146,1483,1980,1544,524
186,794,1771,2085,2064,1838,1238
29,174,145,592,454,738,592
128,363,869,2153,2217,1866,1570
49,794,1978,1588,1061,719,441
101,794,280,333,795,440,1
44,794,379,204,591,155,1
147,794,1488,1462,802,1270,603
187,794,1350,2152,2558,2360,1656
111,383,1021,945,738,503,1
38,128,548,319,118,31,1
90,523,1053,564,1416,1960,192
298,767,2553,2575,2569,2120,1391
114,324,1437,1542,330,599,208
105,794,1665,2187,2139,2494,1600
202,374,1355,1093,1080,841,1
238,794,2400,1864,1349,1043,174
1,1,1,10,6,409,365
33,109,347,173,78,1002,1
217,731,2290,2158,2102,2114,1377
191,734,1798,2053,1108,544,1196
112,245,1244,812,976,486,442
25,641,946,1656,827,2200,1194
111,794,838,894,488,285,1
97,699,951,457,1207,899,1
196,794,2442,2319,2314,1250,598
203,513,1928,2051,1924,2559,1214
42,564,923,1126,1756,1338,455
141,588,507,2290,1408,1919,661
307,794,2348,2114,2359,2412,1427
174,643,1384,1148,410,1671,384
88,417,2001,2124,962,348,1
25,26,239,529,77,194,208
128,794,1791,1038,1991,655,537
22,794,725,615,892,319,1
64,284,443,452,215,896,282
109,381,1476,1510,1257,1007,262
136,794,2188,1405,1404,2069,424
257,794,1753,1873,1662,1924,404
128,491,2133,2453,2365,776,1576
202,794,2380,1576,1049,1573,1439
237,794,1831,989,1692,1123,1
1,511,2,37,340,489,43
111,298,656,814,193,516,1
193,662,2248,2399,2509,2180,1530
192,794,2154,1348,2388,2359,554
169,794,2267,2015,823,323,1
1,794,3,28,143,148,1
226,794,853,1821,2460,2261,1385
89,794,1054,1158,501,1346,1
179,459,1261,1857,1159,304,218
150,772,1647,1921,1299,1000,1017
233,794,2362,1689,1847,1014,514
141,794,1855,2442,774,2254,1137
84,153,335,1279,664,1642,779
212,794,2167,1633,1704,801,1
14,51,123,292,708,890,1
187,794,1058,869,619,938,1
157,517,933,1297,675,2031,1103
78,435,877,922,521,2420,386
168,726,1491,1941,1444,1906,645
139,794,1583,1662,2030,2522,261
5,33,130,88,452,258,1
9,77,1185,1162,519,809,208
140,663,1069,1133,1085,968,242
204,794,2311,2413,2205,2311,1642
211,794,2069,1059,1903,964,328
86,626,1299,946,935,947,189
164,794,1992,1568,959,1009,484
74,252,597,1549,2204,1472,1324
193,794,1073,830,889,1234,1
84,309,855,1263,194,861,1
211,794,1190,1156,1344,1709,771
25,38,85,556,829,1380,499
175,735,1792,2058,1033,1572,721
33,129,343,932,402,1245,208
52,467,353,312,657,1480,1
77,731,1155,802,446,1621,442
160,746,1729,1951,2130,1120,1382
187,794,1543,1089,873,1246,943
231,794,2421,1665,1363,1745,606
69,446,675,664,723,85,1
259,794,2344,1818,2351,1798,736
18,687,12,89,170,224,1
211,699,1377,2332,2373,2456,1580
137,589,1507,1315,359,242,208
9,217,91,23,196,928,1
90,249,636,1136,128,2232,976
179,794,1663,1228,1406,1279,1
203,794,2244,1961,2107,2478,1618
116,506,811,2091,1329,2129,1369
128,794,2285,1915,1356,2404,1365
128,515,1525,1913,1411,1276,1029
90,485,590,1205,1562,523,40
242,794,2022,2036,2187,2209,1299
233,794,2072,1408,1469,416,437
33,310,790,530,712,985,1
196,794,1679,2131,2413,1973,1415
81,566,1090,874,1685,926,1
106,794,770,2074,1536,1357,707
47,488,306,1458,825,1105,516
1,1,2,45,14,536,1
20,98,46,108,223,1505,31
222,794,1865,819,747,1211,1
150,794,1313,1232,2341,2295,580
275,794,2183,2210,1595,1801,893
63,794,635,158,200,373,1
23,208,440,1386,549,969,208
84,339,607,1182,178,128,208
148,425,830,687,609,786,1
190,595,2091,817,1628,1219,58
199,794,1640,1087,734,823,1
10,55,59,266,89,870,1
101,590,1939,2344,1152,126,342
292,794,2453,1749,2318,1654,737
9,794,126,75,286,143,1
128,794,1335,1346,2061,1855,1264
257,794,2032,1865,2036,1923,894
171,724,2206,2346,2418,2277,1358
20,522,107,1030,1048,1080,615
62,460,262,861,1177,2411,1462
128,794,1138,2303,1863,2203,1050
1,1,2,60,30,919,183
184,794,2155,1986,2188,1940,957
38,217,344,1797,749,604,299
92,264,584,1188,1287,1767,1001
169,558,1017,1909,1896,1026,1413
64,260,410,361,441,223,1
90,794,2159,820,737,1564,442
174,794,876,900,561,332,1
63,27,627,1684,1258,674,1018
137,704,1084,1172,1422,1091,1
1,21,25,169,72,934,1
157,794,2074,1768,1691,2255,850
133,610,842,795,1026,678,1
140,794,2119,2160,1901,1630,1432
144,794,1521,991,531,609,1
72,319,559,483,457,613,1
101,181,386,535,373,1107,208
273,794,2325,2297,2297,1979,1109
112,794,641,1449,1577,1693,123
90,755,1667,1487,1091,980,139
48,794,88,383,1320,92,1
78,113,1137,2067,982,2171,858
25,794,140,308,112,98,1
57,794,361,498,1703,354,1
1,794,72,73,1673,277,550
100,311,772,1489,1415,2179,1316
9,275,1290,1009,416,953,313
98,669,674,909,558,1541,208
107,794,1143,897,157,127,1
157,794,1257,1709,1790,1479,66
67,671,1586,2347,2390,2450,1539
63,794,491,728,1323,682,1
20,8,56,1045,319,1934,498
236,794,2187,1463,2058,1868,1143
174,575,520,380,225,211,1
98,569,802,1132,606,1055,18
123,333,773,902,973,1393,32
150,688,1023,791,857,713,445
33,339,350,987,154,430,533
63,431,100,300,923,2090,300
1,243,111,162,222,5,1
64,794,285,1233,1542,2037,143
129,794,1059,996,1063,1814,769
77,142,444,622,615,34,1
27,90,274,201,202,82,1
128,613,899,2315,2529,2548,1184
249,794,2029,1977,1923,2092,1126
139,578,2411,2121,2270,2105,874
104,794,586,635,1557,508,1
144,522,2107,2420,1821,1013,465
163,794,2260,2007,2235,2398,1607
12,201,17,627,902,505,208
139,794,1409,929,1910,1413,196
52,794,712,1076,1742,1024,85
203,794,1654,1036,604,298,1
112,794,786,629,1462,826,1
180,794,867,1044,2125,1513,1
127,794,1276,1424,2014,2023,1243
128,794,1785,1765,1936,1543,1031
38,96,418,1110,729,2557,1376
164,794,1433,1474,884,1073,310
139,794,1183,867,929,1171,1
73,634,1280,841,981,1444,1
29,515,93,117,102,105,1
9,794,62,114,627,794,1
107,794,1221,2145,1917,2340,1145
42,495,595,252,298,207,208
169,794,1786,2244,2427,2070,546
193,434,1254,1979,1928,2183,1329
136,794,2521,2200,2295,978,391
128,371,1142,1820,1566,872,994
24,185,163,111,342,1385,1
153,794,1615,1702,1554,1599,38
111,794,1472,2185,1402,616,1
96,628,1944,738,1702,708,1
258,794,2378,1946,1848,590,1
163,794,1710,1042,219,1028,1
8,296,73,56,264,1440,1
51,165,1201,1901,1442,1488,1272
112,794,1854,1900,2486,2352,1307
62,276,148,338,83,77,1
39,111,219,149,131,336,1
112,794,476,348,255,417,1
134,700,1688,1676,1921,2230,1256
128,448,1177,2061,1850,1711,1169
112,794,666,1899,233,150,125
55,207,901,565,1528,1079,275
139,394,1787,2331,1276,457,399
153,794,1724,1456,592,680,1
20,345,500,232,364,136,208
85,660,845,573,1550,1039,1
128,794,1890,2312,2465,2332,1639
157,794,813,959,1247,2492,1484
1,1,2,44,122,1394,941
128,624,177,620,631,1553,264
211,794,2161,1151,2203,852,1
112,794,1270,2494,2475,2540,1669
152,794,703,1125,2008,595,64
43,794,1248,353,1922,1187,15
211,794,526,442,437,278,1
92,578,605,801,579,1475,1
44,794,1444,933,2527,2453,1283
52,124,139,1420,1246,2054,1262
204,682,1223,1963,2056,1994,1525
25,794,1498,2495,1795,2368,972
128,426,1215,2139,2265,2464,1594
64,662,847,806,881,619,1
211,794,2477,2518,2294,2159,1152
147,794,1828,1876,2247,1706,1232
139,794,2166,1241,1106,632,1
140,613,2168,2585,2306,2556,1659
202,794,2382,2316,1274,1515,860
218,794,1871,1834,1506,1935,725
152,794,2044,2503,2054,1939,1611
77,250,1643,1457,988,130,1
47,488,329,1461,301,209,281
72,156,103,523,310,1045,237
176,794,1804,1782,2407,1812,1263
211,794,2203,1221,1107,1308,647
1,128,2,36,63,236,471
91,794,1464,1140,1653,1296,1
107,681,1922,1833,1976,2497,1523
22,794,511,661,1659,2122,1278
63,277,249,165,284,799,1
204,794,1111,1467,1751,2336,1082
204,794,1420,1497,1509,2194,816
64,794,658,500,1210,122,208
169,794,1858,2003,2246,2292,1500
90,366,969,1293,296,864,587
29,78,74,99,187,33,1
82,135,1166,2493,2339,2526,1531
187,794,1419,883,963,492,141
64,794,671,597,943,2012,775
180,794,1124,1411,1093,1778,644
33,346,952,2342,1336,2064,1373
274,794,1761,1210,1288,2457,1151
111,794,2084,2513,1886,2167,1021
258,794,1900,1553,1015,1052,1217
164,794,1783,2357,2426,1872,1213
136,627,2409,2317,1655,2265,1430
301,794,2556,2582,2424,2581,1653
134,444,457,548,908,862,93
187,794,2504,1733,1906,1559,1
78,794,1074,1275,1067,441,747
52,290,514,399,425,400,1
153,717,1269,1543,1762,1460,787
24,14,279,1074,244,884,222
150,730,1913,1849,1650,1715,175
258,794,2368,2134,2193,2147,1403
22,59,251,653,355,370,1
64,476,1305,1856,1636,2139,845
144,794,2320,2174,1716,487,1
1,124,2,41,108,742,415
239,794,2531,2550,2517,2475,1713
211,794,1863,1793,1545,1470,1063
81,794,1089,1127,1616,2318,872
163,794,1387,722,1024,895,1
157,794,2233,2516,1866,1462,1319
157,794,2038,1870,1890,1752,1039
188,727,2073,1826,2350,1431,946
18,6,76,163,67,780,558
1,11,2,59,137,2119,1048
8,319,826,1014,1241,2380,1141
159,739,1935,2363,1803,1736,1185
199,763,2402,2559,2556,2535,1675
174,794,1430,2505,2264,2503,1632
84,794,393,324,1195,789,1
218,794,1961,1883,1502,1265,1
203,794,2125,1333,1964,552,42
203,794,2087,823,665,1095,671
106,578,1561,855,1181,1288,870
63,202,808,730,537,855,502
20,282,483,251,49,14,1
164,794,1182,994,918,432,823
232,794,2288,1707,1797,1320,669
47,665,252,138,694,232,1
114,407,1376,918,891,574,1
84,436,2024,1924,1824,2247,1117
227,794,2302,2250,1226,1297,791
168,794,1445,1672,1766,1280,267
81,794,779,2320,1945,2490,1287
212,794,1680,2077,1946,2477,1526
52,794,488,1829,2438,1909,1433
139,506,1630,2116,1517,2202,888
1,4,20,18,151,929,8
90,794,1425,2522,2190,1718,1229
120,620,2035,2378,2349,2256,1055
103,565,1594,2274,1136,1804,1093
90,794,346,534,1543,532,1
62,794,419,608,1143,19,208
27,48,412,1358,486,1653,928
128,794,2305,2129,2002,448,777
237,794,1842,1562,1845,1476,536
44,471,897,825,739,2504,938
169,794,1704,1357,1817,1428,797
77,794,1043,2353,1897,2290,1630
140,794,2036,1522,1002,981,940
128,794,1287,1675,1724,1985,449
169,794,1682,1270,2155,1499,77
128,336,1714,1443,674,1834,1045
175,671,1869,1844,2393,2514,956
200,794,2228,2221,2585,1771,1481
240,794,2413,2292,2355,2215,1310
20,794,176,225,1021,681,1
134,299,1446,2254,1793,2443,1349
306,794,2560,2591,2592,2583,1732
139,794,1250,1529,1617,2569,1679
4,13,97,93,43,575,208
77,193,657,689,502,1066,1
25,50,1366,1206,569,1144,804
263,794,2414,1728,1508,2131,649
194,691,2172,1779,2333,2315,1407
174,293,1965,2556,2257,2533,1677
202,794,919,1667,1340,2458,1473
34,389,222,1785,869,696,743
44,794,2042,1995,2474,1558,212
169,794,1136,527,1721,1035,1
144,329,1013,1213,992,228,208
201,794,1666,2382,1827,2051,1524
90,794,1352,1219,1707,1632,400
127,794,1289,591,1222,1247,124
172,794,1454,1264,1759,827,1
8,62,387,618,236,106,1
180,794,2021,1975,1501,1491,1034
39,794,856,1019,658,875,504
202,794,2451,2176,1578,514,213
140,575,1694,1801,989,1496,468
268,794,1954,2122,2072,2346,1512
25,132,481,406,852,2531,182
111,794,2003,1646,1749,2391,1497
52,322,265,247,182,76,1
112,794,723,1105,2288,918,618
76,577,839,871,563,701,1
128,794,2269,1258,380,138,1
23,80,556,2072,297,1991,593
302,794,2475,2133,2013,1349,169
164,794,1903,2296,2386,2043,1084
174,794,2469,2034,2307,1554,619
186,794,1635,492,2098,1195,1
22,794,754,1024,1634,1764,854
265,794,1974,985,701,305,1
174,794,2137,1273,1548,1001,108
104,294,1426,2111,775,1142,208
316,794,2561,2589,2542,2467,1664
180,794,2376,1433,2262,1441,1123
121,794,1646,1007,1396,698,1
18,95,397,255,1079,1057,538
187,575,1306,967,1028,2144,908
40,550,1320,1143,696,707,1
128,342,1007,957,389,222,1
236,794,2327,2309,2128,2406,1595
171,447,1851,2259,2384,2520,1384
1,794,632,376,564,1885,699
273,794,1702,2026,1436,1524,511
265,794,2141,2578,2560,2573,1671
128,794,820,1065,582,549,1
112,794,1227,2447,2045,2244,1699
127,502,1568,2027,1483,1864,326
291,794,2519,2542,2448,2574,1714
101,515,798,700,938,1503,847
211,772,1948,1591,2305,2123,1276
74,794,284,342,1027,882,135
139,730,1520,2489,2327,2541,1667
112,794,2026,2130,2346,1153,698
114,794,450,1314,1519,1117,17
187,794,1382,1781,1985,2189,1357
157,794,1503,1878,801,1427,363
181,794,1878,2485,1977,2204,1483
259,794,2525,2285,2459,1664,224
263,794,2377,2535,2534,2426,1661
179,695,976,1247,1366,1223,366
62,794,1875,1482,1512,2334,1480
140,794,1318,1387,1074,2348,1463
206,794,1995,1958,1854,2219,1573
152,596,1603,2364,1279,1640,1495
74,794,611,1944,1537,1221,1353
192,794,1550,1760,766,943,1
107,258,943,1968,1078,1675,1438
44,794,506,287,1134,1268,1
164,396,1673,1262,1120,932,158
203,794,2480,2369,2300,1293,208
38,364,615,783,1030,2050,879
244,794,2336,1317,2391,2109,663
157,794,2457,1310,2343,322,543
214,794,2306,1861,2301,1795,1201
69,461,1719,906,616,1335,1
39,54,533,749,316,672,458
115,440,884,260,1077,558,1
18,216,32,196,181,188,1
55,794,543,886,2087,1354,710
290,794,2496,2103,2335,972,1372
22,26,6,6,12,67,1
52,794,452,982,1484,1103,1
12,122,589,484,51,2165,1
243,794,2051,2212,1895,1269,145
144,794,1168,378,1353,46,1
104,794,761,1520,1681,1064,560
153,794,2019,2097,1918,1996,839
14,794,204,751,1192,361,335
21,794,146,234,1632,189,24
90,794,999,762,281,217,1
77,794,1835,2496,2433,2313,1383
171,794,2284,1673,1935,1845,327
121,481,1957,2360,2514,1879,1352
114,794,1375,1067,1819,1078,1
211,794,1807,1106,944,1741,1
240,794,2300,1974,2375,1214,759
269,794,2194,1324,2127,1093,119
144,794,1149,742,655,1152,57
211,766,1730,2255,1962,2011,1409
153,794,1796,1028,2031,2112,1
133,627,1281,670,1231,1361,599
62,794,1373,678,435,1282,589
233,794,2459,2178,1963,1982,960
128,578,564,875,647,1917,285
81,794,201,294,1328,2006,121
163,794,1504,2463,1873,2482,1518
106,493,1515,1831,1190,1999,702
179,614,1324,857,967,227,208
78,794,574,393,621,379,1
114,456,1588,2137,2354,2562,1436
235,794,2219,1685,2231,2338,1467
106,370,1268,1436,527,524,418
181,794,799,1445,1569,1315,36
220,794,2215,1984,1686,412,521
64,241,363,264,679,2269,198
127,443,769,834,707,847,1
106,554,1927,2434,2345,2534,1691
196,794,2205,1153,1575,1900,704
98,193,470,1417,509,255,208
49,582,1358,340,730,588,1
127,794,1916,1897,2447,2519,1688
1,1,2,13,81,1825,968
29,794,569,660,1029,715,1
55,93,317,230,721,670,1
236,794,2179,2112,2281,2025,1589
84,439,2541,2557,2454,2523,1638
128,768,1459,1841,1515,1617,1394
52,47,247,658,354,983,1
112,582,2384,2217,2021,1239,998
279,794,2533,2308,2443,2448,1646
127,375,793,470,703,358,1
98,794,1480,1478,1526,1793,1104
120,384,859,1493,799,2084,1138
81,194,522,265,120,470,1
203,306,1689,2184,2150,2312,1472
171,794,1703,1227,535,529,377
119,794,1589,665,2046,1580,60
45,338,1167,1037,1007,2188,297
258,794,2279,2086,2161,1151,819
25,122,80,316,556,425,129
277,657,2454,1541,1315,60,1
31,116,120,221,58,52,1
90,523,1030,1505,828,1874,1303
25,85,110,198,113,411,1
114,794,1032,753,2379,1027,153
129,794,1100,1954,1755,1660,1085
34,599,787,542,649,1694,1
37,552,1395,1374,1145,1500,459
103,769,767,1326,1740,1569,330
164,470,1777,2437,2214,2419,1491
139,794,596,1560,252,658,1
64,794,768,1340,2237,312,542
82,605,143,1448,1259,1865,1247
211,794,1788,1730,1916,2310,1270
72,794,434,690,451,684,1
62,794,1208,1699,1812,2307,1008
18,794,547,101,1076,737,1
24,794,341,368,1728,381,79
82,794,834,939,2169,2405,1450
163,722,1959,1955,1593,2027,1322
158,794,2211,2125,800,1757,818
171,794,1544,1625,2097,2236,1081
90,794,1538,1150,1880,1538,246
98,794,759,489,1285,1417,1
128,794,1049,1080,1983,1410,1
196,687,1808,1337,1230,1619,545
140,662,1357,413,593,1186,208
74,794,358,395,1013,330,1
187,794,2272,2421,2535,2431,1680
112,794,1463,407,991,39,1
98,794,1822,2253,1810,1823,527
128,794,741,1040,1303,970,432
211,731,1743,1309,1115,2067,1
1,16,523,42,8,20,208
111,794,1609,1438,2032,1731,1
180,794,2333,2288,1441,795,601
18,794,191,105,711,22,1
269,794,2226,2449,1723,891,1366
81,488,426,1216,492,1854,846
192,445,1533,2241,2093,1957,891
114,794,1695,2197,2525,2470,1468
287,794,2242,2231,1957,2040,1396
38,794,2224,1632,1023,752,1260
116,476,1390,1512,937,1482,322
52,612,844,988,553,1328,979
1,794,218,133,166,1405,12
157,271,822,934,910,2075,1131
140,680,1770,1850,478,374,1
83,794,975,701,1245,280,208
18,139,215,190,201,1358,1
181,794,1482,1402,1295,1135,1
64,265,1312,1343,1053,435,1037
187,794,2298,2545,2402,2387,1643
219,794,2013,1199,932,648,1
21,794,792,193,1116,1493,100
139,483,1540,1789,1208,2172,885
78,87,717,278,911,867,981
16,794,1150,403,756,13,1
243,794,2316,1207,1122,933,1
78,794,1474,1530,1789,858,1
240,794,2393,2435,2446,2418,1453
101,794,2264,2141,2496,1663,1321
78,631,1109,613,1282,960,1
129,718,1455,938,638,997,485
72,159,633,793,423,1392,228
104,443,1629,2500,2279,2289,1602
1,794,181,80,804,44,1
220,794,2307,2415,2364,1639,1023
227,794,2011,2104,2444,2432,1636
164,794,1794,1593,974,2299,88
48,794,305,558,1961,230,1
112,794,1747,2455,2186,1967,1181
150,658,2241,2385,1868,1724,1381
157,688,1288,1294,580,1871,688
141,794,2465,2460,1039,554,1
19,378,64,148,458,1131,215
193,794,1763,953,1110,1047,127
133,393,1527,866,1417,1803,614
147,794,2180,2565,2480,2049,971
38,794,702,2193,2057,2379,1090
72,794,536,352,1769,793,1
164,794,1829,2443,2533,2227,1623
39,173,183,1425,826,1304,176
309,794,2545,2515,2455,1512,1717
70,794,1381,1629,651,293,1
1,1,2,40,3,283,1
34,54,233,1118,94,190,1
175,765,1775,1149,1365,597,1
128,611,818,2189,1804,2058,1506
8,452,19,200,692,198,1
9,30,578,1349,328,1218,208
63,794,965,475,2026,2045,1
246,794,2048,853,1378,483,1
313,794,2417,1231,2019,1555,1245
29,170,433,351,805,1422,336
281,794,1918,1631,1503,1363,385
239,794,2507,1763,2457,1905,1328
186,794,1856,1824,1626,1284,1355
57,151,296,390,463,406,1
10,59,69,77,192,939,652
179,435,1062,1398,1355,2174,1150
211,794,2471,2491,2554,2539,1613
38,77,378,784,541,1081,784
85,794,1267,1298,1317,810,435
284,794,2066,2388,2076,137,1461
139,794,2426,2307,1431,2093,1440
62,127,1121,2213,2239,2386,208
234,794,2176,2238,2495,1746,1599
109,709,1008,1563,1187,1829,528
234,794,1817,2025,2374,2258,1442
72,488,357,236,448,310,1
128,794,1838,1351,1587,1366,892
89,794,709,667,1391,1821,130
211,794,2163,2405,2550,2433,1378
98,794,1110,1071,787,1796,662
211,794,888,1794,453,1484,74
36,65,403,746,1479,1844,442
179,500,1370,1021,1956,197,1
283,794,2497,2120,2404,1937,1386
128,720,2195,341,1305,1910,419
78,794,1489,735,656,782,1
235,794,2502,2219,2207,1213,1496
118,794,2106,2144,1748,79,1
181,794,2416,1683,601,1113,947
50,302,1238,1097,978,452,1
129,794,796,915,915,735,1
240,794,2086,1972,2389,2253,1598
81,794,2221,1027,395,15,1
55,794,1649,704,1386,329,1
282,794,1872,2142,2234,2343,1443
139,794,1251,705,1428,812,208
150,794,1604,1708,1838,2474,832
152,794,865,2257,2466,2364,936
188,794,2270,745,1687,402,1
265,794,1915,1615,1511,1347,1139
46,101,173,732,797,1556,87
181,794,2449,2520,2578,1805,1631
63,319,654,2004,969,2306,1121
181,794,950,851,1430,108,456
205,730,2314,1893,1253,936,898
64,794,1344,2147,2471,2525,1379
114,794,2190,1290,1183,693,1
196,794,1152,1072,953,517,68
74,794,326,1128,1934,2397,1183
20,98,77,282,136,1140,800
90,239,1284,1539,1953,1130,208
1,18,278,188,116,2222,646
84,167,437,518,369,484,1
179,794,1477,648,728,876,674
29,794,1161,1988,753,1128,955
192,794,2043,1486,2473,2190,1265
104,794,1813,485,1038,557,208
181,794,2484,2553,2484,2324,1327
116,349,1551,2048,993,1873,1170
116,273,1092,2127,1309,2331,923
85,467,879,2330,669,112,1
139,794,835,1254,1527,1053,1
38,794,1131,449,1679,550,255
44,190,1294,493,477,384,208
235,794,2082,1341,2116,2235,1621
22,794,546,164,818,314,1
181,794,1509,1925,1150,1222,988
46,794,962,310,575,55,1
190,794,2339,2149,2299,1750,1339
137,794,2235,2252,1420,1510,989
211,667,1926,1318,1186,903,27
153,794,1736,711,1268,161,1
186,794,2071,2348,2086,2184,1124
34,794,432,1002,1639,880,98
233,794,2511,2237,1774,2361,983
58,782,1006,1281,1826,1722,648
77,188,1653,2481,1951,2401,1351
152,652,1597,2524,2358,2563,1578
74,231,1122,1959,1619,915,1086
85,236,809,1269,810,704,208
29,244,282,447,226,1721,1
216,770,1759,1332,1765,1820,909
18,534,828,846,74,1604,1
186,794,2105,1484,1768,1925,1300
47,233,271,123,246,1516,764
5,39,11,79,474,642,442
217,794,2052,1440,2369,923,229
111,794,2350,1828,2059,1605,442
114,794,1234,375,518,247,1
202,640,1940,2400,2156,2083,1452
38,794,151,437,548,1157,208
164,372,1447,2186,1175,1670,852
12,485,1496,1877,475,439,1112
273,794,1128,1086,1583,1534,381
275,794,1972,2256,1674,2371,1546
8,794,82,62,1206,349,1
243,794,2323,2289,2383,2048,1348
209,729,2202,1762,2024,2163,992
164,794,920,570,350,1181,1
57,537,1346,1788,1158,607,1028
129,794,868,1446,1792,1717,1167
128,540,948,1215,1055,1790,2
131,794,1683,1657,2302,1843,1107
222,794,1826,1817,2091,1683,742
128,794,2100,1112,2074,1148,164
109,794,1265,2032,2290,1401,1005
59,660,815,1191,928,89,1
196,633,2245,2372,2178,1421,1410
249,794,2430,2279,2579,2169,1435
134,794,1849,1960,1551,1398,974
7,272,264,262,914,1447,208
27,138,374,176,420,2,1
127,794,1386,1211,1227,1840,813
33,181,609,848,1121,1254,91
85,566,388,609,1156,2044,1
33,534,413,271,372,265,477
186,794,1098,2049,1853,1649,999
1,45,7,84,11,10,1
72,406,227,396,1243,2026,529
203,794,2473,1866,980,748,168
115,794,1079,552,817,541,548
211,794,1881,1155,2137,842,487
140,613,1336,495,517,181,1
127,794,1546,1686,1473,886,766
314,794,2536,2531,2547,2572,1728
18,62,86,112,824,2055,767
240,794,1639,1018,1094,768,208
243,794,1866,2390,2209,437,1092
89,682,1040,391,752,163,1
180,794,1462,1569,676,720,1101
193,794,2209,2030,2170,2077,1275
186,794,1700,633,1731,705,409
156,664,2196,1480,1876,1658,703
128,794,1946,1994,1319,387,482
186,794,1252,1570,764,1523,950
158,794,2065,2009,2476,2259,1627
1,1,2,8,35,1586,159
1,63,203,254,586,1274,4
161,651,1977,2286,1657,1625,1288
80,340,1235,681,851,1319,1
55,606,1216,1838,1835,1679,1075
104,794,1230,1453,568,302,1
196,633,2149,1100,2323,1167,1
8,78,142,100,250,660,1
21,257,534,184,357,73,1
169,533,1623,2001,916,839,86
186,794,1621,2401,2172,2154,1398
52,164,302,1761,600,235,442
52,794,276,206,921,326,1
44,511,168,460,186,586,47
206,794,1933,2350,2142,2384,1620
87,794,2018,1720,1289,1259,715
127,344,1632,1725,1463,1641,1501
288,639,2546,2568,2291,2536,430
158,501,1348,1368,513,749,1
150,794,1418,1012,1359,596,1
68,227,711,512,773,633,59
7,794,1151,969,1264,1566,120
115,794,895,1378,924,624,208
104,794,325,1502,1606,1021,711
205,794,2227,1280,1482,1030,1
249,794,2532,1688,1885,2245,873
25,669,722,524,736,1251,55
140,794,910,1069,1278,1313,1111
196,794,1548,1799,1642,1507,1401
192,794,2349,1373,1516,1607,575
211,794,2257,1736,1828,996,478
287,794,2341,2380,1712,2185,1359
190,794,1172,1260,1656,857,208
185,794,2054,1312,1310,998,446
120,502,1279,931,698,798,208
134,424,983,1511,2052,2488,1508
195,794,1713,2411,1925,2353,1540
33,98,275,1168,282,1339,1
38,794,551,491,1949,2395,665
103,686,832,962,611,1633,62
263,794,1782,1183,1485,1762,369
203,794,2297,1745,1453,887,1
31,172,427,581,247,548,1
64,794,778,560,1126,176,1
1,61,37,50,85,1252,1
211,794,1601,1360,643,183,1
127,365,1132,986,434,474,1
1,10,28,3,37,1539,162
107,425,2138,1335,1541,1841,867
193,787,1971,2281,2428,2062,1651
92,254,356,533,227,165,423
282,794,2501,2579,2548,1703,1510
63,699,1224,275,878,131,1
222,794,1886,2537,1694,2196,1503
1,641,2,54,87,1,1
237,794,2017,1692,2066,946,1294
114,125,824,1245,176,771,223
94,183,499,1004,1296,1606,655
31,25,373,859,204,404,1
128,794,152,740,1627,274,133
35,94,303,623,546,1391,1079
60,318,1096,562,942,1608,75
193,794,1052,1715,1250,1509,1
89,794,376,741,1050,1097,380
9,59,87,66,20,61,1
116,341,1574,1930,1574,350,402
160,794,1789,1937,2403,2164,1284
25,548,288,159,126,560,1
212,794,2275,2473,2080,1655,1253
127,539,817,1528,1304,11,208
1,35,236,48,240,885,1
74,252,384,401,88,1577,466
211,719,2322,2444,2228,1517,1422
153,772,2198,2408,1676,2099,834
203,794,1154,1184,778,1780,99
174,794,1421,1163,845,1442,568
211,794,2171,2351,1950,1734,1177
84,794,478,1320,2165,1705,1323
90,266,462,840,1062,26,1
170,788,2152,1581,1989,1816,534
81,249,267,120,411,1806,786
25,132,135,208,95,250,1
14,516,9,74,2160,511,1056
204,744,1676,532,820,419,1
90,794,1014,714,1588,757,1
193,794,743,1003,234,465,1
150,794,1450,1655,1841,2321,1100
177,794,1329,1177,1321,962,1
16,364,442,544,479,1256,442
159,794,2050,1339,871,1126,97
98,794,558,283,1565,580,1
120,636,1365,966,1188,821,1
81,794,827,604,1859,1371,208
97,794,1591,1041,1531,199,208
192,794,2067,2362,2571,2505,1694
76,509,954,1827,2242,2393,1460
72,455,696,1889,1069,1050,820
38,22,405,1807,811,2500,1259
159,714,1469,2204,1500,1950,1404
81,562,840,585,210,537,266
74,47,169,826,278,64,208
55,719,1253,752,1189,2014,761
128,582,1319,2417,1884,2107,1218
246,794,1774,2479,2409,2089,1205
204,794,1964,843,1499,1303,1
39,340,823,1475,309,956,276
225,794,2455,2424,2500,1302,970
129,615,747,600,427,961,1
261,794,2470,2326,2050,519,639
181,794,1889,1798,666,407,1
63,162,431,392,480,1281,1
72,78,801,2179,782,2496,1207
284,794,2352,2534,2497,2382,1640
33,145,398,569,314,212,442
217,794,2259,845,2481,239,434
52,154,1570,643,320,24,1
64,352,477,318,1057,427,1
63,335,190,657,660,1197,1
128,566,535,244,235,292,1
85,794,940,1501,1782,1720,510
284,794,2299,1825,2133,1581,996
179,730,2008,2151,1151,1914,1102
1,7,71,2,39,665,1
52,319,630,546,207,683,1
109,352,1321,1648,1020,1127,628
55,794,2028,1500,1170,1888,631
74,567,594,649,784,662,1
243,794,2193,1746,1169,993,94
262,794,1950,1238,1130,916,1
82,505,1340,1415,1832,2270,1456
141,450,1322,2218,2344,2271,1511
222,794,2522,2561,2380,1862,1203
285,794,2397,2243,2482,2326,1527
12,794,608,365,952,1597,1
103,794,1327,443,1326,845,1
114,277,610,1485,180,149,208
87,416,1055,1602,1388,527,1
78,359,1580,1421,1858,1334,811
20,192,99,134,41,264,1
99,347,1738,2430,1968,1451,1012
128,794,1636,2100,2126,1336,750
55,199,429,1096,429,1301,208
150,794,1662,2211,1737,1990,1122
85,694,1456,394,1307,1216,1
211,794,2447,1081,2176,2192,1302
115,794,1888,1755,1708,1409,1298
129,419,1549,2041,2401,1570,1089
144,794,2076,1933,2367,2303,1431
25,794,133,156,608,196,1
62,794,1343,1287,907,220,1
114,482,2340,2327,2258,2585,1666
22,794,382,97,1228,977,1
164,506,1144,464,449,290,1
106,211,587,1982,885,865,208
39,199,365,2337,1786,2495,1633
89,142,1470,1381,659,685,209
169,794,1853,1985,2043,195,625
114,233,1000,1592,598,603,208
32,565,1577,1311,870,506,208
128,794,857,1690,1164,2017,1155
9,60,244,83,45,124,1
204,794,1877,1225,1857,971,624
48,704,542,913,860,894,821
236,794,2143,1605,1354,1191,1
33,98,174,1495,71,1478,144
91,649,480,760,1075,576,273
233,678,1672,2336,2489,1781,1579
158,794,1400,579,156,153,1
63,102,757,1859,809,702,1311
44,282,591,1533,1384,2435,333
184,794,2080,2148,2162,2279,1227
63,794,1038,698,970,461,48
203,794,2005,2529,2334,1831,1011
128,354,1797,2345,2513,2136,1459
24,612,55,328,229,1257,332
77,519,661,1668,1000,1322,722
181,794,2489,2106,2261,2471,1399
169,702,987,1218,1658,1579,1174
77,37,340,911,489,941,208
90,217,862,405,144,831,1
162,794,2063,1342,1425,1643,90
190,715,1762,1391,1752,1941,853
186,585,1552,1479,1489,2074,1042
159,794,1906,520,1744,476,1
179,794,2441,2521,1777,2053,1564
1,794,2,19,50,1415,259
62,132,465,2267,1805,2373,1649
25,38,36,767,1451,1613,1072
33,794,1222,2089,1144,1060,379
64,221,238,531,295,383,1
82,794,319,525,1117,803,1
229,785,2061,1637,1596,2173,708
82,711,1536,1244,850,276,208
84,477,1345,1696,1458,1536,476
158,794,1830,1750,1191,1662,1113
248,794,2539,2523,2541,2308,1315
63,380,1510,612,830,1772,1
20,47,623,1978,245,900,1406
202,794,2359,2412,2272,1350,953
126,331,1331,1634,1084,756,395
47,216,878,2355,1829,1492,1
195,794,1953,1582,1424,1819,413
139,794,732,1161,1101,531,734
246,794,1919,1952,1040,295,724
295,794,2217,2018,2119,1443,397
203,794,2425,2419,2382,2298,1485
274,794,2319,2573,2483,2565,1722
144,305,1361,1564,1316,2212,1162
82,794,921,674,450,621,1
76,454,1099,1383,1099,1574,835
52,534,688,1496,763,1783,855
150,794,905,587,1064,722,1
115,794,1196,1167,2118,629,50
114,794,639,829,1097,237,258
1,794,2,31,34,169,1
69,794,864,601,1005,96,1
130,278,705,2031,2081,2100,1488
72,534,742,410,803,1983,1
1,6,66,47,209,466,1
55,422,1885,2181,1457,1375,1173
187,794,1232,1447,821,1133,571
153,794,1870,1384,1045,893,9
29,295,503,731,158,1185,208
89,531,550,787,367,686,1
89,269,744,1472,742,1598,1060
48,84,494,1107,636,950,249
120,313,447,424,294,362,1
129,794,1417,662,1098,261,1
128,794,1905,955,770,139,735
121,315,1864,2389,1200,1243,102
300,794,2438,2013,1981,2096,1585
87,302,896,1308,1705,2438,1286
22,58,209,528,555,47,1
227,794,2313,1822,1877,1445,745
114,621,873,650,780,509,1
72,222,622,2180,2415,1198,1362
264,794,2374,2498,2006,444,1239
263,395,2440,2548,2520,2128,1582
8,471,119,213,948,1372,1
1,794,1415,639,459,423,339
68,297,1018,726,714,986,1
241,794,2388,1414,2357,1196,860
1,794,63,104,335,442,1
22,86,220,307,273,775,166
20,185,294,110,460,2115,525
98,429,1106,2270,1939,1898,1572
147,777,1372,1875,2360,1975,1140
169,794,2207,2069,997,611,208
141,794,553,1388,744,179,37
199,794,1300,885,1347,1668,348
42,794,663,594,524,1386,46
157,794,1578,1772,530,650,1053
52,154,708,421,605,1808,1
72,233,571,540,167,1010,1
40,794,223,763,920,1568,1015
1,794,29,4,498,9,1
62,160,468,502,418,805,1
129,794,848,1953,1948,2305,1335
203,731,2395,1382,1456,1023,497
101,555,650,950,261,241,1
33,110,420,1572,208,1933,287
186,343,715,672,1216,1616,1
63,107,322,1742,308,386,217
107,794,469,860,142,200,1
10,26,179,561,900,2381,519
39,465,957,517,406,513,1
139,794,1627,2269,2325,2430,1326
1,1,2,52,10,320,1
141,480,1516,1787,1973,813,985
62,128,385,2395,702,1945,677
148,794,1613,2472,2084,2342,912
12,74,51,379,98,600,82
295,794,2452,2203,1727,1976,1423
81,460,1066,1603,1486,640,105
81,377,1407,2525,2491,2551,1725
139,794,1347,1815,1651,2274,1470
160,794,2136,1477,1302,1904,676
12,52,1385,462,312,770,412
144,794,2009,755,863,201,1
139,332,1457,1792,2105,2293,863
221,794,2145,1608,1280,989,1
81,224,814,1718,468,1173,245
42,163,730,1039,1201,1136,110
141,421,2265,1079,1223,221,774
20,794,1135,2101,2140,1337,1290
3,39,84,126,162,12,208
116,578,1332,788,862,1340,389
90,794,1857,1506,1902,2527,540
197,703,1696,1181,2238,1325,903
193,625,1315,1559,444,877,208
233,758,1745,2143,2296,2181,1338
10,249,784,170,305,1164,1
1,91,50,143,17,193,1
303,794,2439,2306,2145,676,303
153,690,1834,2235,706,1114,765
10,24,614,22,190,573,1
74,112,161,274,169,202,1
164,794,1193,2177,1904,2392,1537
127,506,936,1362,1125,706,1
179,755,1839,2094,1787,1271,883
164,794,2078,1962,1959,1333,650
139,794,2099,1919,1813,1314,16
290,794,1518,914,2267,2501,1451
198,794,1610,1939,1419,1993,588
98,500,1431,1253,1427,1158,208
129,794,604,1604,1938,630,161
91,794,2212,2008,1196,1419,1
272,794,2515,1410,1940,1587,1
203,413,2251,1663,1739,1603,1030
72,794,250,877,495,113,208
85,794,540,1624,1802,1224,913
128,372,1301,956,1167,2141,191
76,113,438,768,307,623,1
174,794,1582,1423,2028,2211,1222
102,794,2031,1239,2399,1474,1314
38,372,411,67,832,70,1
72,794,323,907,748,41,208
78,590,1047,1723,999,1546,803
39,319,149,432,1244,1547,331
18,121,300,237,68,368,1
114,794,315,539,710,1253,1
100,794,2246,1661,2308,1306,1064
78,300,516,497,168,309,1
1,794,78,1,135,281,1
72,216,105,146,62,35,1
175,773,1945,836,1997,1225,443
203,794,1806,1734,1614,1730,1
164,523,1901,2087,2071,2148,1254
89,794,1342,1934,1879,1618,346
113,210,502,1222,1205,1676,758
137,286,902,2075,1871,2317,1295
19,43,16,174,381,1381,1
104,405,766,238,349,871,1
265,794,2365,1808,2079,1458,1212
141,607,972,782,1261,2175,1
127,711,1078,1682,1870,2117,1193
128,794,1535,1574,2111,1867,848
1,1,2,46,1,81,1
103,794,1562,2194,1452,1436,1371
206,794,2458,930,2202,1768,1
52,322,618,719,263,1099,323
129,695,1598,1836,1720,2201,1210
141,271,1367,1580,1418,1502,805
258,794,2064,1981,1357,1082,118
203,608,1911,2349,2366,2546,1647
196,794,1674,1888,632,1977,231
44,794,938,1006,321,226,1
72,298,2129,2544,2398,2561,1703
233,794,2295,1852,2311,1788,1418
59,496,599,1288,1105,59,1
149,544,1645,572,1193,1090,1
137,794,1841,1904,2149,1395,1179
258,705,2116,1556,840,120,1
238,794,2379,2403,2185,2356,1622
193,794,1955,1498,1495,1978,360
52,794,562,1409,343,399,1
47,385,1893,486,583,455,1
44,132,381,349,578,83,1
196,687,2015,1752,1754,1495,1032
6,51,185,38,47,36,1
104,261,593,408,791,762,1
22,63,221,313,199,65,1
5,3,31,1017,812,2087,1266
77,390,1184,1616,1784,1916,1146
225,794,2010,2090,1696,1751,951
62,313,1056,474,224,568,1
137,437,2006,1966,1576,850,319
129,623,624,519,919,1031,1
4,28,253,121,353,315,1
81,794,1490,2402,2222,1518,1106
164,775,2055,1010,1613,1981,884
208,753,1258,1236,979,1765,219
1,1,3,5,21,66,1
116,695,1818,1063,1559,359,236
69,794,538,828,1154,848,95
62,401,942,1321,2179,2377,1486
1,40,2,12,42,248,1
10,59,98,150,19,168,1
1,794,1,16,487,526,1
10,794,576,135,360,438,1
203,794,1606,1422,858,1166,686
100,776,1338,1083,2278,1119,876
72,134,629,2488,1682,1449,1221
106,794,1397,2240,2516,2511,1535
236,794,1784,1731,1060,472,1
179,794,2192,2532,2518,2528,1697
203,794,2249,1371,2023,948,78
174,608,944,872,1605,253,1
103,581,1214,1774,1927,2224,170
