indice,ingles_original,portugues_traduzido,label,modelo,prompt,score_combinado,xcomet_xl,comet22,kiwi_xl,quartil,origem,parascore
447,"blood, sweat, and tears","Sangue, suor e lágrimas.",1,gemma3,prompt2,1.0349,1.0,0.9736478924751282,1.1310433149337769,Q1,dataset_final,
283,buy a lemon,Compre uma limão.,1,gemma3,prompt2,1.0337,1.0,0.963250696659088,1.1379926204681396,Q1,dataset_final,
283,buy a lemon,comprar um limão.,1,gpt,prompt2,1.0214,1.0,0.9911350011825562,1.0731598138809204,Q1,parascore,0.9493
283,buy a lemon,Comprar um limão azedo.,1,gemma3,prompt4,0.781,0.9895012378692627,0.9551875591278076,0.39842450618743896,Q1,parascore,0.913
505,don't judge a book by its cover,Não julgue um livro pela capa.,1,gemma3,prompt2,1.033,1.0,0.959353506565094,1.139675259590149,Q1,dataset_final,
7,my hands are tied,Minhas mãos estão atadas.,1,gpt,prompt2,1.0327,1.0,0.958843231201172,1.13926362991333,Q1,dataset_final,
7,my hands are tied,As mãos estão atadas.,1,gemma3,prompt4,0.904,0.9766715168952942,0.8673546314239502,0.8678485155105591,Q1,parascore,0.9629
7,my hands are tied,Estou de mãos atadas.,1,gemini,prompt2,0.6727,0.945519208908081,0.41531652212142944,0.6572501063346863,Q1,parascore,0.9315
7,my hands are tied,As minhas mãos estão atadas.,1,gemma3,prompt2,1.0202,1.0,0.9558024406433105,1.1048939228057861,Q1,parascore,0.9282
706,blood is thicker than water,Sangue é mais espesso que água.,1,gemini,prompt2,1.0327,1.0,0.9753132462501526,1.122857928276062,Q1,dataset_final,
706,blood is thicker than water,Sangue do meu sangue.,1,gemini,prompt4,0.5999,0.5542014837265015,0.5030274987220764,0.7425854206085205,Q1,parascore,0.9106
400,smooth sailing,navegação tranquila.,1,gpt,prompt2,1.0294,1.0,0.9905226230621338,1.097805142402649,Q1,dataset_final,
259,cloud of suspicion,Nuvem de suspeita.,1,gemma3,prompt2,1.0291,1.0,0.9692274928092957,1.1182150840759275,Q1,dataset_final,
259,cloud of suspicion,Nuvem de suspeitas.,1,gemini,prompt2,1.0288,1.0,0.9684449434280396,1.1178139448165894,Q1,parascore,0.9003
453,black and blue,preto e azul.,1,gpt,prompt2,1.029,1.0,0.9940990805625916,1.0928452014923096,Q1,dataset_final,
91,boiling point,ponto de ebulição.,1,gemmaX,sem_prompt,1.0264,1.0,0.993129312992096,1.086027979850769,Q1,dataset_final,
644,big fish in a small pond,Peixe grande em lago pequeno.,1,gemini,prompt2,1.0264,1.0,0.9549999833106996,1.1242280006408691,Q1,dataset_final,
644,big fish in a small pond,peixe grande num pequeno lago.,1,gemmaX,sem_prompt,1.0124,0.9995615482330322,0.9613012671470642,1.0763887166976929,Q1,parascore,0.9311
644,big fish in a small pond,grande peixe em um pequeno lago.,1,gpt,prompt2,1.015,1.0,0.9755234122276306,1.0694373846054077,Q1,parascore,0.9252
644,big fish in a small pond,Peixe grande num lago pequeno.,1,gemma3,prompt4,0.9456,0.9999723434448242,0.9180728793144226,0.9188257455825806,Q1,parascore,0.9018
74,actions speak louder than words,As ações falam mais alto do que as palavras.,1,gemma3,prompt2,1.026,1.0,0.9677042365074158,1.1102709770202637,Q1,dataset_final,
74,actions speak louder than words,As ações valem mais que as promessas.,1,gemma3,prompt4,0.9448,0.9974488019943237,0.9612587094306946,0.8758113980293274,Q1,parascore,0.9705
74,actions speak louder than words,Ações falam mais alto que palavras.,1,gpt,prompt2,1.024,1.0,0.9702354073524475,1.1017483472824097,Q1,parascore,0.9532
74,actions speak louder than words,Atos falam mais alto que palavras.,1,gpt,prompt4,0.9513,1.0,0.9696573615074158,0.884280800819397,Q1,parascore,0.9528
74,actions speak louder than words,Ações valem mais que palavras.,1,gemini,prompt2,1.0158,1.0,0.9644660949707031,1.08282470703125,Q1,parascore,0.9499
655,a taste of freedom,um gosto de liberdade.,1,gemmaX,sem_prompt,1.0252,1.0,0.9796101450920104,1.0960321426391602,Q1,dataset_final,
311,all that glitters is not gold,Nem tudo que brilha é ouro.,1,gpt,prompt2,1.0249,0.9874324798583984,0.9835637211799622,1.1035921573638916,Q1,dataset_final,
311,all that glitters is not gold,Nem tudo o que brilha é ouro.,1,gemmaX,sem_prompt,0.9513,0.9943122863769531,0.9682663083076477,0.89118492603302,Q1,parascore,0.9475
311,all that glitters is not gold,Nem tudo que reluz é ouro.,1,gpt,prompt4,0.8694,0.9697484970092773,0.967072069644928,0.6713975071907043,Q1,parascore,0.9262
21,an open book,Um livro aberto.,1,gemini,prompt2,1.0247,1.0,0.9712800979614258,1.1027737855911257,Q1,dataset_final,
291,a ray of hope,Um raio de esperança.,1,gemini,prompt2,1.0246,1.0,0.9723144173622132,1.1014394760131836,Q1,dataset_final,
291,a ray of hope,raio de esperança.,1,gpt,prompt4,0.9283,0.9809503555297852,0.951115071773529,0.8528385758399963,Q1,parascore,0.9195
660,back to basics,de volta ao básico.,1,gpt,prompt2,1.0243,1.0,0.9681246280670166,1.1048632860183716,Q1,dataset_final,
660,back to basics,de volta aos fundamentos.,1,gpt,prompt4,0.9459,1.0,0.9883565902709961,0.849280595779419,Q1,parascore,0.9559
507,back to the grind,De volta à rotina.,1,gemma3,prompt2,1.0241,0.9737918376922609,0.9216047525405884,1.1767820119857788,Q1,dataset_final,
507,back to the grind,de volta ao trabalho.,1,gemmaX,sem_prompt,0.9258,0.9841867685317993,0.8461255431175232,0.9471622705459595,Q1,parascore,0.9408
507,back to the grind,De volta à ativa.,1,gpt,prompt4,0.8169,0.9585683345794678,0.7166848182678223,0.7755138278007507,Q1,parascore,0.9027
73,"another day, another dollar","Mais um dia, mais um dólar.",1,gpt,prompt2,1.024,1.0,0.9578486084938048,1.114096760749817,Q1,dataset_final,
73,"another day, another dollar","Outro dia, outro dólar.",1,gemmaX,sem_prompt,0.9895,1.0,0.9672822952270508,1.0011130571365356,Q1,parascore,0.9535
73,"another day, another dollar","Mais um dia, mais um trocado.",1,gpt,prompt4,0.8187,0.9557534456253052,0.8325380682945251,0.6677366495132446,Q1,parascore,0.9442
73,"another day, another dollar","Mais um dia, mais um suor.",1,gemma3,prompt4,0.8525,0.8842288255691528,0.8077232241630554,0.8655335307121277,Q1,parascore,0.9405
703,better late than never,Antes tarde do que nunca.,1,gemini,prompt2,1.0231,0.9981635808944702,0.969385027885437,1.101640701293945,Q1,dataset_final,
703,better late than never,Mais vale tarde do que nunca.,1,gemma3,prompt2,1.0174,0.9998188018798828,0.9703606963157654,1.0820603370666504,Q1,parascore,0.9406
703,better late than never,melhor tarde do que nunca.,1,gemmaX,sem_prompt,0.9935,1.0,0.9909114837646484,0.9895799160003662,Q1,parascore,0.9381
511,a fish out of water,"Um peixe fora d""água.",1,gemini,prompt2,1.0227,1.0,0.96318119764328,1.1048671007156372,Q1,dataset_final,
28,food for thought,alimento para a reflexão.,1,gpt,prompt2,1.0223,0.9969807863235474,0.9849836826324464,1.084997057914734,Q1,dataset_final,
28,food for thought,comida para pensar.,1,gpt,prompt4,0.9291,0.9917500019073486,0.9832085967063904,0.8123964071273804,Q1,parascore,0.9426
192,a penny for your thoughts,um centavo por seus pensamentos.,1,gemmaX,sem_prompt,1.0205,1.0,0.9810722470283508,1.080323576927185,Q1,dataset_final,
192,a penny for your thoughts,Um real por seus pensamentos.,1,gpt,prompt4,0.8676,0.9644035696983337,0.8320832848548889,0.8061829805374146,Q1,parascore,0.9224
192,a penny for your thoughts,Um centavo pelos seus pensamentos.,1,gpt,prompt2,1.0051,1.0,0.9545221924781799,1.0607585906982422,Q1,parascore,0.9205
192,a penny for your thoughts,Um centavo pelo seu pensamento.,1,gemma3,prompt2,1.0084,1.0,0.9536272883415222,1.0716928243637085,Q1,parascore,0.9132
192,a penny for your thoughts,Um tostão pelos seus pensamentos.,1,gemini,prompt4,0.9033,0.9802294969558716,0.9349830746650696,0.7946799993515015,Q1,parascore,0.9075
184,burn bridges,Queimar pontes.,1,gemini,prompt2,1.02,0.991200029850006,0.9451541900634766,1.1236082315444946,Q1,dataset_final,
184,burn bridges,Queimar as pontes.,1,gemini,prompt4,0.923,0.9912000298500061,0.9361498355865479,0.8417245149612427,Q1,parascore,0.9085
14,an iron fist,um punho de ferro.,1,gemmaX,sem_prompt,1.0196,0.9967514276504515,0.9797745943069458,1.0822917222976685,Q1,dataset_final,
14,an iron fist,Punho de ferro.,1,gemini,prompt2,0.8948,0.9412121772766113,0.6955325603485107,1.047531008720398,Q1,parascore,0.9687
14,an iron fist,uma mão de ferro.,1,gpt,prompt2,0.994,0.9943063259124756,0.9811370968818665,1.0065163373947144,Q1,parascore,0.9368
106,light at the end of the tunnel,Luz no fim do túnel.,1,gemini,prompt2,1.0187,1.0,0.9584968090057372,1.097502589225769,Q1,dataset_final,
106,light at the end of the tunnel,Uma luz no fim do túnel.,1,gemma3,prompt2,1.0127,1.0,0.9404628872871399,1.0977634191513062,Q1,parascore,0.9053
183,cold feet,pés frios.,1,gemmaX,sem_prompt,1.0187,1.0,0.9810448288917542,1.074920415878296,Q1,dataset_final,
183,cold feet,pé frio.,1,gpt,prompt2,0.9139,0.9946713447570801,0.980228066444397,0.7668900489807129,Q1,parascore,0.9344
621,from the bottom of my heart,Do fundo do meu coração.,1,gemini,prompt2,1.0184,1.0,0.9623145461082458,1.092937469482422,Q1,dataset_final,
239,live in a glass house,Morar em casa de vidro.,1,gemini,prompt2,1.0179,1.0,0.9238027930259703,1.1298139095306396,Q1,dataset_final,
239,live in a glass house,viver em uma casa de vidro.,1,gpt,prompt2,0.9909,0.9912000298500061,0.9393414855003357,1.0422940254211426,Q1,parascore,0.9635
239,live in a glass house,viver numa casa de vidro.,1,gemmaX,sem_prompt,0.9985,0.9912000298500061,0.9454331398010254,1.0588892698287964,Q1,parascore,0.9387
239,live in a glass house,Viver em casa de vidro.,1,gemini,prompt4,0.9174,0.985476016998291,0.8792796730995178,0.887298583984375,Q1,parascore,0.9268
173,fingers crossed,Dedos cruzados.,1,gemini,prompt2,1.0178,0.991200029850006,0.977510392665863,1.0848290920257568,Q1,dataset_final,
173,fingers crossed,cruzando os dedos.,1,gemmaX,sem_prompt,0.8911,0.9329333901405334,0.8327558636665344,0.9075413942337036,Q1,parascore,0.9006
264,a penny saved is a penny earned,Um centavo economizado é um centavo ganho.,1,gpt,prompt2,1.0166,0.9866671562194824,0.9560284614562988,1.1070328950881958,Q1,dataset_final,
264,a penny saved is a penny earned,Um centavo guardado é um centavo ganho.,1,gpt,prompt4,0.9307,0.9600002765655518,0.9554669260978699,0.876557469367981,Q1,parascore,0.956
264,a penny saved is a penny earned,Um centavo poupado é um centavo ganho.,1,gemini,prompt2,1.002,0.9876983165740967,0.9537118077278137,1.0645471811294556,Q1,parascore,0.9355
264,a penny saved is a penny earned,Um tostão guardado é um tostão ganho.,1,gemma3,prompt2,0.9744,0.9707669019699097,0.9405745267868042,1.0117157697677612,Q1,parascore,0.9011
521,dark horse,cavalo escuro.,1,gemmaX,sem_prompt,1.0165,1.0,0.9872961640357972,1.0622750520706177,Q1,dataset_final,
646,against all odds,Contra todas as probabilidades.,1,gemini,prompt2,1.0162,1.0,0.9517173767089844,1.0970066785812378,Q1,dataset_final,
425,cast in stone,Escrito em pedra.,1,gemini,prompt2,1.0161,0.9923049211502076,0.911178469657898,1.1449052095413208,Q1,dataset_final,
121,paint the town red,pinte a cidade de vermelho.,1,gemmaX,sem_prompt,1.0156,1.0,0.9745609760284424,1.0723670721054075,Q1,dataset_final,
121,paint the town red,pintar a cidade de vermelho.,1,gpt,prompt2,0.998,1.0,0.9886534214019775,1.0052562952041626,Q1,parascore,0.9136
562,broken dreams,sonhos quebrados.,1,gpt,prompt2,1.0156,1.0,0.9845481514930724,1.0622838735580444,Q1,dataset_final,
562,broken dreams,sonhos despedaçados.,1,gpt,prompt4,0.8881,0.9824000597000122,0.85102379322052,0.830801784992218,Q1,parascore,0.9291
562,broken dreams,sonhos desfeitos.,1,gemmaX,sem_prompt,0.9819,1.0,0.9823713898658752,0.963434100151062,Q1,parascore,0.9139
135,any port in a storm,qualquer porto numa tempestade.,1,gemmaX,sem_prompt,1.0154,1.0,0.975788414478302,1.070267915725708,Q1,dataset_final,
135,any port in a storm,qualquer porto em uma tempestade.,1,gpt,prompt4,0.9231,1.0,0.9742252230644226,0.7950307130813599,Q1,parascore,0.9193
301,blood runs thicker than water,O sangue é mais grosso que a água.,1,gemma3,prompt2,1.0152,1.0,0.9374107718467712,1.1082388162612915,Q1,dataset_final,
301,blood runs thicker than water,O sangue é mais espesso do que a água.,1,gemmaX,sem_prompt,1.0017,1.0,0.9594606757164001,1.0455818176269531,Q1,parascore,0.9546
301,blood runs thicker than water,O sangue nos une mais do que as águas.,1,gemma3,prompt4,0.8335,0.942070484161377,0.887273371219635,0.6710261702537537,Q1,parascore,0.9433
301,blood runs thicker than water,Sangue é mais espesso que a água.,1,gpt,prompt4,0.9449,1.0,0.9384505152702332,0.8962808847427368,Q1,parascore,0.9336
537,all in your head,Tudo na sua cabeça.,1,gemma3,prompt2,1.0152,1.0,0.9255477786064148,1.1199396848678589,Q1,dataset_final,
98,cold as ice,Frio como gelo.,1,gemini,prompt2,1.0151,1.0,0.978050410747528,1.0672496557235718,Q1,dataset_final,
98,cold as ice,Frio como pedra.,1,gemini,prompt4,0.8739,0.9835938811302185,0.900217592716217,0.7377711534500122,Q1,parascore,0.9143
98,cold as ice,fria como o gelo.,1,gpt,prompt4,0.9281,1.0,0.989661693572998,0.7945132255554199,Q1,parascore,0.9136
485,back to square one,De volta à estaca zero.,1,gemma3,prompt2,1.0151,1.0,0.9655810594558716,1.0797053575515747,Q1,dataset_final,
485,back to square one,Voltar à estaca zero.,1,gemini,prompt4,0.8505,0.9416331052780151,0.8863747119903564,0.7234359979629517,Q1,parascore,0.9265
485,back to square one,de volta ao ponto de partida.,1,gemmaX,sem_prompt,0.9831,0.9912000298500061,0.8965879082679749,1.0614598989486694,Q1,parascore,0.9071
377,an uphill battle,Uma batalha difícil.,1,gemini,prompt2,1.0149,0.9936751127243042,0.9271007776260376,1.123867392539978,Q1,dataset_final,
377,an uphill battle,Uma batalha árdua.,1,gemma3,prompt2,0.7808,0.8526899814605713,0.8746840953826904,0.6149810552597046,Q1,parascore,0.9265
408,built like a tank,construído como um tanque.,1,gemmaX,sem_prompt,1.0146,1.0,0.9864946007728576,1.0574421882629397,Q1,dataset_final,
408,built like a tank,Forte como um tanque.,1,gemma3,prompt2,0.9728,0.9768335819244385,0.866721510887146,1.0749439001083374,Q1,parascore,0.9372
408,built like a tank,Forte como um touro.,1,gemma3,prompt4,0.7616,0.8681833744049072,0.5723568797111511,0.8441677093505859,Q1,parascore,0.902
551,burning bridges,Queimando pontes.,1,gemini,prompt2,1.014,1.0,0.9341097474098206,1.1080259084701538,Q1,dataset_final,
67,butterfly effect,efeito borboleta.,1,gemmaX,sem_prompt,1.0139,1.0,0.9891905188560486,1.052520990371704,Q1,dataset_final,
62,a skeleton in the closet,um esqueleto no armário.,1,gpt,prompt2,1.0138,1.0,0.971251666545868,1.0702849626541138,Q1,dataset_final,
62,a skeleton in the closet,esqueleto no armário.,1,gpt,prompt4,0.9221,0.9786622524261475,0.947258710861206,0.840518593788147,Q1,parascore,0.9551
527,clear as crystal,Claro como cristal.,1,gemini,prompt2,1.0132,1.0,0.982745349407196,1.0568978786468506,Q1,dataset_final,
156,a heart of gold,um coração de ouro.,1,gpt,prompt2,1.0109,0.9959825277328492,0.9810587763786316,1.0557841062545776,Q1,dataset_final,
156,a heart of gold,coração de ouro.,1,gpt,prompt4,0.9049,0.9925169944763184,0.9207122325897217,0.8014770150184631,Q1,parascore,0.9607
635,a piece of cake,um pedaço de bolo.,1,gemmaX,sem_prompt,1.0096,1.0,0.9799816608428956,1.04876971244812,Q1,dataset_final,
470,all the world's a stage,Todo o mundo é um palco.,1,gemmaX,sem_prompt,1.0093,1.0,0.9582616090774536,1.0696256160736084,Q1,dataset_final,
470,all the world's a stage,O mundo é um palco.,1,gemma3,prompt4,0.9363,0.9996762275695801,0.9487739205360413,0.8605032563209534,Q1,parascore,0.9526
470,all the world's a stage,O mundo inteiro é um palco.,1,gemini,prompt2,1.0059,1.0,0.9533559679985046,1.0644245147705078,Q1,parascore,0.9303
630,like a fish out of water,"Como um peixe fora d""água.",1,gemma3,prompt2,1.0093,1.0,0.94367778301239,1.0841031074523926,Q1,dataset_final,
630,like a fish out of water,"Como peixe fora d""água.",1,gemini,prompt4,0.9318,0.9991774559020996,0.942562997341156,0.8537974953651428,Q1,parascore,0.9579
171,comfort zone,Zona de conforto.,1,gemini,prompt2,1.009,1.0,0.9638678431510924,1.06299889087677,Q1,dataset_final,
275,all in the same boat,todos no mesmo barco.,1,gpt,prompt2,1.008,1.0,0.967350423336029,1.0565102100372314,Q1,dataset_final,
255,heart of stone,coração de pedra.,1,gemmaX,sem_prompt,1.0078,1.0,0.977474331855774,1.0457881689071655,Q1,dataset_final,
78,bleeding heart,coração sangrante.,1,gpt,prompt2,1.0067,1.0,0.9768770933151244,1.043233036994934,Q1,dataset_final,
350,a sinking ship,um navio afundando.,1,gpt,prompt2,1.0064,1.0,0.984502375125885,1.0347763299942017,Q1,dataset_final,
350,a sinking ship,Navio afundando.,1,gemini,prompt4,0.9132,0.9912000298500061,0.9100785255432129,0.8382174968719482,Q1,parascore,0.931
82,hard pill to swallow,uma pílula difícil de engolir.,1,gemmaX,sem_prompt,1.006,1.0,0.9273374676704408,1.0907284021377563,Q1,dataset_final,
82,hard pill to swallow,difícil de aceitar.,1,gpt,prompt2,0.8344,0.9659212827682495,0.594764769077301,0.9425137042999268,Q1,parascore,0.9249
82,hard pill to swallow,Verdade difícil de engolir.,1,gemini,prompt2,0.8934,0.9912000298500061,0.8645781874656677,0.8242923021316528,Q1,parascore,0.9232
304,an ounce of prevention is worth a pound of cure,Um grama de prevenção vale um quilo de cura.,1,gemini,prompt2,1.0058,1.0,0.9545185565948486,1.0627970695495603,Q1,dataset_final,
304,an ounce of prevention is worth a pound of cure,Uma onça de prevenção vale mais que uma libra de cura.,1,gemma3,prompt2,1.0013,1.0,0.9518495202064514,1.0519462823867798,Q1,parascore,0.928
304,an ounce of prevention is worth a pound of cure,Uma onça de prevenção vale uma libra de cura.,1,gpt,prompt2,0.9915,1.0,0.933799147605896,1.0406084060668945,Q1,parascore,0.9227
304,an ounce of prevention is worth a pound of cure,Uma onça de cuidado vale mais que um arroba de remédio.,1,gemma3,prompt4,0.8804,0.9747821092605591,0.9439041018486023,0.7225114107131958,Q1,parascore,0.9001
494,as smooth as silk,suave como seda.,1,gpt,prompt2,1.0055,1.0,0.9494194388389589,1.0672155618667605,Q1,dataset_final,
308,big league,grande liga.,1,gpt,prompt2,1.0051,0.9768926501274108,0.9934813380241394,1.0447996854782104,Q1,dataset_final,
129,arm and a leg,Um braço e uma perna.,1,gemini,prompt2,1.0049,0.9926327466964722,0.909003973007202,1.1131254434585571,Q1,dataset_final,
129,arm and a leg,Um rim e um figado.,1,gemini,prompt4,0.7366,0.9206690788269043,0.43708106875419617,0.8520391583442688,Q1,parascore,0.9199
31,close to my heart,Perto do meu coração.,1,gemini,prompt2,1.0047,1.0,0.9360928535461426,1.077988624572754,Q1,dataset_final,
468,all's fair in love and war,Tudo é justo no amor e na guerra.,1,gemmaX,sem_prompt,1.0043,1.0,0.9625515341758728,1.0504169464111328,Q1,dataset_final,
468,all's fair in love and war,Tudo vale em amor e guerra.,1,gpt,prompt2,0.9456,0.9970411062240601,0.9522822499275208,0.88762366771698,Q1,parascore,0.9354
468,all's fair in love and war,Vale tudo em amor e guerra.,1,gpt,prompt4,0.8968,0.995330810546875,0.9559995532035828,0.7389894127845764,Q1,parascore,0.9183
468,all's fair in love and war,"No amor e na guerra, vale tudo.",1,gemini,prompt4,0.9107,0.9934535026550293,0.9565674662590027,0.7820814847946167,Q1,parascore,0.9183
468,all's fair in love and war,Tudo vale nos campos do amor e da batalha.,1,gemma3,prompt4,0.8976,0.9916058778762817,0.9606534838676453,0.7406105995178223,Q1,parascore,0.912
468,all's fair in love and war,"Em amor e guerra, vale tudo.",1,gemini,prompt2,0.9555,0.9960633516311646,0.9590708613395691,0.9113686084747314,Q1,parascore,0.9052
215,fish out of water,"peixe fora d""água.",1,gpt,prompt2,1.0042,1.0,0.9819901585578918,1.0305553674697876,Q1,dataset_final,
161,a voice in the wilderness,Uma voz no deserto.,1,gemini,prompt2,1.004,1.0,0.9591014385223388,1.052815556526184,Q1,dataset_final,
161,a voice in the wilderness,uma voz que clama no deserto.,1,gpt,prompt4,0.8931,0.9772083163261414,0.8851443529129028,0.8169511556625366,Q1,parascore,0.9134
25,easy as pie,Fácil como uma torta.,1,gemini,prompt2,1.0034,1.0,0.970259130001068,1.039799690246582,Q1,dataset_final,
25,easy as pie,fácil como um passeio no parque.,1,gpt,prompt4,0.8047,0.9877675771713257,0.9912245869636536,0.43504002690315247,Q1,parascore,0.919
25,easy as pie,fácil como a torta.,1,gemmaX,sem_prompt,0.9148,0.9982917308807373,0.9932926297187805,0.7529019117355347,Q1,parascore,0.9088
25,easy as pie,Fácil como descascar uma laranja.,1,gemma3,prompt2,0.9135,0.9676092863082886,0.6838879585266113,1.0891355276107788,Q1,parascore,0.905
30,a chip on your shoulder,um chip no seu ombro.,1,gemmaX,sem_prompt,1.0022,1.0,0.931946098804474,1.0746742486953735,Q1,dataset_final,
145,a fly on the wall,Uma mosca na parede.,1,gemma3,prompt2,1.0019,0.9961655139923096,0.938498318195343,1.071053147315979,Q1,dataset_final,
145,a fly on the wall,mosca na parede.,1,gpt,prompt4,0.7738,0.8402355909347534,0.8760010004043579,0.6051443219184875,Q1,parascore,0.9453
486,break the ice,Quebrar o gelo.,1,gemini,prompt2,1.0016,0.991200029850006,0.9466816186904908,1.0669844150543213,Q1,dataset_final,
66,as easy as pie,Tão fácil quanto uma torta.,1,gemini,prompt2,1.0011,0.991200029850006,0.9756783843040466,1.0365184545516968,Q1,dataset_final,
66,as easy as pie,fácil como um bolo.,1,gpt,prompt4,0.9318,0.9924094676971436,0.9520888328552246,0.8507944345474243,Q1,parascore,0.9589
66,as easy as pie,tão fácil quanto a torta.,1,gemmaX,sem_prompt,0.8459,0.9797425270080566,0.9916782379150391,0.5663763880729675,Q1,parascore,0.9207
164,curiosity killed the cat,A curiosidade matou o gato.,1,gemma3,prompt2,1.0011,1.0,0.9189191460609436,1.084267258644104,Q1,dataset_final,
164,curiosity killed the cat,curiosidade matou o gato.,1,gemmaX,sem_prompt,0.9486,1.0,0.9204441905021667,0.9254577159881592,Q1,parascore,0.9325
361,don't bite the hand that feeds you,Não morda a mão que te alimenta.,1,gemini,prompt2,1.0008,0.991200029850006,0.923440396785736,1.0876458883285522,Q1,dataset_final,
361,don't bite the hand that feeds you,Não morda a mão que o alimenta.,1,gemma3,prompt2,0.9996,1.0,0.9184263348579407,1.0803104639053345,Q1,parascore,0.9348
56,best of both worlds,O melhor dos dois mundos.,1,gemini,prompt2,1.0006,1.0,0.9637900590896606,1.0379412174224854,Q1,dataset_final,
495,a shot in the dark,Um tiro no escuro.,1,gemini,prompt2,0.9997,1.0,0.9673404097557068,1.0317991971969604,Q1,dataset_final,
495,a shot in the dark,Um palpite no escuro.,1,gemma3,prompt2,0.8899,0.9934203624725342,0.9237224459648132,0.7525867223739624,Q1,parascore,0.9193
233,"hope for the best, prepare for the worst","Esperar o melhor, preparar-se para o pior.",1,gemini,prompt2,0.999,1.0,0.9567734599113464,1.0402793884277344,Q1,dataset_final,
233,"hope for the best, prepare for the worst","Esperar pelo melhor, preparar-se para o pior.",1,gpt,prompt4,0.9387,1.0,0.9558315277099609,0.8602146506309509,Q1,parascore,0.9457
233,"hope for the best, prepare for the worst","espere pelo melhor, prepare-se para o pior.",1,gpt,prompt2,0.9849,1.0,0.9273173213005066,1.0272711515426636,Q1,parascore,0.9376
36,devil's advocate,Defensor do diabo.,1,gemma3,prompt2,0.9988,1.0,0.9298215508461,1.066589593887329,Q1,dataset_final,
36,devil's advocate,Advogado do diabo.,1,gemini,prompt2,0.9951,1.0,0.9264344573020935,1.0588009357452393,Q1,parascore,0.9188
281,dead in the water,morto na água.,1,gpt,prompt2,0.9988,0.990964412689209,0.9887722134590148,1.0165519714355469,Q1,dataset_final,
595,a weight on my shoulders,um peso sobre os meus ombros.,1,gpt,prompt2,0.9987,1.0,0.980044722557068,1.0159423351287842,Q1,dataset_final,
595,a weight on my shoulders,um peso nos meus ombros.,1,gpt,prompt4,0.9362,1.0,0.9790200591087341,0.8294625282287598,Q1,parascore,0.9686
595,a weight on my shoulders,Um peso sobre meus ombros.,1,gemma3,prompt2,0.9887,1.0,0.9503898024559021,1.015674114227295,Q1,parascore,0.9385
359,black as coal,Preto como carvão.,1,gemini,prompt2,0.9986,1.0,0.9815913438796996,1.0142192840576172,Q1,dataset_final,
359,black as coal,Negro como o carvão.,1,gemma3,prompt4,0.7879,0.9400938749313354,0.739301860332489,0.6844181418418884,Q1,parascore,0.9281
534,at a snail's pace,a um ritmo de lesma.,1,gemmaX,sem_prompt,0.9985,0.9992117881774902,0.9750942587852478,1.0211275815963743,Q1,dataset_final,
534,at a snail's pace,a passo de lesma.,1,gpt,prompt4,0.9019,0.98890221118927,0.9721135497093201,0.7447391748428345,Q1,parascore,0.966
534,at a snail's pace,A passos de lesma.,1,gemini,prompt4,0.883,0.9822111129760742,0.9033072590827942,0.7633509635925293,Q1,parascore,0.9208
423,big picture,O quadro geral.,1,gemma3,prompt2,0.9968,1.0,0.956548273563385,1.0339051485061646,Q1,dataset_final,
423,big picture,visão geral.,1,gpt,prompt4,0.7565,0.8630095720291138,0.6606111526489258,0.7460275292396545,Q1,parascore,0.9664
212,"if you can't stand the heat, get out of the kitchen","Se não aguenta o calor, saia da cozinha.",1,gemini,prompt2,0.9959,1.0,0.947243869304657,1.0404270887374878,Q1,dataset_final,
212,"if you can't stand the heat, get out of the kitchen","Se você não aguenta a pressão, saia da cozinha.",1,gpt,prompt4,0.8418,0.9889442920684814,0.9122458100318909,0.6241661310195923,Q1,parascore,0.9682
212,"if you can't stand the heat, get out of the kitchen","""Se você não consegue suportar o calor, saia da cozinha.""",1,gpt,prompt2,0.9946,1.0,0.9398525357246399,1.0439716577529907,Q1,parascore,0.9586
212,"if you can't stand the heat, get out of the kitchen","Se você não aguenta o calor, saia da cozinha.",1,gemma3,prompt2,0.9956,1.0,0.9479809999465942,1.0387109518051147,Q1,parascore,0.9565
212,"if you can't stand the heat, get out of the kitchen","Se não aguenta o calor, saia da fornalha.",1,gemma3,prompt4,0.8253,0.9899479150772095,0.9388976693153381,0.5471082925796509,Q1,parascore,0.9386
212,"if you can't stand the heat, get out of the kitchen","Quem não aguenta o rojão, que saia da cozinha.",1,gemini,prompt4,0.8925,0.994041919708252,0.9339197278022766,0.7495011687278748,Q1,parascore,0.9345
212,"if you can't stand the heat, get out of the kitchen","Se não aguentares o calor, sai da cozinha.",1,gemmaX,sem_prompt,0.9734,1.0,0.914623498916626,1.005460262298584,Q1,parascore,0.9326
481,a place in the sun,Um lugar ao sol.,1,gemmaX,sem_prompt,0.9959,1.0,0.963469922542572,1.02432119846344,Q1,dataset_final,
120,change of tune,Mudança de tom.,1,gemini,prompt2,0.995,0.991200029850006,0.9161967635154724,1.0776528120040894,Q1,dataset_final,
358,don't put all your eggs in one basket,Não coloque todos os seus ovos na mesma cesta.,1,gemma3,prompt2,0.9945,1.0,0.955055058002472,1.0285383462905884,Q1,dataset_final,
358,don't put all your eggs in one basket,Não coloque todos os seus ovos em uma só cesta.,1,gpt,prompt2,0.9842,0.9961576461791992,0.953973114490509,1.0024851560592651,Q1,parascore,0.95
358,don't put all your eggs in one basket,Não ponha todos os seus ovos num só cesto.,1,gemmaX,sem_prompt,0.9828,1.0,0.9639081358909607,0.9843813180923462,Q1,parascore,0.9309
224,calm before the storm,calma antes da tempestade.,1,gemmaX,sem_prompt,0.9944,1.0,0.9865182638168336,0.9967602491378784,Q1,dataset_final,
224,calm before the storm,a calma antes da tempestade.,1,gpt,prompt2,0.9678,0.9912000298500061,0.9678352475166321,0.9445093870162964,Q1,parascore,0.9231
224,calm before the storm,a calmaria antes da tempestade.,1,gpt,prompt4,0.919,0.9849529266357422,0.9647541642189026,0.807395339012146,Q1,parascore,0.9208
536,dressed to kill,vestida para matar.,1,gpt,prompt2,0.9941,1.0,0.9879860281944276,0.9944289922714232,Q1,dataset_final,
245,as clear as mud,Tão claro quanto barro.,1,gemma3,prompt2,0.9938,1.0,0.9736531376838684,1.0078366994857788,Q1,dataset_final,
398,butterflies in my stomach,borboletas no meu estômago.,1,gpt,prompt2,0.9936,1.0,0.9801831245422364,1.0005950927734375,Q1,dataset_final,
398,butterflies in my stomach,Borboletas no estômago.,1,gemini,prompt2,0.7479,0.9896143674850464,0.838002622127533,0.4161646366119385,Q1,parascore,0.9666
386,a leopard can't change its spots,Um leopardo não pode mudar suas manchas.,1,gpt,prompt2,0.9932,1.0,0.921894073486328,1.057663083076477,Q1,dataset_final,
386,a leopard can't change its spots,Um leopardo não muda suas manchas.,1,gemma3,prompt2,0.9697,0.9972304105758667,0.9224534630775452,0.9894428849220276,Q1,parascore,0.9647
386,a leopard can't change its spots,"""A onça não muda suas manchas.""",1,gemini,prompt2,0.9545,1.0,0.9064932465553284,0.957129716873169,Q1,parascore,0.932
386,a leopard can't change its spots,um tigre não muda suas listras.,1,gpt,prompt4,0.8177,0.9460235834121704,0.6876369118690491,0.8194854855537415,Q1,parascore,0.9297
386,a leopard can't change its spots,A natureza não muda.,1,gemma3,prompt4,0.4823,0.5027331113815308,0.4489136040210724,0.4953486919403076,Q1,parascore,0.9273
466,a storm in a teacup,"Uma tempestade num copo d""água.",1,gemma3,prompt2,0.9931,0.9993736743927002,0.925629198551178,1.0542752742767334,Q1,dataset_final,
466,a storm in a teacup,"tempestade em copo d""água.",1,gpt,prompt4,0.9246,0.9898097515106201,0.9590460658073425,0.825015664100647,Q1,parascore,0.9405
466,a storm in a teacup,"uma tempestade em copo d""água.",1,gpt,prompt2,0.9742,0.9942787885665894,0.960532009601593,0.9678906202316284,Q1,parascore,0.9304
466,a storm in a teacup,uma tempestade num copo de chá.,1,gemmaX,sem_prompt,0.9906,0.9995284080505371,0.9683266282081604,1.003896951675415,Q1,parascore,0.9235
380,don’t put all your eggs in one basket,Não coloque todos os ovos na mesma cesta.,1,gemma3,prompt2,0.9919,1.0,0.9535462856292723,1.0221859216690063,Q1,dataset_final,
380,don’t put all your eggs in one basket,não coloque todos os seus ovos em uma única cesta.,1,gpt,prompt2,0.9825,0.9986559152603149,0.9305201768875122,1.0183970928192139,Q1,parascore,0.9361
441,give someone the cold shoulder,dar a alguém o ombro frio.,1,gemmaX,sem_prompt,0.9913,0.99834406375885,0.9682740569114684,1.007422924041748,Q1,dataset_final,
441,give someone the cold shoulder,dar o ombro frio a alguém.,1,gpt,prompt2,0.9777,0.9780384302139282,0.9133936762809753,1.041732907295227,Q1,parascore,0.9895
46,burn your bridges,queime suas pontes.,1,gemmaX,sem_prompt,0.9901,0.991200029850006,0.9773531556129456,1.0018116235733032,Q1,dataset_final,
347,an old flame,uma antiga paixão.,1,gemmaX,sem_prompt,0.9901,0.99050772190094,0.865745484828949,1.11412250995636,Q1,dataset_final,
347,an old flame,um antigo amor.,1,gpt,prompt2,0.9737,0.9902396202087402,0.8187568783760071,1.1121127605438232,Q1,parascore,0.9592
347,an old flame,Uma paixão antiga.,1,gemma3,prompt4,0.4176,0.7162918448448181,0.426831990480423,0.10963480174541473,Q1,parascore,0.9418
27,change of heart,Mudança de coração.,1,gemini,prompt2,0.9897,0.991200029850006,0.9275705218315125,1.0504688024520874,Q1,dataset_final,
27,change of heart,Mudança de opinião.,1,gemma3,prompt2,0.9431,0.9791113138198853,0.8371210694313049,1.0130082368850708,Q1,parascore,0.9556
125,blessing in disguise,Uma bênção disfarçada.,1,gemma3,prompt2,0.9897,1.0,0.9306445717811584,1.0383386611938477,Q1,dataset_final,
125,blessing in disguise,benção disfarçada.,1,gpt,prompt2,0.9626,1.0,0.9833468794822693,0.9045385122299194,Q1,parascore,0.9562
241,don’t cry over spilled milk,Não chore por leite derramado.,1,gemma3,prompt2,0.9895,1.0,0.9254968166351318,1.04298996925354,Q1,dataset_final,
241,don’t cry over spilled milk,Não adianta chorar sobre o leite derramado.,1,gpt,prompt2,0.9312,1.0,0.8778066635131836,0.9156867265701294,Q1,parascore,0.9478
241,don’t cry over spilled milk,Não chore sobre o leite derramado.,1,gemini,prompt2,0.9852,1.0,0.9242797493934631,1.0313345193862915,Q1,parascore,0.9415
241,don’t cry over spilled milk,Não chores sobre o leite derramado.,1,gemini,prompt4,0.8898,0.9944765567779541,0.9219961166381836,0.7528942823410034,Q1,parascore,0.9363
685,have a heart of stone,Ter um coração de pedra.,1,gemma3,prompt2,0.9891,0.9830069541931152,0.9100934267044068,1.0742372274398804,Q1,dataset_final,
685,have a heart of stone,ter coração de pedra.,1,gpt,prompt4,0.9146,0.9838701486587524,0.9219777584075928,0.8378122448921204,Q1,parascore,0.9292
715,bird's eye view,visão de pássaro.,1,gpt,prompt2,0.9885,0.991200029850006,0.9607680439949036,1.0136783123016355,Q1,dataset_final,
662,carved in stone,Esculpido em pedra.,1,gemini,prompt2,0.9884,1.0,0.9725804924964904,0.9926647543907166,Q1,dataset_final,
662,carved in stone,gravado em pedra.,1,gpt,prompt4,0.9211,1.0,0.9852471947669983,0.7780424356460571,Q1,parascore,0.9523
662,carved in stone,esculpida na pedra.,1,gemmaX,sem_prompt,0.9687,1.0,0.9853557348251343,0.9207863807678223,Q1,parascore,0.9209
83,a slap on the wrist,uma palmada no pulso.,1,gpt,prompt2,0.9869,0.991200029850006,0.968552589416504,1.001012921333313,Q1,dataset_final,
83,a slap on the wrist,Uma palmada na mão.,1,gemini,prompt4,0.9184,0.9840446710586548,0.9232878088951111,0.8478375673294067,Q1,parascore,0.9239
711,darkest before dawn,A noite mais escura antes do amanhecer.,1,gemma3,prompt2,0.9869,0.9888126850128174,0.9064921140670776,1.065359115600586,Q1,dataset_final,
711,darkest before dawn,mais escuro antes do amanhecer.,1,gemmaX,sem_prompt,0.895,1.0,0.8704103231430054,0.8146791458129883,Q1,parascore,0.9504
711,darkest before dawn,A noite mais escura precede o amanhecer.,1,gemini,prompt4,0.9012,0.9822993278503418,0.8623084425926208,0.8590093851089478,Q1,parascore,0.9416
711,darkest before dawn,É sempre mais escuro antes do amanhecer.,1,gpt,prompt4,0.9155,0.9927009344100952,0.8950376510620117,0.8588135838508606,Q1,parascore,0.9299
711,darkest before dawn,A noite mais escura precede a alvorada.,1,gemini,prompt2,0.9487,0.9919975996017456,0.8664653301239014,0.9877802133560181,Q1,parascore,0.9245
286,clear as mud,claro como lama.,1,gpt,prompt2,0.9865,1.0,0.9920006394386292,0.9674288034439088,Q1,dataset_final,
64,cool as a cucumber,Calmo como um pepino.,1,gemini,prompt2,0.986,1.0,0.8974834084510803,1.0605708360671997,Q1,dataset_final,
64,cool as a cucumber,tranquilo como um pepino.,1,gpt,prompt2,0.9531,0.9790489673614502,0.8830870389938354,0.9971051216125488,Q1,parascore,0.9412
64,cool as a cucumber,Calmo como uma pepino.,1,gemma3,prompt2,0.9053,0.9780813455581665,0.7505784630775452,0.9873788952827454,Q1,parascore,0.9335
64,cool as a cucumber,frio como um pepino.,1,gemmaX,sem_prompt,0.9264,0.9879839420318604,0.8421052694320679,0.9490292072296143,Q1,parascore,0.9205
540,banging your head against a brick wall,bater a cabeça contra uma parede de tijolos.,1,gemmaX,sem_prompt,0.986,0.983922839164734,0.9635074138641356,1.0105959177017212,Q1,dataset_final,
540,banging your head against a brick wall,bater a cabeça na parede.,1,gpt,prompt2,0.9394,0.9767090678215027,0.885951578617096,0.9555490016937256,Q1,parascore,0.976
540,banging your head against a brick wall,bater cabeça na parede.,1,gpt,prompt4,0.8796,0.971493124961853,0.9036792516708374,0.7636311650276184,Q1,parascore,0.9553
540,banging your head against a brick wall,Bater a cabeça contra a parede.,1,gemini,prompt2,0.9333,0.9779211282730103,0.8256821632385254,0.9963583946228027,Q1,parascore,0.9495
540,banging your head against a brick wall,Bater com a cabeça em ponto morto.,1,gemini,prompt4,0.8224,0.9629026651382446,0.8020796179771423,0.702260434627533,Q1,parascore,0.9086
102,feast your eyes,Delicie seus olhos.,1,gemini,prompt2,0.9851,0.9640318155288696,0.9715067744255066,1.0196270942687988,Q2,dataset_final,
590,carry a torch,carregar uma tocha.,1,gpt,prompt2,0.9851,1.0,0.9769085049629213,0.9784202575683594,Q2,dataset_final,
590,carry a torch,Guardar uma chama.,1,gemma3,prompt2,0.8613,0.9568524360656738,0.650111734867096,0.9769937992095947,Q2,parascore,0.9084
624,down to earth,Pé no chão.,1,gemini,prompt2,0.9851,0.9879707098007202,0.9547284245491028,1.0124744176864624,Q2,dataset_final,
624,down to earth,Com os pés no chão.,1,gemini,prompt4,0.8959,0.9920854568481445,0.9098487496376038,0.7857004404067993,Q2,parascore,0.9004
638,against the clock,contra o relógio.,1,gemmaX,sem_prompt,0.985,1.0,0.9801246523857116,0.9749637246131896,Q2,dataset_final,
638,against the clock,contra o tempo.,1,gpt,prompt2,0.8614,0.9994697570800781,0.786771833896637,0.7978952527046204,Q2,parascore,0.9076
659,don't cry over spilled milk,Não chore pelo leite derramado.,1,gemini,prompt2,0.985,1.0,0.9299250245094299,1.0250999927520752,Q1,parascore,0.9577
659,don't cry over spilled milk,Não adianta chorar o leite derramado.,1,gemma3,prompt4,0.8656,0.985318660736084,0.9163650870323181,0.6950464844703674,Q1,parascore,0.952
467,a tower of strength,uma torre de força.,1,gemmaX,sem_prompt,0.9844,1.0,0.9861269593238832,0.9671326875686646,Q2,dataset_final,
467,a tower of strength,pilar de força.,1,gpt,prompt4,0.8327,0.9912000298500061,0.7779439687728882,0.7289828062057495,Q2,parascore,0.9696
467,a tower of strength,Uma torre de sustentação.,1,gemini,prompt4,0.8423,0.9941470623016357,0.6715609431266785,0.861186683177948,Q2,parascore,0.9159
251,as free as a bird,Livre como um pássaro.,1,gemmaX,sem_prompt,0.9843,0.9859673380851746,0.9364293217658995,1.0304256677627563,Q2,dataset_final,
186,bury your head in the sand,enterre sua cabeça na areia.,1,gemmaX,sem_prompt,0.9841,1.0,0.9731262922286988,0.979109227657318,Q2,dataset_final,
186,bury your head in the sand,Enterrar a cabeça na areia.,1,gemini,prompt2,0.9408,0.9793250560760498,0.9160762429237366,0.926943302154541,Q2,parascore,0.9216
186,bury your head in the sand,Enfiar a cabeça na areia.,1,gemini,prompt4,0.8811,0.9839983582496643,0.9145469069480896,0.7446789741516113,Q2,parascore,0.905
615,black mark,marca negra.,1,gpt,prompt2,0.9838,1.0,0.9923593401908876,0.958969235420227,Q2,dataset_final,
443,all in a day's work,Tudo em um dia de trabalho.,1,gemini,prompt2,0.9835,0.979732632637024,0.9550060033798218,1.0158008337020874,Q2,dataset_final,
443,all in a day's work,tudo num dia de trabalho.,1,gemmaX,sem_prompt,0.9813,0.9949570894241333,0.9763649106025696,0.9726922512054443,Q2,parascore,0.9321
443,all in a day's work,Faz parte do trabalho.,1,gemma3,prompt2,0.9402,1.0,0.7244656682014465,1.0962464809417725,Q2,parascore,0.9028
272,crack the code,quebrar o código.,1,gemmaX,sem_prompt,0.9832,0.991200029850006,0.9262483716011048,1.0322552919387815,Q2,dataset_final,
272,crack the code,decifrar o código.,1,gpt,prompt2,0.9644,0.9912000298500061,0.9018052220344543,1.0002849102020264,Q2,parascore,0.9425
277,a mountain to climb,Uma montanha para escalar.,1,gemini,prompt2,0.9832,1.0,0.9700852036476136,0.9796159267425536,Q2,dataset_final,
277,a mountain to climb,uma montanha a escalar.,1,gpt,prompt2,0.9561,1.0,0.984765350818634,0.8834425806999207,Q2,parascore,0.9407
696,like a fish to water,Como um peixe na água.,1,gemma3,prompt2,0.983,0.9914244413375854,0.8800850510597229,1.0774067640304563,Q2,dataset_final,
696,like a fish to water,como peixe na água.,1,gpt,prompt2,0.958,0.9957095384597778,0.89088374376297,0.9874249696731567,Q2,parascore,0.9706
696,like a fish to water,como um peixe à água.,1,gemmaX,sem_prompt,0.8451,0.9725569486618042,0.9700301885604858,0.5926454067230225,Q2,parascore,0.9293
236,ball of fire,bola de fogo.,1,gemmaX,sem_prompt,0.9829,0.9963271617889404,0.9831183552742004,0.9692761898040771,Q2,dataset_final,
698,adding fuel to the fire,Acrescentando combustível ao fogo.,1,gemmaX,sem_prompt,0.9829,1.0,0.9419369101524352,1.0068496465682983,Q2,dataset_final,
702,in the same boat,no mesmo barco.,1,gemmaX,sem_prompt,0.982,1.0,0.9854409098625184,0.9606395959854126,Q2,dataset_final,
702,in the same boat,na mesma situação.,1,gpt,prompt2,0.887,0.9726221561431885,0.767095148563385,0.9211353063583374,Q2,parascore,0.9136
182,clean bill of health,Saúde perfeita.,1,gemma3,prompt2,0.9813,0.9701398611068726,0.8263092041015625,1.147528886795044,Q2,dataset_final,
115,ball is in your court,A bola está no seu campo.,1,gemini,prompt2,0.9811,0.9995623826980592,0.9586830735206604,0.9851107597351074,Q2,dataset_final,
115,ball is in your court,A bola está em seu tribunal.,1,gpt,prompt2,0.9245,0.9970401525497437,0.9576517939567566,0.81883704662323,Q2,parascore,0.9848
115,ball is in your court,A bola está com você.,1,gpt,prompt4,0.9247,0.9940018653869629,0.9587573409080505,0.8213158845901489,Q2,parascore,0.9664
115,ball is in your court,A bola está em seu campo.,1,gemini,prompt4,0.915,0.9975337982177734,0.9581864476203918,0.7893238067626953,Q2,parascore,0.9566
439,flying high,Voando alto.,1,gemini,prompt2,0.9811,1.0,0.9677116870880128,0.9755638837814332,Q2,dataset_final,
219,break the mold,quebrar o molde.,1,gemmaX,sem_prompt,0.9808,1.0,0.9664570093154908,0.9758538007736206,Q2,dataset_final,
219,break the mold,Quebrar o padrão.,1,gemma3,prompt4,0.789,0.9626785516738892,0.6994084715843201,0.7047977447509766,Q2,parascore,0.9181
440,bring home the bacon,trazer o pão para casa.,1,gpt,prompt2,0.9808,1.0,0.9823120832443236,0.9601123929023744,Q2,dataset_final,
440,bring home the bacon,trazer para casa o bacon.,1,gemmaX,sem_prompt,0.9421,1.0,0.9490209817886353,0.8771490454673767,Q2,parascore,0.952
440,bring home the bacon,Ganhar o pão de cada dia.,1,gemma3,prompt2,0.7413,0.9323458671569824,0.4491044580936432,0.8425689935684204,Q2,parascore,0.9004
274,climbing the corporate ladder,subindo a escada corporativa.,1,gemmaX,sem_prompt,0.9803,1.0,0.9780483841896056,0.9628823399543762,Q2,dataset_final,
508,let sleeping dogs lie,Deixe os cães dormirem.,1,gemmaX,sem_prompt,0.98,1.0,0.8551791310310364,1.0848571062088013,Q2,dataset_final,
508,let sleeping dogs lie,Deixe os cães deitados.,1,gpt,prompt4,0.83,0.9980175495147705,0.9118531346321106,0.5801703929901123,Q2,parascore,0.9056
508,let sleeping dogs lie,Deixe os cães dormindo deitados.,1,gpt,prompt2,0.8464,0.9703613519668579,0.7723457217216492,0.79658442735672,Q2,parascore,0.9008
324,a new lease on life,uma nova chance na vida.,1,gpt,prompt2,0.9798,1.0,0.8359689116477966,1.1035442352294922,Q2,dataset_final,
324,a new lease on life,Um novo sopro de vida.,1,gemini,prompt4,0.9242,0.9977806806564331,0.9427962899208069,0.8321192264556885,Q2,parascore,0.9184
324,a new lease on life,Uma nova chance.,1,gemini,prompt2,0.9452,0.9822278022766113,0.7459815144538879,1.1075228452682495,Q2,parascore,0.9143
324,a new lease on life,um novo alicerce para a vida.,1,gpt,prompt4,0.8374,0.9986552000045776,0.6916339993476868,0.8217949867248535,Q2,parascore,0.9099
324,a new lease on life,um novo ânimo para a vida.,1,gemmaX,sem_prompt,0.8712,0.9873155951499939,0.6792227625846863,0.9470827579498291,Q2,parascore,0.9073
107,as old as the hills,Tão velho quanto as colinas.,1,gemini,prompt2,0.9797,0.99811851978302,0.976428747177124,0.9645426273345948,Q2,dataset_final,
107,as old as the hills,Antigo como as colinas.,1,gemma3,prompt2,0.9164,0.9980424642562866,0.9619205594062805,0.7892246246337891,Q2,parascore,0.9142
89,add fuel to the fire,acrescentar lenha na fogueira.,1,gpt,prompt2,0.9776,1.0,0.9807090759277344,0.9519938230514526,Q2,dataset_final,
89,add fuel to the fire,Botar mais lenha na fogueira.,1,gemini,prompt4,0.9012,0.96706223487854,0.9185568690299988,0.8178479075431824,Q2,parascore,0.9304
89,add fuel to the fire,Botar lenha na fogueira.,1,gemini,prompt2,0.9497,0.9670246839523315,0.9254373908042908,0.9566190242767334,Q2,parascore,0.9234
89,add fuel to the fire,Atirar lenha na fogueira.,1,gemma3,prompt4,0.8603,0.9964437484741211,0.9406129121780396,0.643796443939209,Q2,parascore,0.9189
366,busy as a bee,ocupado como uma abelha.,1,gpt,prompt2,0.9769,0.9902257919311525,0.9714615941047668,0.9690788984298706,Q2,dataset_final,
366,busy as a bee,Ocupado que nem uma abelha.,1,gemma3,prompt2,0.8247,0.9654995203018188,0.8854008913040161,0.6231915354728699,Q2,parascore,0.9009
178,as easy as shooting fish in a barrel,Tão fácil quanto atirar em peixes num barril.,1,gemini,prompt2,0.9766,0.975937008857727,0.9345024824142456,1.0194443464279177,Q2,dataset_final,
178,as easy as shooting fish in a barrel,Tão fácil como atirar em peixes num barril.,1,gemmaX,sem_prompt,0.9729,0.995893120765686,0.9496726989746094,0.9731383323669434,Q2,parascore,0.9603
178,as easy as shooting fish in a barrel,Tão fácil quanto tirar doce de criança.,1,gemini,prompt4,0.7072,0.7435784339904785,0.6220830082893372,0.7560693025588989,Q2,parascore,0.949
178,as easy as shooting fish in a barrel,Fácil como roubar doces de um bebê.,1,gemma3,prompt2,0.8535,0.9098039865493774,0.6605927348136902,0.9899575710296631,Q2,parascore,0.9041
406,as good as gold,tão bom quanto o ouro.,1,gemmaX,sem_prompt,0.976,0.9845807552337646,0.9889034628868104,0.954563319683075,Q2,dataset_final,
406,as good as gold,tão bom quanto ouro.,1,gpt,prompt2,0.9173,0.9938852787017822,0.9897667765617371,0.7682995200157166,Q2,parascore,0.9459
303,hard nut to crack,um problema difícil de resolver.,1,gemmaX,sem_prompt,0.9757,0.9989962577819824,0.8141130805015564,1.1138821840286257,Q2,dataset_final,
2,let the cat out of the bag,Deixar o gato sair do saco.,1,gpt,prompt2,0.9755,1.0,0.9451289176940918,0.9814143776893616,Q2,dataset_final,
2,let the cat out of the bag,Deixe o gato sair da sacola.,1,gemmaX,sem_prompt,0.9669,1.0,0.9655309319496155,0.9351146221160889,Q2,parascore,0.9156
2,let the cat out of the bag,Revelar o segredo.,1,gemini,prompt2,0.7302,0.8064461350440979,0.5527894496917725,0.8313800096511841,Q2,parascore,0.9097
709,crying over spilled milk,Chorando por causa do leite derramado.,1,gemmaX,sem_prompt,0.9754,0.9972620010375975,0.9556913375854492,0.9733110666275024,Q2,dataset_final,
709,crying over spilled milk,Chorar por leite derramado.,1,gemma3,prompt2,0.8871,0.9735766649246216,0.829461395740509,0.858353853225708,Q2,parascore,0.9416
709,crying over spilled milk,Chorando sobre leite derramado.,1,gpt,prompt4,0.8903,0.9790141582489014,0.9396575093269348,0.752254068851471,Q2,parascore,0.9346
709,crying over spilled milk,Chorar sobre o leite derramado.,1,gemini,prompt2,0.4408,0.7260621786117554,0.7810474038124084,-0.18474537134170532,Q2,parascore,0.9277
29,black as night,preto como a noite.,1,gemmaX,sem_prompt,0.9753,1.0,0.974802315235138,0.9510487914085388,Q2,dataset_final,
29,black as night,negra como a noite.,1,gpt,prompt2,0.9362,0.9946814775466919,0.9940466284751892,0.8197400569915771,Q2,parascore,0.9597
29,black as night,escuro como a noite.,1,gpt,prompt4,0.8887,0.9818158745765686,0.9597980380058289,0.7243509888648987,Q2,parascore,0.9562
29,black as night,Negro como a noite.,1,gemini,prompt2,0.9615,1.0,0.9823983311653137,0.9020784497261047,Q2,parascore,0.9561
395,pull the plug,Desligar o aparelho.,1,gemma3,prompt2,0.9751,1.0,0.7837636470794678,1.141538143157959,Q2,dataset_final,
395,pull the plug,Desligar tudo.,1,gemini,prompt2,0.9619,1.0,0.781741201877594,1.103878140449524,Q2,parascore,0.9516
395,pull the plug,Desligar os aparelhos.,1,gemini,prompt4,0.7301,0.9131036400794983,0.7416829466819763,0.5353727340698242,Q2,parascore,0.9415
395,pull the plug,desconectar a tomada.,1,gpt,prompt2,0.9428,0.9897220134735107,0.8561115860939026,0.9826650023460388,Q2,parascore,0.9321
61,all eyes on you,todos os olhares estão em você.,1,gpt,prompt2,0.9739,1.0,0.932521402835846,0.9891343116760254,Q2,dataset_final,
61,all eyes on you,todos os olhos em você.,1,gemmaX,sem_prompt,0.9564,1.0,0.9848058819770813,0.8845367431640625,Q2,parascore,0.9661
61,all eyes on you,Todos os olhares estão voltados para você.,1,gpt,prompt4,0.9182,0.9967845678329468,0.9391290545463562,0.818572998046875,Q2,parascore,0.9252
61,all eyes on you,Todos os holofotes em você.,1,gemma3,prompt4,0.8684,0.9887521266937256,0.940414309501648,0.6759867668151855,Q2,parascore,0.9224
639,eye of the storm,Olho do furacão.,1,gemini,prompt2,0.9739,1.0,0.9425883889198304,0.979074478149414,Q2,dataset_final,
289,cast the first stone,lançar a primeira pedra.,1,gemmaX,sem_prompt,0.9729,0.991200029850006,0.9353880286216736,0.9921422004699708,Q2,dataset_final,
289,cast the first stone,atirar a primeira pedra.,1,gpt,prompt4,0.8939,0.989374041557312,0.9779373407363892,0.7143527269363403,Q2,parascore,0.9257
640,don't count your chickens before they hatch,Não conte os seus pintinhos antes de eles nascerem.,1,gpt,prompt2,0.9725,1.0,0.9326743483543396,0.9847970008850098,Q2,dataset_final,
640,don't count your chickens before they hatch,Não conte com o ovo antes da galinha sair.,1,gemma3,prompt2,0.8767,0.9968397617340088,0.9363666772842407,0.6967805624008179,Q2,parascore,0.9326
640,don't count your chickens before they hatch,Não conte seus frangos antes que eles nasçam.,1,gemmaX,sem_prompt,0.9145,0.9912000298500061,0.9219667315483093,0.8302251696586609,Q2,parascore,0.9305
640,don't count your chickens before they hatch,Não conte com os ovos no traseiro da galinha.,1,gemini,prompt4,0.7897,0.9752463102340698,0.9308678507804871,0.4630241096019745,Q2,parascore,0.9234
640,don't count your chickens before they hatch,Não conte com o ovo antes da galinha botar.,1,gemma3,prompt4,0.869,0.9819650650024414,0.9372960925102234,0.6876943111419678,Q2,parascore,0.9233
640,don't count your chickens before they hatch,Não conte com o ovo no cu da galinha.,1,gpt,prompt4,0.7369,0.9798766374588013,0.9322783350944519,0.2985483407974243,Q2,parascore,0.9106
101,chasing shadows,perseguindo sombras.,1,gemmaX,sem_prompt,0.9714,0.991200029850006,0.9871227145195008,0.935800313949585,Q2,dataset_final,
418,blue collar,colarinho azul.,1,gpt,prompt2,0.9714,1.0,0.9838992953300476,0.930364191532135,Q2,dataset_final,
296,breaking the mold,quebrando o molde.,1,gemmaX,sem_prompt,0.9703,1.0,0.988343358039856,0.9226897954940796,Q2,dataset_final,
296,breaking the mold,quebrando o padrão.,1,gpt,prompt2,0.9655,1.0,0.9260058999061584,0.9705744981765747,Q2,parascore,0.9869
127,bigger than life,maior que a vida.,1,gpt,prompt2,0.9695,1.0,0.989450991153717,0.9189515709877014,Q2,dataset_final,
127,bigger than life,maior do que a vida.,1,gpt,prompt4,0.9067,0.9949467182159424,0.9409059882164001,0.7843772172927856,Q2,parascore,0.9529
362,live to fight another day,Viva para lutar outro dia.,1,gemmaX,sem_prompt,0.9694,0.9961713552474976,0.9683157801628112,0.943731129169464,Q2,dataset_final,
362,live to fight another day,viver para lutar outro dia.,1,gpt,prompt2,0.9283,0.9854444861412048,0.9276532530784607,0.8717577457427979,Q2,parascore,0.9388
362,live to fight another day,viver para lutar mais um dia.,1,gpt,prompt4,0.92,0.988899827003479,0.9815700650215149,0.7896772623062134,Q2,parascore,0.9266
520,dance with the devil,Dançar com o diabo.,1,gemma3,prompt2,0.9692,0.981807291507721,0.8671702146530151,1.058686375617981,Q2,dataset_final,
520,dance with the devil,dance com o diabo.,1,gpt,prompt2,0.9525,0.9912000298500061,0.9677218198776245,0.8984554409980774,Q2,parascore,0.9486
520,dance with the devil,dança com o diabo.,1,gemmaX,sem_prompt,0.8599,0.9891173243522644,0.9664297103881836,0.6240606904029846,Q2,parascore,0.9342
477,keep your chin up,Mantenha a cabeça erguida.,1,gemma3,prompt2,0.9686,0.991200029850006,0.8921305537223816,1.0225260257720947,Q2,dataset_final,
477,keep your chin up,Levante a cabeça.,1,gpt,prompt4,0.8382,0.9697253704071045,0.7826732993125916,0.7620811462402344,Q2,parascore,0.9352
326,a rolling stone gathers no moss,Uma pedra rolante não acumula musgo.,1,gemmaX,sem_prompt,0.9682,0.9882267713546752,0.9457101225852966,0.9707202911376952,Q2,dataset_final,
326,a rolling stone gathers no moss,Uma pedra que rola não cria musgo.,1,gpt,prompt2,0.9466,0.9870532751083374,0.928908109664917,0.9237730503082275,Q2,parascore,0.9455
326,a rolling stone gathers no moss,Pedra em movimento não junta musgo.,1,gemma3,prompt2,0.9092,0.9819209575653076,0.9240912795066833,0.82170170545578,Q2,parascore,0.9214
326,a rolling stone gathers no moss,Pedra que rola não cria limo.,1,gpt,prompt4,0.841,0.972743034362793,0.9323165416717529,0.6180033087730408,Q2,parascore,0.9072
413,falling apart at the seams,caindo aos pedaços nas costuras.,1,gemmaX,sem_prompt,0.9681,0.993647575378418,0.9811182618141174,0.9295697212219238,Q2,dataset_final,
168,butter wouldn’t melt in their mouth,a manteiga não derreteria na boca deles.,1,gemmaX,sem_prompt,0.9675,0.9940474033355712,0.9168027639389038,0.9916056990623474,Q2,dataset_final,
631,"like father, like son","Assim como pai, assim como filho.",1,gpt,prompt2,0.967,0.991200029850006,0.9430350065231324,0.9667649865150452,Q2,dataset_final,
631,"like father, like son","Tal pai, tal filho.",1,gpt,prompt4,0.9058,0.991039514541626,0.93575519323349,0.7906891703605652,Q2,parascore,0.9519
631,"like father, like son",Filho de pai é filho.,1,gemma3,prompt2,0.7882,0.8123555183410645,0.5177217125892639,1.034393548965454,Q2,parascore,0.923
631,"like father, like son","Como o pai, como o filho.",1,gemmaX,sem_prompt,0.953,1.0,0.8986070156097412,0.9603785872459412,Q2,parascore,0.9217
287,different strokes for different folks,diferentes estilos para diferentes pessoas.,1,gemmaX,sem_prompt,0.9659,1.0,0.8559486269950867,1.041800856590271,Q2,dataset_final,
287,different strokes for different folks,Cores diferentes para pessoas diferentes.,1,gpt,prompt2,0.96,1.0,0.8036430478096008,1.0763071775436401,Q2,parascore,0.9439
417,back against the wall,costas contra a parede.,1,gpt,prompt2,0.9656,0.9909816980361938,0.912676990032196,0.9931182265281676,Q2,dataset_final,
417,back against the wall,com as costas contra a parede.,1,gpt,prompt4,0.8888,0.9917452335357666,0.9767276644706726,0.6978141665458679,Q2,parascore,0.9387
417,back against the wall,de costas contra a parede.,1,gemmaX,sem_prompt,0.7065,0.9783446788787842,0.9799060225486755,0.16123268008232117,Q2,parascore,0.929
580,bare your soul,revele sua alma.,1,gpt,prompt2,0.965,0.9900572299957277,0.8672249913215637,1.037655234336853,Q2,dataset_final,
157,caught in a web,Preso em uma teia.,1,gemini,prompt2,0.9644,0.9808690547943116,0.8709701299667358,1.041487455368042,Q2,dataset_final,
157,caught in a web,pegos em uma teia.,1,gpt,prompt2,0.9495,0.9942712783813477,0.9670999646186829,0.8871362209320068,Q2,parascore,0.9331
157,caught in a web,Enredado em uma teia.,1,gemma3,prompt2,0.8541,0.9580119848251343,0.8442097306251526,0.7599793672561646,Q2,parascore,0.9285
149,bottom of the barrel,fundo do barril.,1,gemmaX,sem_prompt,0.9643,1.0,0.9641140103340148,0.9286601543426514,Q2,dataset_final,
149,bottom of the barrel,fundo do poço.,1,gpt,prompt2,0.9336,0.9627084136009216,0.8040341734886169,1.0340824127197266,Q2,parascore,0.9063
697,change your tune,mude sua melodia.,1,gemmaX,sem_prompt,0.9635,1.0,0.990568995475769,0.9000017046928406,Q2,dataset_final,
697,change your tune,mude seu tom.,1,gpt,prompt2,0.9203,0.9912000298500061,0.8081045746803284,0.9616926908493042,Q2,parascore,0.9442
211,close to home,Perto de casa.,1,gemma3,prompt2,0.9627,0.991200029850006,0.8409246802330017,1.0560541152954102,Q2,dataset_final,
211,close to home,Perto do coração.,1,gemma3,prompt4,0.5842,0.5876855850219727,0.4671301245689392,0.6978009939193726,Q2,parascore,0.9542
327,better half,melhor metade.,1,gemmaX,sem_prompt,0.9627,0.991200029850006,0.9330188632011414,0.9639792442321776,Q2,dataset_final,
623,go the extra mile,Fazer um esforço extra.,1,gemma3,prompt2,0.9615,1.0,0.9610846042633056,0.9232943654060364,Q2,dataset_final,
257,a taste of your own medicine,um gosto da sua própria medicina.,1,gpt,prompt2,0.9611,1.0,0.9743948578834534,0.9088849425315856,Q2,dataset_final,
658,blood runs cold,o sangue corre frio.,1,gemmaX,sem_prompt,0.96,0.955989956855774,0.973750114440918,0.950354278087616,Q2,dataset_final,
432,come rain or shine,Mesmo que chova ou faça sol.,1,gemma3,prompt2,0.9598,0.991200029850006,0.8664388060569763,1.0217348337173462,Q2,dataset_final,
432,come rain or shine,Faça sol ou faça chuva.,1,gpt,prompt4,0.893,0.9912000298500061,0.9560505747795105,0.7318577170372009,Q2,parascore,0.9396
432,come rain or shine,Chova ou faça sol.,1,gemini,prompt4,0.5123,0.771336019039154,0.5447031259536743,0.22084039449691772,Q2,parascore,0.9325
611,finding a needle in a haystack,Encontrar uma agulha num palheiro.,1,gemmaX,sem_prompt,0.9588,0.9934009313583374,0.9254155158996582,0.9576141238212584,Q2,dataset_final,
611,finding a needle in a haystack,Procurar uma agulha no palheiro.,1,gemini,prompt2,0.9035,0.9688540697097778,0.8434990644454956,0.8982073068618774,Q2,parascore,0.9531
611,finding a needle in a haystack,achar uma agulha no palheiro.,1,gpt,prompt4,0.8613,0.9532639384269714,0.8839555382728577,0.7466434836387634,Q2,parascore,0.9477
611,finding a needle in a haystack,Procurar agulha em palheiro.,1,gemma3,prompt4,0.8562,0.9548255205154419,0.8209201097488403,0.7928670048713684,Q2,parascore,0.9418
611,finding a needle in a haystack,Procurar agulha no palheiro.,1,gemini,prompt4,0.8347,0.9428686499595642,0.7940571308135986,0.7673014402389526,Q2,parascore,0.938
611,finding a needle in a haystack,Encontrar uma agulha no palheiro.,1,gpt,prompt2,0.9013,0.9902222156524658,0.8758639693260193,0.8377421498298645,Q2,parascore,0.925
122,burnt out,queimado.,1,gemmaX,sem_prompt,0.9579,0.9725841283798218,0.9015299677848816,0.9995002746582032,Q2,dataset_final,
185,cat's out of the bag,O gato está fora do saco.,1,gemmaX,sem_prompt,0.9573,0.9998224973678588,0.8888444304466248,0.9832314252853394,Q2,dataset_final,
185,cat's out of the bag,O gato saiu do saco.,1,gpt,prompt2,0.9116,0.9711562395095825,0.85801762342453,0.9055002927780151,Q2,parascore,0.9125
90,in hot water,em água quente.,1,gemmaX,sem_prompt,0.957,0.991200029850006,0.9921179413795472,0.8878034353256226,Q2,dataset_final,
389,like riding a bike,Como andar de bicicleta.,1,gemma3,prompt2,0.9564,1.0,0.7818729281425476,1.0873517990112305,Q2,dataset_final,
389,like riding a bike,é como andar de bicicleta.,1,gpt,prompt4,0.9272,1.0,0.9236907362937927,0.8580180406570435,Q2,parascore,0.922
312,rain on your parade,chuva no seu desfile.,1,gemmaX,sem_prompt,0.9562,1.0,0.9786547422409058,0.8898794054985046,Q2,dataset_final,
235,finger on the pulse,de dedo no pulso.,1,gemmaX,sem_prompt,0.9556,0.966560959815979,0.9744736552238464,0.9256807565689088,Q2,dataset_final,
75,climbing up the ladder,subindo a escada.,1,gpt,prompt2,0.9553,1.0,0.8607469201087952,1.0052765607833862,Q2,dataset_final,
75,climbing up the ladder,subindo na vida.,1,gpt,prompt4,0.7764,0.9714101552963257,0.7953909039497375,0.5623666644096375,Q2,parascore,0.9036
628,climbing the walls,Subindo pelas paredes.,1,gemini,prompt2,0.9553,0.991200029850006,0.8819481134414673,0.992779016494751,Q2,dataset_final,
628,climbing the walls,Estar subindo pelas paredes.,1,gemini,prompt4,0.8019,0.9249157905578613,0.8736211657524109,0.6070480346679688,Q2,parascore,0.9185
188,bridge the gap,fechar a lacuna.,1,gpt,prompt2,0.9546,0.9911131858825684,0.8931778073310852,0.9794402718544006,Q2,dataset_final,
188,bridge the gap,cobrir a lacuna.,1,gpt,prompt4,0.9197,1.0,0.9646340012550354,0.7946001291275024,Q2,parascore,0.9298
188,bridge the gap,colmar a lacuna.,1,gemmaX,sem_prompt,0.7049,0.9955030679702759,0.9683001637458801,0.1509237289428711,Q2,parascore,0.9141
293,crash course,Curso intensivo.,1,gemini,prompt2,0.9546,0.9888595938682556,0.8072587847709656,1.0677049160003662,Q2,dataset_final,
313,as stubborn as a mule,tão teimoso quanto uma mula.,1,gemmaX,sem_prompt,0.9536,0.9897111654281616,0.9741699695587158,0.8967866897583008,Q2,dataset_final,
313,as stubborn as a mule,teimoso como uma mula.,1,gpt,prompt2,0.9487,1.0,0.9327080845832825,0.9133936166763306,Q2,parascore,0.9616
463,as busy as a bee,Tão ocupado como uma abelha.,1,gemini,prompt2,0.9521,0.9380872249603271,0.9292823672294616,0.988910973072052,Q2,dataset_final,
463,as busy as a bee,ativo como uma abelha.,1,gpt,prompt4,0.8565,0.9505754113197327,0.8356348872184753,0.7832224369049072,Q2,parascore,0.9619
463,as busy as a bee,Atarefado como uma abelha.,1,gemini,prompt4,0.802,0.9386608600616455,0.7904139161109924,0.6769990921020508,Q2,parascore,0.952
463,as busy as a bee,tanquilo como uma abelha.,1,gpt,prompt2,0.883,0.9211506843566895,0.8411498665809631,0.8866545557975769,Q2,parascore,0.938
214,get cold feet,ter os pés frios.,1,gemmaX,sem_prompt,0.9518,0.9896279573440552,0.8392252326011658,1.026581883430481,Q2,dataset_final,
465,come out of your shell,Saia da sua concha.,1,gemini,prompt2,0.9518,0.9632747173309326,0.951841413974762,0.9404085874557496,Q2,dataset_final,
465,come out of your shell,sair da sua concha.,1,gpt,prompt2,0.9038,0.9987233877182007,0.9786733388900757,0.7339444160461426,Q2,parascore,0.9187
465,come out of your shell,Sair da toca.,1,gemma3,prompt4,0.6161,0.8644384145736694,0.6842181086540222,0.2995026111602783,Q2,parascore,0.9038
690,"easy come, easy go","Fácil vem, fácil vai.",1,gemini,prompt2,0.9517,0.9770402908325196,0.9612589478492736,0.9167485237121582,Q2,dataset_final,
690,"easy come, easy go","Vem fácil, vai fácil.",1,gpt,prompt2,0.753,0.9196124076843262,0.8935710191726685,0.44590872526168823,Q2,parascore,0.9456
690,"easy come, easy go","Facilmente vem, facilmente vai.",1,gpt,prompt4,0.8022,0.9445346593856812,0.8193708062171936,0.6425599455833435,Q2,parascore,0.9309
609,a clean slate,um novo começo.,1,gemmaX,sem_prompt,0.9515,1.0,0.7774666547775269,1.07716965675354,Q2,dataset_final,
532,carry the torch,carregar a tocha.,1,gpt,prompt2,0.9514,1.0,0.971929132938385,0.882222056388855,Q2,dataset_final,
605,armed to the teeth,Armado até os dentes.,1,gemini,prompt2,0.9512,0.9539881944656372,0.9685569405555724,0.9311898946762084,Q2,dataset_final,
605,armed to the teeth,Munido até os dentes.,1,gemma3,prompt4,0.8448,0.9311310052871704,0.8733860850334167,0.7297744750976562,Q2,parascore,0.9154
605,armed to the teeth,armado até aos dentes.,1,gemmaX,sem_prompt,0.9316,0.9881304502487183,0.9790360927581787,0.8275696039199829,Q2,parascore,0.9067
205,hand in glove,mão no luva.,1,gemmaX,sem_prompt,0.9511,0.9989198446273804,0.9736819863319396,0.8805679082870483,Q2,dataset_final,
462,cat got your tongue,O gato comeu sua língua?,1,gemma3,prompt2,0.951,0.9942845106124878,0.791006863117218,1.067672848701477,Q2,dataset_final,
462,cat got your tongue,Caiu a sua língua?,1,gpt,prompt2,0.6092,0.8338973522186279,0.6195692420005798,0.3741934597492218,Q2,parascore,0.9473
462,cat got your tongue,O gato comeu-lhe a língua.,1,gemmaX,sem_prompt,0.9063,0.9790294170379639,0.8197757601737976,0.9202380776405334,Q2,parascore,0.9243
462,cat got your tongue,O gato comeu sua língua.,1,gemini,prompt4,0.701,0.945040225982666,0.8657339215278625,0.29226917028427124,Q2,parascore,0.9179
462,cat got your tongue,Perdeu as palavras?,1,gemma3,prompt4,0.5644,0.6625332236289978,0.4570479989051819,0.5737036466598511,Q2,parascore,0.9115
86,cat on a hot tin roof,gato em um telhado quente de lata.,1,gpt,prompt2,0.9498,0.987639307975769,0.9775034189224244,0.8841928243637085,Q2,dataset_final,
86,cat on a hot tin roof,gato em um telhado de lata quente.,1,gemmaX,sem_prompt,0.9358,0.9810899496078491,0.9788593649864197,0.8474180698394775,Q2,parascore,0.998
86,cat on a hot tin roof,Gato sobre um telhado de lata quente.,1,gemma3,prompt2,0.9351,0.9765740633010864,0.9431231021881104,0.8855204582214355,Q2,parascore,0.945
86,cat on a hot tin roof,Gato em telhado quente.,1,gpt,prompt4,0.9024,0.9901642799377441,0.9422715902328491,0.774846076965332,Q2,parascore,0.9313
86,cat on a hot tin roof,Gata em Telhado de Zinco Quente.,1,gemini,prompt2,0.8652,0.9522876739501953,0.8427627682685852,0.8006088733673096,Q2,parascore,0.9185
86,cat on a hot tin roof,Gato sobre telhado de zinco quente.,1,gemma3,prompt4,0.7265,0.8921095132827759,0.8084192872047424,0.4789232015609741,Q2,parascore,0.9124
318,keep your eyes peeled,Fique de olhos bem abertos.,1,gemini,prompt2,0.9497,1.0,0.9585097432136536,0.8905751705169678,Q2,dataset_final,
318,keep your eyes peeled,Ficar de olhos bem abertos.,1,gemini,prompt4,0.8871,0.9962372779846191,0.9490886330604553,0.7158677577972412,Q2,parascore,0.9366
318,keep your eyes peeled,Fique de olho.,1,gemma3,prompt2,0.9442,0.9863277673721313,0.8450462818145752,1.0012601613998413,Q2,parascore,0.9159
318,keep your eyes peeled,Fique atento.,1,gpt,prompt2,0.8893,0.9935020208358765,0.7421662211418152,0.9322149157524109,Q2,parascore,0.906
130,as hungry as a wolf,tão faminto quanto um lobo.,1,gpt,prompt2,0.9491,0.9823263883590698,0.9807646870613098,0.8843245506286621,Q2,dataset_final,
130,as hungry as a wolf,faminto como um lobo.,1,gpt,prompt4,0.7938,0.9590063095092773,0.918520450592041,0.5038307905197144,Q2,parascore,0.9743
130,as hungry as a wolf,com fome como um lobo.,1,gemmaX,sem_prompt,0.8854,0.9811191558837891,0.935110867023468,0.7398796081542969,Q2,parascore,0.9227
207,get out of hand,ficar fora de controle.,1,gemmaX,sem_prompt,0.949,0.991200029850006,0.92551189661026,0.9301660060882568,Q2,dataset_final,
207,get out of hand,sair do controle.,1,gpt,prompt2,0.826,0.9521487951278687,0.8824121356010437,0.6433607339859009,Q2,parascore,0.9172
563,bitten by the bug,mordido pelo bicho.,1,gpt,prompt2,0.9486,0.9810216426849364,0.9811751246452332,0.8834844827651978,Q2,dataset_final,
563,bitten by the bug,mordeu pelo bicho.,1,gemmaX,sem_prompt,0.8012,0.9797283411026001,0.9809237718582153,0.4429497718811035,Q2,parascore,0.9124
560,adding insult to injury,Acrescentando insulto à injúria.,1,gemmaX,sem_prompt,0.9474,1.0,0.919258713722229,0.9228915572166444,Q2,dataset_final,
560,adding insult to injury,acrescentar insulto à lesão.,1,gpt,prompt2,0.9153,0.9842180609703064,0.9315068125724792,0.8301416635513306,Q2,parascore,0.9121
504,left out in the cold,deixado de fora no frio.,1,gpt,prompt2,0.9466,1.0,0.9867302775382996,0.8531724214553833,Q2,dataset_final,
213,between the devil and the deep blue sea,Entre o diabo e o mar azul profundo.,1,gemmaX,sem_prompt,0.9463,0.9839458465576172,0.8893494009971619,0.9656164646148682,Q2,dataset_final,
213,between the devil and the deep blue sea,Entre a cruz e a espada.,1,gemini,prompt2,0.3884,0.5534979104995728,0.44235074520111084,0.1694430112838745,Q2,parascore,0.9141
213,between the devil and the deep blue sea,entre a espada e a parede.,1,gpt,prompt2,0.5489,0.7017597556114197,0.4250167906284332,0.5199844837188721,Q2,parascore,0.9122
557,as light as a feather,Leve como uma pluma.,1,gemini,prompt2,0.9463,0.9720377326011658,0.8612571954727173,1.0056910514831543,Q2,dataset_final,
155,face the music,enfrentar a realidade.,1,gpt,prompt2,0.9457,0.9808765649795532,0.8109670877456665,1.0452557802200315,Q2,dataset_final,
105,blind as a bat,Cego de nascença.,1,gemma3,prompt2,0.9455,0.9947891235351562,0.6691410541534424,1.1724703311920166,Q2,dataset_final,
105,blind as a bat,Cego como um morcego.,1,gemini,prompt2,0.8378,0.9713151454925537,0.9077162742614746,0.6343117356300354,Q2,parascore,0.9026
24,color outside the lines,cor fora das linhas.,1,gemmaX,sem_prompt,0.9448,0.9972819089889526,0.9779171347618104,0.8593342304229736,Q2,dataset_final,
24,color outside the lines,pintar fora das linhas.,1,gpt,prompt4,0.7979,0.9057360887527466,0.7705567479133606,0.7172883749008179,Q2,parascore,0.9421
24,color outside the lines,Colorir fora das linhas.,1,gemini,prompt2,0.8869,0.9805933237075806,0.9583923816680908,0.7218564748764038,Q2,parascore,0.9182
24,color outside the lines,Pinte fora das linhas.,1,gemma3,prompt2,0.7832,0.9613844156265259,0.7292957305908203,0.6588732004165649,Q2,parascore,0.905
24,color outside the lines,c colorir fora das linhas.,1,gpt,prompt2,0.8529,0.860101580619812,0.9091176390647888,0.7894057035446167,Q2,parascore,0.9013
531,a far cry,um grito distante.,1,gemmaX,sem_prompt,0.9439,0.919709324836731,0.8107305765151978,1.1012108325958252,Q2,dataset_final,
531,a far cry,um abismo distante.,1,gpt,prompt2,0.8729,0.9418274164199829,0.6565688848495483,1.0204533338546753,Q2,parascore,0.9109
451,hard as nails,duro como unhas.,1,gemmaX,sem_prompt,0.943,0.982251763343811,0.990675926208496,0.8561093211174011,Q2,dataset_final,
451,hard as nails,duro como pregos.,1,gpt,prompt2,0.8892,0.9934616088867188,0.9871836304664612,0.6868810057640076,Q2,parascore,0.9045
419,kill two birds with one stone,matar dois pássaros com uma pedra.,1,gemmaX,sem_prompt,0.9427,0.9984891414642334,0.9693499207496644,0.8601361513137817,Q2,dataset_final,
694,born with a silver spoon,nascido com uma colher de prata.,1,gemmaX,sem_prompt,0.9424,0.9980698823928832,0.9729882478713988,0.8559954166412354,Q2,dataset_final,
694,born with a silver spoon,Nascido com uma colher de prata na boca.,1,gemma3,prompt2,0.8327,0.9379497766494751,0.7534167170524597,0.8068497180938721,Q2,parascore,0.9201
160,as good as done,quase feito.,1,gpt,prompt2,0.9408,1.0,0.7735179662704468,1.0489503145217896,Q2,dataset_final,
160,as good as done,praticamente feito.,1,gpt,prompt4,0.8548,0.9979039430618286,0.7513666749000549,0.8150464296340942,Q2,parascore,0.9849
442,bite your tongue,Morda a língua.,1,gemmaX,sem_prompt,0.9405,0.9608120918273926,0.953530728816986,0.9072723984718324,Q2,dataset_final,
442,bite your tongue,morder a língua.,1,gpt,prompt4,0.7542,0.9761906862258911,0.7803551554679871,0.506111741065979,Q2,parascore,0.9421
378,cast a shadow,lançar uma sombra.,1,gemmaX,sem_prompt,0.9403,0.9895097017288208,0.986671507358551,0.8445897102355957,Q2,dataset_final,
378,cast a shadow,projetar uma sombra.,1,gpt,prompt2,0.881,0.9866966009140015,0.9119035601615906,0.7445043325424194,Q2,parascore,0.9518
378,cast a shadow,projeta uma sombra.,1,gpt,prompt4,0.832,0.9789755940437317,0.8749037981033325,0.6421093344688416,Q2,parascore,0.9508
305,come apart at the seams,desfazer-se pelas costuras.,1,gpt,prompt2,0.9401,0.9884156584739684,0.9296799302101136,0.9023234844207764,Q2,dataset_final,
305,come apart at the seams,desfazer-se nas costuras.,1,gemmaX,sem_prompt,0.8748,0.9805982112884521,0.9748873710632324,0.6690298914909363,Q2,parascore,0.951
670,blind leading the blind,Cego guiando o cego.,1,gemmaX,sem_prompt,0.9401,0.9697701930999756,0.9415172934532166,0.909001350402832,Q2,dataset_final,
670,blind leading the blind,Cego guiando cego.,1,gpt,prompt2,0.9203,0.9658404588699341,0.9130141139030457,0.88213050365448,Q2,parascore,0.9264
670,blind leading the blind,Um cego guiando outro cego.,1,gemini,prompt2,0.7842,0.9999079704284668,0.7077670693397522,0.6450024843215942,Q2,parascore,0.9102
704,frog in your throat,sapo na sua garganta.,1,gemmaX,sem_prompt,0.94,0.9810354709625244,0.9614179134368896,0.8774528503417969,Q2,dataset_final,
704,frog in your throat,Rã na garganta.,1,gpt,prompt4,0.7674,0.9021987915039062,0.7936305999755859,0.6062252521514893,Q2,parascore,0.9131
704,frog in your throat,Um nó na garganta.,1,gemma3,prompt4,0.7518,0.8686476349830627,0.6637309193611145,0.7230349779129028,Q2,parascore,0.9115
704,frog in your throat,Um caroço na garganta.,1,gemma3,prompt2,0.8305,0.9001396894454956,0.6955083608627319,0.8959892988204956,Q2,parascore,0.9095
704,frog in your throat,"""Rã na garganta.""",1,gpt,prompt2,0.8804,0.925094485282898,0.7619618773460388,0.9541759490966797,Q2,parascore,0.9008
629,as clear as day,claro como o dia.,1,gemmaX,sem_prompt,0.9398,0.989498257637024,0.9715069532394408,0.858484148979187,Q2,dataset_final,
629,as clear as day,claro como dia.,1,gpt,prompt2,0.9378,0.9878475666046143,0.9772392511367798,0.8483970165252686,Q2,parascore,0.9263
146,as sharp as a tack,afiado como uma agulha.,1,gemmaX,sem_prompt,0.9394,0.9791871309280396,0.8540635108947754,0.9850675463676452,Q2,dataset_final,
146,as sharp as a tack,afiado como um prego.,1,gpt,prompt2,0.8718,0.9515388011932373,0.8132428526878357,0.8505943417549133,Q2,parascore,0.9586
146,as sharp as a tack,afiado como uma faca.,1,gpt,prompt4,0.8793,0.9581321477890015,0.9239460825920105,0.7557499408721924,Q2,parascore,0.9416
146,as sharp as a tack,Afinado como um prego.,1,gemini,prompt4,0.8142,0.9545022249221802,0.9333192706108093,0.5548944473266602,Q2,parascore,0.9056
146,as sharp as a tack,Afiado como uma navalha.,1,gemma3,prompt4,0.7987,0.9190136194229126,0.7924650311470032,0.6847009062767029,Q2,parascore,0.9043
416,a blessing in disguise,uma benção disfarçada.,1,gpt,prompt4,0.9268,1.0,0.9823728203773499,0.7979232668876648,Q1,parascore,0.9121
325,climbing the ladder,Escalando a escada.,1,gemini,prompt4,0.9137,0.9949641227722168,0.909955620765686,0.8362386226654053,Q2,parascore,0.9083
295,an arm and a leg,Um rim e um fígado.,1,gemini,prompt4,0.7521,0.9309802055358887,0.44130516052246094,0.8839702606201172,Q1,parascore,0.9006
