indice,ingles_original,mediana_bertscore,limite_inferior,limite_superior,num_pares_total,num_pares_discrepantes,status,status_manual
0,crack the whip,0.7,0.53,0.88,21,0,consistente,
1,blow off steam,0.75,0.56,0.93,21,0,consistente,
2,let the cat out of the bag,0.75,0.56,0.94,21,0,consistente,
3,They are riding bicycles in the neighborhood.,0.84,0.63,1.05,21,0,consistente,
4,He likes to watch movies in his free time.,0.85,0.63,1.06,21,0,consistente,
5,She enjoys painting in her free time.,0.82,0.61,1.02,21,0,consistente,
6,bite off more than you can chew,0.83,0.62,1.03,21,0,consistente,
7,my hands are tied,0.85,0.64,1.06,21,0,consistente,
8,dime a dozen,0.74,0.56,0.93,21,0,consistente,
9,They are having a picnic in the park.,0.87,0.66,1.09,21,0,consistente,
10,leave no stone unturned,0.93,0.7,1.16,21,0,consistente,
11,hold the fort,0.77,0.58,0.97,21,0,consistente,
12,He is putting the groceries away.,0.94,0.7,1.17,21,0,consistente,
13,fit as a fiddle,0.82,0.61,1.02,21,0,consistente,
14,an iron fist,0.88,0.66,1.1,21,0,consistente,
15,beggars can’t be choosers,0.77,0.58,0.96,21,0,consistente,
16,card up your sleeve,0.78,0.58,0.97,21,0,consistente,
17,beating around the bush,0.72,0.54,0.9,21,0,consistente,
18,She is giving a speech at the conference.,0.92,0.69,1.15,21,0,consistente,
19,She wrote a report for work.,0.9,0.68,1.13,21,0,consistente,
20,ace up your sleeve,0.78,0.59,0.98,21,0,consistente,
21,an open book,0.92,0.69,1.15,21,0,consistente,
22,She is giving a presentation at work.,0.92,0.69,1.15,21,0,consistente,
23,He went to a birthday party last night.,0.95,0.72,1.19,21,0,consistente,
24,color outside the lines,0.86,0.65,1.08,21,4,discrepante,
25,easy as pie,0.68,0.51,0.85,21,0,consistente,
26,blind as a bat,0.95,0.71,1.19,21,2,discrepante,
27,change of heart,0.84,0.63,1.05,21,0,consistente,
28,food for thought,0.83,0.62,1.03,21,0,consistente,
29,black as night,0.89,0.66,1.11,21,0,consistente,
30,a chip on your shoulder,0.73,0.55,0.91,21,0,consistente,
31,close to my heart,0.85,0.63,1.06,21,0,consistente,
32,apple of my eye,0.89,0.67,1.11,21,0,consistente,
33,get the show on the road,0.74,0.55,0.92,21,0,consistente,
34,easy as pie,0.7,0.52,0.87,21,0,consistente,
35,back to square one,0.83,0.62,1.03,21,0,consistente,
36,devil's advocate,0.89,0.67,1.12,21,0,consistente,
37,She went to the library to study.,0.89,0.67,1.11,21,0,consistente,
38,fit as a fiddle,0.84,0.63,1.05,21,0,consistente,
39,They went to the theater to watch a play.,0.83,0.62,1.04,21,0,consistente,
40,falling through the cracks,0.77,0.58,0.96,21,0,consistente,
41,She made breakfast for the family.,0.91,0.68,1.14,21,0,consistente,
42,She is talking on the phone.,0.89,0.67,1.11,21,0,consistente,
43,all bark and no bite,0.72,0.54,0.9,21,0,consistente,
44,apple of discord,0.9,0.68,1.13,21,0,consistente,
45,spill the beans,0.76,0.57,0.95,21,0,consistente,
46,burn your bridges,0.85,0.64,1.07,21,0,consistente,
47,I need to buy groceries this afternoon.,0.87,0.65,1.09,21,0,consistente,
48,as bold as brass,0.77,0.58,0.96,21,0,consistente,
49,close to the vest,0.74,0.55,0.92,21,0,consistente,
50,blood is thicker than water,0.73,0.55,0.91,21,0,consistente,
51,back to the drawing board,0.77,0.58,0.96,21,0,consistente,
52,She went to the post office to send a package.,0.89,0.67,1.11,21,0,consistente,
53,as right as rain,0.71,0.53,0.88,21,0,consistente,
54,He is planning his day ahead.,0.9,0.68,1.13,21,0,consistente,
55,She took a shower in the morning.,0.89,0.67,1.11,21,0,consistente,
56,best of both worlds,0.94,0.71,1.18,21,0,consistente,
57,antsy as a cat on a hot tin roof,0.85,0.64,1.06,21,0,consistente,
58,He is building a model airplane.,0.88,0.66,1.09,21,0,consistente,
59,devil's advocate,0.89,0.67,1.12,21,0,consistente,
60,burst your bubble,0.82,0.61,1.02,21,0,consistente,
61,all eyes on you,0.86,0.64,1.07,21,0,consistente,
62,a skeleton in the closet,0.76,0.57,0.95,21,0,consistente,
63,He is attending a business meeting.,0.85,0.64,1.07,21,0,consistente,
64,cool as a cucumber,0.83,0.62,1.04,21,0,consistente,
65,He took the bus to work.,0.92,0.69,1.15,21,0,consistente,
66,as easy as pie,0.73,0.55,0.91,21,0,consistente,
67,butterfly effect,0.85,0.63,1.06,21,0,consistente,
68,They watched a TV show in the evening.,0.88,0.66,1.1,21,0,consistente,
69,She is brushing her teeth before bed.,0.94,0.71,1.18,21,0,consistente,
70,blown out of the water,0.75,0.56,0.94,21,0,consistente,
71,He is feeding his pet hamster.,0.83,0.62,1.03,21,0,consistente,
72,I like to drink coffee in the morning.,0.77,0.58,0.96,21,0,consistente,
73,"another day, another dollar",0.89,0.67,1.11,21,0,consistente,
74,actions speak louder than words,0.85,0.64,1.06,21,0,consistente,
75,climbing up the ladder,0.85,0.64,1.07,21,0,consistente,
76,early bird catches the worm,0.83,0.62,1.04,21,0,consistente,
77,She is baking cookies in the kitchen.,0.89,0.66,1.11,21,0,consistente,
78,bleeding heart,0.86,0.64,1.07,21,0,consistente,
79,She is cleaning the kitchen after dinner.,0.95,0.71,1.19,21,0,consistente,
80,She is drinking water.,0.85,0.64,1.07,21,0,consistente,
81,They are having coffee at the café.,0.83,0.62,1.04,21,0,consistente,
82,hard pill to swallow,0.71,0.53,0.89,21,0,consistente,
83,a slap on the wrist,0.77,0.58,0.97,21,0,consistente,
84,They are visiting a museum this afternoon.,0.89,0.66,1.11,21,0,consistente,
85,They are swimming at the pool.,0.94,0.7,1.17,21,0,consistente,
86,cat on a hot tin roof,0.81,0.6,1.01,21,0,consistente,
87,She is talking to her friend on the phone.,0.93,0.7,1.17,21,0,consistente,
88,He is walking his dog in the park.,0.88,0.66,1.1,21,0,consistente,
89,add fuel to the fire,0.74,0.56,0.93,21,0,consistente,
90,in hot water,0.77,0.58,0.96,21,0,consistente,
91,boiling point,0.92,0.69,1.15,21,0,consistente,
92,beat a dead horse,0.78,0.58,0.97,21,0,consistente,
93,blind alley,0.86,0.65,1.08,21,0,consistente,
94,cutting corners,0.7,0.53,0.88,21,0,consistente,
95,actions speak louder than words,0.84,0.63,1.05,21,0,consistente,
96,chip on the shoulder,0.69,0.52,0.86,21,0,consistente,
97,He washed his car yesterday.,0.89,0.67,1.11,21,0,consistente,
98,cold as ice,0.87,0.65,1.09,21,0,consistente,
99,He is attending a wedding.,0.84,0.63,1.05,21,0,consistente,
100,He is making a cup of coffee.,0.89,0.67,1.11,21,0,consistente,
101,chasing shadows,0.8,0.6,1.0,21,0,consistente,
102,feast your eyes,0.79,0.59,0.98,21,0,consistente,
103,a diamond in the rough,0.81,0.61,1.02,21,0,consistente,
104,He is having breakfast with his family.,0.83,0.62,1.04,21,0,consistente,
105,blind as a bat,0.78,0.59,0.98,21,0,consistente,
106,light at the end of the tunnel,0.93,0.7,1.17,21,0,consistente,
107,as old as the hills,0.73,0.55,0.92,21,0,consistente,
108,break the ice,0.95,0.71,1.18,21,0,consistente,
109,He went for a jog in the morning.,0.87,0.65,1.09,21,0,consistente,
110,finding your feet,0.79,0.59,0.99,21,0,consistente,
111,give someone a run for their money,0.84,0.63,1.05,21,0,consistente,
112,have a bone to pick,0.77,0.57,0.96,21,0,consistente,
113,barking up the wrong tree,0.8,0.6,1.0,21,0,consistente,
114,He enjoyed a cup of coffee in the morning.,0.87,0.65,1.09,21,0,consistente,
115,ball is in your court,0.85,0.64,1.06,21,0,consistente,
116,"blood, sweat, and tears",0.91,0.68,1.14,21,0,consistente,
117,going down in flames,0.74,0.56,0.93,21,0,consistente,
118,break a leg,0.67,0.5,0.84,21,0,consistente,
119,The kids played in the playground.,0.87,0.65,1.09,21,0,consistente,
120,change of tune,0.85,0.63,1.06,21,0,consistente,
121,paint the town red,0.78,0.59,0.98,21,0,consistente,
122,burnt out,0.81,0.61,1.01,21,0,consistente,
123,burning the midnight oil,0.76,0.57,0.95,21,0,consistente,
124,come out of the woodwork,0.8,0.6,1.0,21,0,consistente,
125,blessing in disguise,0.87,0.65,1.08,21,0,consistente,
126,He is cutting vegetables for dinner.,0.87,0.65,1.09,21,0,consistente,
127,bigger than life,0.92,0.69,1.14,21,0,consistente,
128,cast iron stomach,0.91,0.68,1.14,21,0,consistente,
129,arm and a leg,0.77,0.58,0.96,21,0,consistente,
130,as hungry as a wolf,0.84,0.63,1.05,21,0,consistente,
131,They went for a swim at the pool.,0.82,0.61,1.02,21,0,consistente,
132,blow a fuse,0.75,0.57,0.94,21,0,consistente,
133,He is drawing a picture of his dog.,0.88,0.66,1.1,21,0,consistente,
134,bend over backwards,0.73,0.55,0.91,21,0,consistente,
135,any port in a storm,0.83,0.62,1.04,21,0,consistente,
136,I met my friends for lunch.,0.86,0.64,1.07,21,0,consistente,
137,bare bones,0.73,0.55,0.91,21,0,consistente,
138,bottom of the totem pole,0.86,0.64,1.07,21,0,consistente,
139,face the music,0.73,0.55,0.91,21,0,consistente,
140,chomping at the bit,0.73,0.55,0.92,21,0,consistente,
141,on cloud nine,0.84,0.63,1.05,21,0,consistente,
142,between a rock and a hard place,0.93,0.7,1.16,21,0,consistente,
143,batten down the hatches,0.75,0.57,0.94,21,0,consistente,
144,all ears,0.72,0.54,0.9,21,0,consistente,
145,a fly on the wall,0.94,0.7,1.17,21,0,consistente,
146,as sharp as a tack,0.87,0.65,1.08,21,0,consistente,
147,She bought a new phone last week.,0.89,0.67,1.11,21,0,consistente,
148,don't put all your eggs in one basket,0.94,0.71,1.18,21,0,consistente,
149,bottom of the barrel,0.81,0.61,1.01,21,0,consistente,
150,carrying the weight of the world,0.89,0.67,1.12,21,0,consistente,
151,cogs in the machine,0.81,0.61,1.02,21,0,consistente,
152,I am traveling to the mountains this weekend.,0.89,0.66,1.11,21,0,consistente,
153,They watched a movie on the weekend.,0.88,0.66,1.1,21,0,consistente,
154,blowing off steam,0.75,0.56,0.94,21,0,consistente,
155,face the music,0.76,0.57,0.95,21,0,consistente,
156,a heart of gold,0.91,0.69,1.14,21,0,consistente,
157,caught in a web,0.85,0.63,1.06,21,0,consistente,
158,She made a salad for lunch.,0.96,0.72,1.2,21,0,consistente,
159,mind over matter,0.86,0.65,1.08,21,0,consistente,
160,as good as done,0.76,0.57,0.95,21,0,consistente,
161,a voice in the wilderness,0.93,0.7,1.17,21,0,consistente,
162,He went to the gym to lift weights.,0.87,0.65,1.08,21,0,consistente,
163,another one bites the dust,0.81,0.61,1.01,21,0,consistente,
164,curiosity killed the cat,1.0,0.75,1.25,21,0,consistente,
165,by leaps and bounds,0.8,0.6,1.0,21,0,consistente,
166,They are practicing their dance routine.,0.86,0.65,1.08,21,0,consistente,
167,honest as the day is long,0.82,0.62,1.03,21,0,consistente,
168,butter wouldn’t melt in their mouth,0.74,0.56,0.93,21,0,consistente,
169,be in hot water,0.79,0.59,0.98,21,0,consistente,
170,by the seat of your pants,0.73,0.54,0.91,21,0,consistente,
171,comfort zone,0.97,0.73,1.21,21,0,consistente,
172,give the green light,0.87,0.66,1.09,21,0,consistente,
173,fingers crossed,0.82,0.62,1.03,21,0,consistente,
174,He went to the airport to catch a flight.,0.91,0.68,1.13,21,0,consistente,
175,as mad as a hatter,0.74,0.55,0.92,21,0,consistente,
176,cracking the whip,0.73,0.54,0.91,21,0,consistente,
177,He is reading a newspaper.,0.91,0.68,1.14,21,0,consistente,
178,as easy as shooting fish in a barrel,0.76,0.57,0.95,21,0,consistente,
179,He is taking photos with his camera.,0.9,0.68,1.13,21,0,consistente,
180,ants in your pants,0.68,0.51,0.85,21,0,consistente,
181,He is cleaning the windows.,0.91,0.68,1.14,21,0,consistente,
182,clean bill of health,0.77,0.58,0.96,21,0,consistente,
183,cold feet,0.7,0.53,0.88,21,0,consistente,
184,burn bridges,0.87,0.65,1.09,21,0,consistente,
185,cat's out of the bag,0.78,0.58,0.97,21,0,consistente,
186,bury your head in the sand,0.84,0.63,1.05,21,0,consistente,
187,He read a book before bed.,0.92,0.69,1.15,21,0,consistente,
188,bridge the gap,0.77,0.57,0.96,21,0,consistente,
189,He went to the doctor for a check-up.,0.9,0.67,1.12,21,0,consistente,
190,She is watching the sunset from the balcony.,0.87,0.65,1.09,21,0,consistente,
191,blessing in disguise,0.88,0.66,1.1,21,0,consistente,
192,a penny for your thoughts,0.87,0.65,1.09,21,0,consistente,
193,He is playing the guitar in the living room.,0.89,0.67,1.11,21,0,consistente,
194,He is sitting on the chair.,0.96,0.72,1.21,21,0,consistente,
195,come hell or high water,0.7,0.52,0.87,21,0,consistente,
196,I went to the beach for vacation.,0.81,0.61,1.01,21,0,consistente,
197,as cool as a cucumber,0.89,0.67,1.12,21,0,consistente,
198,break the ice,0.92,0.69,1.16,21,0,consistente,
199,at the end of the day,0.94,0.7,1.17,21,0,consistente,
200,can't see the forest for the trees,0.88,0.66,1.1,21,0,consistente,
201,He is doing his homework in the study room.,0.86,0.65,1.08,21,0,consistente,
202,They planted flowers in the garden.,0.95,0.72,1.19,21,0,consistente,
203,They are making pizza together.,0.8,0.6,1.0,21,0,consistente,
204,blown out of proportion,0.72,0.54,0.9,21,0,consistente,
205,hand in glove,0.72,0.54,0.9,21,0,consistente,
206,birds of a feather flock together,0.69,0.52,0.87,21,0,consistente,
207,get out of hand,0.86,0.64,1.07,21,0,consistente,
208,He called his parents yesterday.,0.88,0.66,1.1,21,0,consistente,
209,He wrote a letter to his friend.,0.94,0.7,1.17,21,0,consistente,
210,She danced at the party last night.,0.89,0.67,1.11,21,0,consistente,
211,close to home,0.85,0.64,1.06,21,0,consistente,
212,"if you can't stand the heat, get out of the kitchen",0.89,0.67,1.11,21,0,consistente,
213,between the devil and the deep blue sea,0.83,0.62,1.04,21,0,consistente,
214,get cold feet,0.68,0.51,0.85,21,0,consistente,
215,fish out of water,0.9,0.68,1.13,21,0,consistente,
216,over the moon,0.71,0.53,0.89,21,0,consistente,
217,once in a blue moon,0.71,0.53,0.89,21,0,consistente,
218,chip off the old block,0.69,0.52,0.87,21,0,consistente,
219,break the mold,0.81,0.61,1.01,21,0,consistente,
220,ace in the hole,0.76,0.57,0.96,21,0,consistente,
221,She is gardening in the backyard.,0.84,0.63,1.05,21,0,consistente,
222,blind as a bat,0.92,0.69,1.15,21,3,discrepante,
223,call it a day,0.73,0.55,0.91,21,0,consistente,
224,calm before the storm,0.91,0.69,1.14,21,0,consistente,
225,He attended a wedding last weekend.,0.92,0.69,1.15,21,0,consistente,
226,chill to the bone,0.69,0.52,0.87,21,0,consistente,
227,broad strokes,0.71,0.53,0.89,21,0,consistente,
228,She is listening to music while cooking.,0.84,0.63,1.05,21,0,consistente,
229,blind as a bat,0.95,0.71,1.19,21,2,discrepante,
230,all thumbs,0.7,0.53,0.88,21,0,consistente,
231,chip on your shoulder,0.66,0.49,0.82,21,0,consistente,
232,chase rainbows,0.7,0.52,0.87,21,0,consistente,
233,"hope for the best, prepare for the worst",0.89,0.67,1.11,21,2,discrepante,
234,get a grip,0.71,0.53,0.89,21,0,consistente,
235,finger on the pulse,0.74,0.55,0.92,21,0,consistente,
236,ball of fire,0.81,0.61,1.01,21,0,consistente,
237,He is making tea in the kitchen.,0.91,0.68,1.14,21,0,consistente,
238,bite your lip,0.83,0.63,1.04,21,0,consistente,
239,live in a glass house,0.87,0.65,1.08,21,0,consistente,
240,into thin air,0.74,0.55,0.92,21,0,consistente,
241,don’t cry over spilled milk,0.93,0.69,1.16,21,0,consistente,
242,don't count your chickens before they hatch,0.75,0.56,0.94,21,0,consistente,
243,close to my heart,0.85,0.63,1.06,21,0,consistente,
244,He went fishing with his friends.,0.97,0.73,1.21,21,0,consistente,
245,as clear as mud,0.76,0.57,0.95,21,0,consistente,
246,be a fly on the wall,0.98,0.73,1.22,21,0,consistente,
247,changing gears,0.88,0.66,1.1,21,0,consistente,
248,call it quits,0.75,0.57,0.94,21,0,consistente,
249,bottom line,0.68,0.51,0.86,21,0,consistente,
250,bet the farm,0.8,0.6,1.0,21,0,consistente,
251,as free as a bird,0.93,0.7,1.16,21,0,consistente,
252,flying by the seat of your pants,0.7,0.53,0.88,21,0,consistente,
253,chasing your tail,0.78,0.59,0.98,21,0,consistente,
254,She plays the piano beautifully.,0.83,0.63,1.04,21,0,consistente,
255,heart of stone,0.96,0.72,1.2,21,0,consistente,
256,They are going to the cinema tonight.,0.92,0.69,1.15,21,0,consistente,
257,a taste of your own medicine,0.81,0.61,1.02,21,0,consistente,
258,break the ice,0.95,0.71,1.18,21,0,consistente,
259,cloud of suspicion,0.92,0.69,1.15,21,0,consistente,
260,diamond in the rough,0.8,0.6,1.0,21,0,consistente,
261,beat the clock,0.83,0.62,1.04,21,0,consistente,
262,He is repairing the broken chair.,0.92,0.69,1.15,21,0,consistente,
263,She is watching a movie at the theater.,0.8,0.6,0.99,21,0,consistente,
264,a penny saved is a penny earned,0.87,0.66,1.09,21,0,consistente,
265,He cleaned the garage on Saturday.,0.88,0.66,1.09,21,0,consistente,
266,a fish out of water,0.92,0.69,1.15,21,0,consistente,
267,down to earth,0.84,0.63,1.05,21,0,consistente,
268,happy as a clam,0.73,0.55,0.91,21,0,consistente,
269,He visited the museum with his class.,0.94,0.7,1.17,21,0,consistente,
270,I visited my parents last weekend.,0.9,0.68,1.13,21,0,consistente,
271,by the skin of your teeth,0.76,0.57,0.95,21,0,consistente,
272,crack the code,0.77,0.58,0.96,21,0,consistente,
273,He watched a football match on TV.,0.87,0.65,1.08,21,0,consistente,
274,climbing the corporate ladder,0.83,0.63,1.04,21,0,consistente,
275,all in the same boat,0.9,0.67,1.12,21,0,consistente,
276,cold feet,0.7,0.53,0.88,21,0,consistente,
277,a mountain to climb,0.93,0.7,1.17,21,0,consistente,
278,break the back of it,0.72,0.54,0.9,21,0,consistente,
279,blowing off steam,0.83,0.62,1.04,21,0,consistente,
280,cook up a storm,0.8,0.6,1.0,21,0,consistente,
281,dead in the water,0.76,0.57,0.95,21,0,consistente,
282,bite the big one,0.72,0.54,0.9,21,0,consistente,
283,buy a lemon,0.75,0.56,0.94,21,0,consistente,
284,get a second wind,0.78,0.58,0.97,21,0,consistente,
285,He is working on his laptop.,0.85,0.64,1.06,21,0,consistente,
286,clear as mud,0.77,0.57,0.96,21,0,consistente,
287,different strokes for different folks,0.71,0.53,0.88,21,0,consistente,
288,She had a cup of soup for lunch.,0.89,0.67,1.11,21,0,consistente,
289,cast the first stone,0.93,0.7,1.16,21,0,consistente,
290,call a spade a spade,0.76,0.57,0.94,21,0,consistente,
291,a ray of hope,0.92,0.69,1.15,21,0,consistente,
292,They are painting the walls of their house.,0.89,0.67,1.11,21,0,consistente,
293,crash course,0.9,0.67,1.12,21,0,consistente,
294,The sun rises in the east.,0.89,0.67,1.11,21,0,consistente,
295,an arm and a leg,0.7,0.53,0.88,21,0,consistente,
296,breaking the mold,0.82,0.61,1.02,21,0,consistente,
297,caught red-handed,0.73,0.55,0.91,21,0,consistente,
298,blood from a stone,0.82,0.61,1.02,21,0,consistente,
299,beyond the pale,0.78,0.59,0.98,21,0,consistente,
300,She is walking through the forest.,0.85,0.63,1.06,21,0,consistente,
301,blood runs thicker than water,0.75,0.57,0.94,21,0,consistente,
302,follow your nose,0.84,0.63,1.05,21,0,consistente,
303,hard nut to crack,0.72,0.54,0.89,21,0,consistente,
304,an ounce of prevention is worth a pound of cure,0.83,0.62,1.04,21,0,consistente,
305,come apart at the seams,0.73,0.55,0.91,21,0,consistente,
306,She is arranging flowers in a vase.,0.88,0.66,1.1,21,0,consistente,
307,They went shopping for new clothes.,0.85,0.64,1.07,21,0,consistente,
308,big league,0.8,0.6,1.0,21,0,consistente,
309,She is packing her suitcase for a trip.,0.92,0.69,1.15,21,0,consistente,
310,She attended a conference last week.,0.94,0.7,1.17,21,0,consistente,
311,all that glitters is not gold,0.91,0.68,1.14,21,0,consistente,
312,rain on your parade,0.74,0.56,0.93,21,0,consistente,
313,as stubborn as a mule,0.89,0.66,1.11,21,0,consistente,
314,fall on deaf ears,0.89,0.67,1.12,21,0,consistente,
315,She is preparing dinner for the guests.,0.93,0.7,1.16,21,0,consistente,
316,He is writing an essay for school.,0.89,0.67,1.11,21,0,consistente,
317,beating a dead horse,0.84,0.63,1.05,21,0,consistente,
318,keep your eyes peeled,0.78,0.59,0.98,21,0,consistente,
319,He visited his grandmother in the hospital.,0.87,0.65,1.09,21,0,consistente,
320,caught in the crossfire,0.88,0.66,1.1,21,0,consistente,
321,a blessing in disguise,0.9,0.67,1.12,21,0,consistente,
322,bending over backwards,0.7,0.53,0.88,21,0,consistente,
323,He is drawing in his sketchbook.,0.86,0.65,1.08,21,0,consistente,
324,a new lease on life,0.8,0.6,1.0,21,0,consistente,
325,climbing the ladder,0.84,0.63,1.05,21,0,consistente,
326,a rolling stone gathers no moss,0.8,0.6,1.0,21,0,consistente,
327,better half,0.73,0.55,0.91,21,0,consistente,
328,He is eating dinner with his family.,0.88,0.66,1.1,21,0,consistente,
329,in the bag,0.72,0.54,0.9,21,0,consistente,
330,dead as a doornail,0.8,0.6,1.0,21,0,consistente,
331,She is playing with her children in the garden.,0.92,0.69,1.15,21,0,consistente,
332,I am playing video games in my room.,0.87,0.65,1.09,21,0,consistente,
333,cut to the chase,0.85,0.64,1.07,21,0,consistente,
334,cut the mustardcross that bridge when you come to it,0.64,0.48,0.8,21,0,consistente,
335,She works as a software engineer.,0.85,0.64,1.07,21,0,consistente,
336,He is going to the post office.,0.9,0.67,1.12,21,0,consistente,
337,bare your soul,0.77,0.58,0.97,21,0,consistente,
338,bad blood,0.72,0.54,0.9,21,0,consistente,
339,She is playing piano in the evening.,0.84,0.63,1.05,21,0,consistente,
340,go down in flames,0.75,0.56,0.94,21,0,consistente,
341,get your ducks in a row,0.71,0.53,0.89,21,0,consistente,
342,They cleaned the house on Saturday.,0.88,0.66,1.1,21,0,consistente,
343,at death's door,0.86,0.65,1.08,21,0,consistente,
344,cut the mustard,0.75,0.56,0.94,21,0,consistente,
345,by the book,0.72,0.54,0.91,21,0,consistente,
346,She played cards with her friends.,0.91,0.68,1.14,21,0,consistente,
347,an old flame,0.83,0.62,1.03,21,0,consistente,
348,They are reading a novel by the fireplace.,0.89,0.67,1.11,21,0,consistente,
349,caught between a rock and a hard place,0.93,0.7,1.16,21,0,consistente,
350,a sinking ship,0.76,0.57,0.95,21,0,consistente,
351,drive me up the wall,0.78,0.58,0.97,21,0,consistente,
352,I called my friend last night.,0.9,0.67,1.12,21,0,consistente,
353,burn the candle at both ends,0.85,0.64,1.06,21,3,discrepante,
354,They are attending a concert tonight.,0.88,0.66,1.1,21,0,consistente,
355,bite the bullet,0.77,0.58,0.96,21,0,consistente,
356,chase your tail,0.83,0.62,1.03,21,0,consistente,
357,cool as a cucumber,0.86,0.65,1.08,21,0,consistente,
358,don't put all your eggs in one basket,0.96,0.72,1.2,21,0,consistente,
359,black as coal,0.91,0.68,1.14,21,0,consistente,
360,ants in your pants,0.69,0.52,0.86,21,0,consistente,
361,don't bite the hand that feeds you,0.96,0.72,1.2,21,0,consistente,
362,live to fight another day,0.9,0.67,1.12,21,0,consistente,
363,cat's meow,0.79,0.59,0.98,21,0,consistente,
364,by the book,0.72,0.54,0.91,21,0,consistente,
365,by the skin of your teeth,0.79,0.59,0.98,21,0,consistente,
366,busy as a bee,0.87,0.65,1.09,21,0,consistente,
367,calm before the storm,0.91,0.69,1.14,21,0,consistente,
368,She visited the art gallery on Sunday.,0.91,0.68,1.13,21,0,consistente,
369,They went to a restaurant for dinner.,0.82,0.61,1.02,21,0,consistente,
370,all thumbs,0.69,0.52,0.86,21,0,consistente,
371,She is dancing to the music.,0.89,0.67,1.11,21,0,consistente,
372,bend the rules,0.85,0.64,1.06,21,0,consistente,
373,bring to the table,0.71,0.54,0.89,21,0,consistente,
374,crash and burn,0.71,0.53,0.88,21,0,consistente,
375,They are playing chess at the table.,0.92,0.69,1.15,21,0,consistente,
376,bare bones,0.73,0.54,0.91,21,0,consistente,
377,an uphill battle,0.82,0.61,1.02,21,0,consistente,
378,cast a shadow,0.88,0.66,1.1,21,0,consistente,
379,She is watching the stars at night.,0.86,0.65,1.08,21,0,consistente,
380,don’t put all your eggs in one basket,0.91,0.68,1.13,21,0,consistente,
381,face the music,0.73,0.55,0.92,21,0,consistente,
382,She is practicing yoga in the park.,0.83,0.62,1.04,21,0,consistente,
383,He made a sandwich for lunch.,0.94,0.7,1.17,21,0,consistente,
384,hit the books,0.74,0.55,0.92,21,0,consistente,
385,close shave,0.7,0.52,0.87,21,0,consistente,
386,a leopard can't change its spots,0.82,0.61,1.02,21,0,consistente,
387,couch potato,0.7,0.52,0.87,21,0,consistente,
388,She walked to the store.,0.85,0.64,1.06,21,0,consistente,
389,like riding a bike,0.93,0.7,1.16,21,0,consistente,
390,They are playing volleyball at the beach.,0.84,0.63,1.05,21,0,consistente,
391,He is playing soccer with his friends.,0.92,0.69,1.15,21,0,consistente,
392,curiosity killed the cat,1.0,0.75,1.25,21,0,consistente,
393,barking up the wrong tree,0.74,0.55,0.92,21,0,consistente,
394,They are visiting the zoo.,0.85,0.64,1.06,21,0,consistente,
395,pull the plug,0.73,0.55,0.92,21,0,consistente,
396,beat a hasty retreat,0.71,0.53,0.89,21,0,consistente,
397,I went to the store to buy some bread.,0.85,0.63,1.06,21,0,consistente,
398,butterflies in my stomach,0.77,0.58,0.97,21,0,consistente,
399,come up against a brick wall,0.75,0.56,0.94,21,0,consistente,
400,smooth sailing,0.76,0.57,0.95,21,0,consistente,
401,She is sending a letter to her friend.,0.95,0.71,1.19,21,0,consistente,
402,He is checking his email.,0.88,0.66,1.1,21,0,consistente,
403,an uphill battle,0.85,0.64,1.06,21,0,consistente,
404,make waves,0.77,0.57,0.96,21,0,consistente,
405,bury the hatchet,0.81,0.61,1.01,21,0,consistente,
406,as good as gold,0.75,0.56,0.93,21,0,consistente,
407,She is putting on her shoes.,0.95,0.71,1.18,21,0,consistente,
408,built like a tank,0.88,0.66,1.09,21,0,consistente,
409,hit the sack,0.73,0.55,0.91,21,0,consistente,
410,burst your bubble,0.82,0.61,1.02,21,0,consistente,
411,He is going for a bike ride.,0.9,0.67,1.12,21,0,consistente,
412,bite the dust,0.75,0.56,0.93,21,0,consistente,
413,falling apart at the seams,0.83,0.62,1.03,21,0,consistente,
414,They are jogging through the park.,0.93,0.7,1.16,21,0,consistente,
415,backseat driver,0.69,0.52,0.87,21,0,consistente,
416,a blessing in disguise,0.94,0.71,1.18,21,3,discrepante,
417,back against the wall,0.68,0.51,0.85,21,0,consistente,
418,blue collar,0.71,0.53,0.89,21,0,consistente,
419,kill two birds with one stone,1.0,0.75,1.25,21,0,consistente,
420,at the drop of a hat,0.71,0.53,0.89,21,0,consistente,
421,by a hair's breadth,0.8,0.6,1.0,21,0,consistente,
422,They are planning a trip to Europe.,0.84,0.63,1.05,21,0,consistente,
423,big picture,0.79,0.6,0.99,21,0,consistente,
424,beat around the bush,0.77,0.58,0.96,21,0,consistente,
425,cast in stone,0.87,0.65,1.09,21,0,consistente,
426,They went to the supermarket yesterday.,0.79,0.59,0.98,21,0,consistente,
427,She cleaned the kitchen after dinner.,0.91,0.68,1.14,21,0,consistente,
428,He traveled to Paris last year.,0.93,0.7,1.16,21,0,consistente,
429,face like thunder,0.72,0.54,0.91,21,0,consistente,
430,I am learning how to cook.,0.8,0.6,1.0,21,0,consistente,
431,She is wearing a red dress.,0.96,0.72,1.2,21,0,consistente,
432,come rain or shine,0.75,0.56,0.94,21,0,consistente,
433,get the ball rolling,0.75,0.56,0.93,21,0,consistente,
434,He went to the gym for a workout session.,0.87,0.66,1.09,21,0,consistente,
435,He is drinking tea in the morning.,0.88,0.66,1.1,21,0,consistente,
436,They enjoyed a family dinner together.,0.83,0.62,1.04,21,0,consistente,
437,They are playing basketball in the yard.,0.88,0.66,1.1,21,0,consistente,
438,"blood, sweat, and tears",0.91,0.68,1.14,21,0,consistente,
439,flying high,0.92,0.69,1.15,21,5,discrepante,
440,bring home the bacon,0.81,0.61,1.02,21,0,consistente,
441,give someone the cold shoulder,0.75,0.56,0.93,21,0,consistente,
442,bite your tongue,0.92,0.69,1.14,21,0,consistente,
443,all in a day's work,0.75,0.56,0.93,21,0,consistente,
444,eyes in the back of your head,0.77,0.58,0.96,21,0,consistente,
445,He ate his breakfast quickly.,0.92,0.69,1.15,21,0,consistente,
446,back on your feet,0.76,0.57,0.95,21,0,consistente,
447,"blood, sweat, and tears",0.91,0.68,1.14,21,0,consistente,
448,They are driving to the countryside.,0.85,0.64,1.06,21,0,consistente,
449,She cooked dinner for her family.,0.92,0.69,1.15,21,0,consistente,
450,ace in the hole,0.76,0.57,0.96,21,0,consistente,
451,hard as nails,0.72,0.54,0.91,21,0,consistente,
452,kill two birds with one stone,0.91,0.69,1.14,21,0,consistente,
453,black and blue,0.78,0.58,0.97,21,0,consistente,
454,how the cookie crumbles,0.75,0.56,0.94,21,0,consistente,
455,He played video games all evening.,0.87,0.65,1.09,21,0,consistente,
456,all bark and no bite,0.71,0.53,0.89,21,0,consistente,
457,beef up,0.69,0.52,0.87,21,0,consistente,
458,be on cloud nine,0.86,0.65,1.08,21,0,consistente,
459,They traveled to the mountains for vacation.,0.88,0.66,1.09,21,0,consistente,
460,They went on a road trip last summer.,0.89,0.67,1.11,21,0,consistente,
461,clear the air,0.81,0.61,1.01,21,0,consistente,
462,cat got your tongue,0.76,0.57,0.95,21,0,consistente,
463,as busy as a bee,0.86,0.65,1.08,21,0,consistente,
464,They are visiting their friends in the city.,0.88,0.66,1.1,21,0,consistente,
465,come out of your shell,0.84,0.63,1.05,21,0,consistente,
466,a storm in a teacup,0.88,0.66,1.09,21,0,consistente,
467,a tower of strength,0.85,0.64,1.07,21,0,consistente,
468,all's fair in love and war,0.86,0.64,1.07,21,0,consistente,
469,She is doing her hair in front of the mirror.,0.89,0.67,1.11,21,0,consistente,
470,all the world's a stage,0.9,0.68,1.13,21,0,consistente,
471,"if the shoe fits, wear it",0.85,0.64,1.06,21,0,consistente,
472,They have three children.,0.79,0.6,0.99,21,0,consistente,
473,She is preparing for a job interview.,0.86,0.64,1.07,21,0,consistente,
474,They had a barbecue in the backyard.,0.97,0.73,1.21,21,0,consistente,
475,bite the bullet,0.76,0.57,0.95,21,0,consistente,
476,They went hiking in the mountains.,0.88,0.66,1.1,21,0,consistente,
477,keep your chin up,0.79,0.59,0.98,21,0,consistente,
478,cut from the same cloth,0.77,0.58,0.97,21,0,consistente,
479,full plate,0.87,0.65,1.09,21,5,discrepante,
480,alive and kicking,0.72,0.54,0.91,21,0,consistente,
481,a place in the sun,0.91,0.68,1.14,21,0,consistente,
482,They went to the zoo with the kids.,0.86,0.65,1.08,21,0,consistente,
483,I took a photo of the beautiful sunset.,0.76,0.57,0.94,21,0,consistente,
484,bad egg,0.72,0.54,0.9,21,0,consistente,
485,back to square one,0.83,0.62,1.03,21,0,consistente,
486,break the ice,0.92,0.69,1.16,21,0,consistente,
487,The train arrived at the station on time.,0.92,0.69,1.15,21,0,consistente,
488,She took a nap after lunch.,0.91,0.68,1.14,21,0,consistente,
489,He is watering the plants.,1.0,0.75,1.25,21,0,consistente,
490,at the helm,0.82,0.61,1.02,21,0,consistente,
491,The dog is playing outside.,0.87,0.65,1.08,21,0,consistente,
492,coming full circle,0.79,0.59,0.99,21,0,consistente,
493,hold your horses,0.76,0.57,0.95,21,0,consistente,
494,as smooth as silk,0.8,0.6,1.01,21,0,consistente,
495,a shot in the dark,0.93,0.7,1.16,21,0,consistente,
496,burst at the seams,0.72,0.54,0.9,21,0,consistente,
497,They went to a concert last night.,0.87,0.65,1.09,21,0,consistente,
498,cat got your tongue,0.79,0.59,0.99,21,0,consistente,
499,They are having a discussion in the classroom.,0.92,0.69,1.15,21,0,consistente,
500,behind the eight ball,0.72,0.54,0.89,21,0,consistente,
501,She is painting a picture on the canvas.,0.94,0.71,1.18,21,0,consistente,
502,against the grain,0.86,0.65,1.08,21,0,consistente,
503,She is typing on her computer.,0.95,0.71,1.19,21,0,consistente,
504,left out in the cold,0.77,0.58,0.96,21,0,consistente,
505,don't judge a book by its cover,1.0,0.75,1.25,21,0,consistente,
506,bend over backward,0.7,0.53,0.88,21,0,consistente,
507,back to the grind,0.8,0.6,1.0,21,0,consistente,
508,let sleeping dogs lie,0.79,0.59,0.98,21,0,consistente,
509,a snowball's chance in hell,0.7,0.53,0.88,21,0,consistente,
510,fighting a losing battle,0.8,0.6,1.0,21,0,consistente,
511,a fish out of water,0.9,0.67,1.12,21,0,consistente,
512,hit the ground running,0.77,0.58,0.97,21,0,consistente,
513,heart of stone,0.96,0.72,1.2,21,0,consistente,
514,He took a walk in the park.,0.92,0.69,1.15,21,0,consistente,
515,They are enjoying a cup of coffee together.,0.78,0.59,0.98,21,0,consistente,
516,I made a cup of tea for myself.,0.88,0.66,1.1,21,0,consistente,
517,cooking up a storm,0.74,0.55,0.92,21,0,consistente,
518,fall through the cracks,0.76,0.57,0.95,21,0,consistente,
519,bend over backwards,0.71,0.54,0.89,21,0,consistente,
520,dance with the devil,0.92,0.69,1.15,21,0,consistente,
521,dark horse,0.81,0.61,1.01,21,0,consistente,
522,She enjoys walking in the park.,0.85,0.64,1.06,21,0,consistente,
523,go the extra mile,0.77,0.58,0.96,21,0,consistente,
524,He is looking out the window at the rain.,0.88,0.66,1.1,21,0,consistente,
525,feeling under the weather,0.7,0.52,0.87,21,0,consistente,
526,bridge the gap,0.75,0.56,0.94,21,0,consistente,
527,clear as crystal,0.78,0.58,0.97,21,0,consistente,
528,actions speak louder than words,0.9,0.67,1.12,21,0,consistente,
529,cutting corners,0.72,0.54,0.9,21,0,consistente,
530,cost an arm and a leg,0.79,0.6,0.99,21,0,consistente,
531,a far cry,0.73,0.54,0.91,21,0,consistente,
532,carry the torch,0.79,0.59,0.98,21,0,consistente,
533,chew the fat,0.72,0.54,0.9,21,0,consistente,
534,at a snail's pace,0.79,0.59,0.99,21,0,consistente,
535,He is taking a nap on the couch.,0.83,0.62,1.04,21,0,consistente,
536,dressed to kill,0.78,0.59,0.98,21,0,consistente,
537,all in your head,0.87,0.65,1.08,21,0,consistente,
538,He is writing a story for school.,0.95,0.71,1.19,21,0,consistente,
539,She painted a picture of a landscape.,0.95,0.71,1.19,21,0,consistente,
540,banging your head against a brick wall,0.89,0.67,1.11,21,0,consistente,
541,She is visiting her grandmother in the hospital.,0.93,0.7,1.16,21,0,consistente,
542,She had a meeting with her boss.,0.89,0.67,1.11,21,0,consistente,
543,She is knitting a scarf for winter.,0.9,0.67,1.12,21,0,consistente,
544,She took the train to the city.,0.86,0.64,1.07,21,0,consistente,
545,break a leg,0.76,0.57,0.95,21,0,consistente,
546,They are taking pictures in front of the monument.,0.87,0.65,1.09,21,0,consistente,
547,They went for a walk in the park.,0.84,0.63,1.04,21,0,consistente,
548,below the belt,0.79,0.59,0.98,21,0,consistente,
549,caught red-handed,0.74,0.55,0.92,21,0,consistente,
550,make a mountain out of a molehill,0.77,0.58,0.96,21,0,consistente,
551,burning bridges,0.84,0.63,1.05,21,0,consistente,
552,burn a hole in your pocket,0.81,0.6,1.01,21,0,consistente,
553,He is waiting for the bus.,0.9,0.68,1.13,21,0,consistente,
554,better safe than sorry,0.92,0.69,1.15,21,0,consistente,
555,burnt to a crisp,0.76,0.57,0.94,21,0,consistente,
556,They are doing laundry in the basement.,0.9,0.67,1.12,21,0,consistente,
557,as light as a feather,0.87,0.65,1.09,21,0,consistente,
558,as fit as a fiddle,0.8,0.6,1.01,21,0,consistente,
559,They are going for a run in the morning.,0.9,0.68,1.13,21,0,consistente,
560,adding insult to injury,0.72,0.54,0.9,21,0,consistente,
561,apple of discord,0.9,0.68,1.13,21,0,consistente,
562,broken dreams,0.87,0.65,1.08,21,0,consistente,
563,bitten by the bug,0.74,0.55,0.92,21,0,consistente,
564,blown away,0.74,0.56,0.93,21,0,consistente,
565,big shoes to fill,0.76,0.57,0.95,21,0,consistente,
566,He is cleaning the garage.,0.87,0.65,1.08,21,0,consistente,
567,She played tennis with her brother.,0.94,0.71,1.18,21,0,consistente,
568,grasp at straws,0.81,0.61,1.02,21,0,consistente,
569,coming up roses,0.68,0.51,0.85,21,0,consistente,
570,The car stopped at the red light.,0.9,0.67,1.12,21,0,consistente,
571,They are sitting around the campfire.,0.91,0.68,1.14,21,0,consistente,
572,He is working out in the gym.,0.87,0.65,1.08,21,0,consistente,
573,She is playing with her cat.,0.92,0.69,1.15,21,0,consistente,
574,He is fixing the car.,0.89,0.67,1.11,21,0,consistente,
575,I like to read books in the evening.,0.79,0.59,0.99,21,0,consistente,
576,They went to a museum last month.,0.85,0.64,1.06,21,0,consistente,
577,They went to the library to borrow books.,0.81,0.61,1.02,21,0,consistente,
578,flying off the handle,0.79,0.59,0.98,21,0,consistente,
579,catch lightning in a bottle,0.86,0.64,1.07,21,0,consistente,
580,bare your soul,0.76,0.57,0.95,21,0,consistente,
581,They met their friends at the café.,0.92,0.69,1.15,21,0,consistente,
582,jump the gun,0.68,0.51,0.86,21,0,consistente,
583,She worked on her project all afternoon.,0.9,0.68,1.13,21,0,consistente,
584,bury the hatchet,0.84,0.63,1.05,21,0,consistente,
585,They are watching TV in the living room.,0.87,0.66,1.09,21,0,consistente,
586,They are eating lunch together.,0.82,0.62,1.03,21,0,consistente,
587,He is taking a walk around the block.,0.99,0.74,1.23,21,0,consistente,
588,hit the nail on the head,0.85,0.64,1.06,21,0,consistente,
589,He sent an email to his colleague.,0.92,0.69,1.15,21,0,consistente,
590,carry a torch,0.78,0.59,0.98,21,0,consistente,
591,They took a bus to the city center.,0.94,0.7,1.17,21,0,consistente,
592,eat your heart out,0.74,0.56,0.93,21,0,consistente,
593,I did the laundry yesterday.,0.78,0.58,0.97,21,0,consistente,
594,They are taking a walk along the beach.,0.85,0.64,1.06,21,0,consistente,
595,a weight on my shoulders,0.88,0.66,1.1,21,0,consistente,
596,can't cut the mustard,0.76,0.57,0.95,21,0,consistente,
597,come down to earth,0.8,0.6,1.0,21,0,consistente,
598,She is writing a letter to her friend.,0.88,0.66,1.1,21,0,consistente,
599,bad apple,0.83,0.62,1.04,21,0,consistente,
600,apple of my eye,0.9,0.68,1.13,21,0,consistente,
601,She is making a salad for lunch.,0.97,0.73,1.21,21,0,consistente,
602,He repaired the broken chair.,0.95,0.71,1.19,21,0,consistente,
603,icing on the cake,0.85,0.64,1.07,21,0,consistente,
604,She went to the dentist for a check-up.,0.89,0.67,1.12,21,0,consistente,
605,armed to the teeth,0.92,0.69,1.15,21,0,consistente,
606,Water boils at 100°C.,1.0,0.75,1.25,21,0,consistente,
607,red herring,0.72,0.54,0.9,21,0,consistente,
608,have a lot on your plate,0.72,0.54,0.9,21,0,consistente,
609,a clean slate,0.72,0.54,0.9,21,0,consistente,
610,feeding the fire,0.88,0.66,1.1,21,0,consistente,
611,finding a needle in a haystack,0.9,0.67,1.12,21,0,consistente,
612,She is shopping for groceries.,0.88,0.66,1.1,21,0,consistente,
613,born with a silver spoon,0.84,0.63,1.05,21,0,consistente,
614,let the cat out of the bag,0.75,0.56,0.94,21,0,consistente,
615,black mark,0.82,0.61,1.02,21,0,consistente,
616,call it a day,0.75,0.57,0.94,21,0,consistente,
617,batten down the hatches,0.76,0.57,0.95,21,0,consistente,
618,call it a night,0.77,0.58,0.96,21,0,consistente,
619,I worked on my computer for two hours.,0.89,0.67,1.11,21,0,consistente,
620,man of the hour,0.84,0.63,1.05,21,0,consistente,
621,from the bottom of my heart,0.9,0.67,1.12,21,0,consistente,
622,beat around the bush,0.71,0.53,0.88,21,0,consistente,
623,go the extra mile,0.79,0.59,0.99,21,0,consistente,
624,down to earth,0.83,0.62,1.03,21,0,consistente,
625,They are chatting in the living room.,0.9,0.67,1.12,21,0,consistente,
626,The dog ran across the yard.,0.88,0.66,1.1,21,0,consistente,
627,bigger fish to fry,0.76,0.57,0.94,21,0,consistente,
628,climbing the walls,0.76,0.57,0.95,21,0,consistente,
629,as clear as day,0.8,0.6,0.99,21,0,consistente,
630,like a fish out of water,0.94,0.71,1.18,21,0,consistente,
631,"like father, like son",0.77,0.58,0.97,21,0,consistente,
632,blaze a trail,0.86,0.65,1.08,21,0,consistente,
633,dare to dream,0.74,0.56,0.93,21,0,consistente,
634,at your wit’s end,0.72,0.54,0.9,21,0,consistente,
635,a piece of cake,0.73,0.54,0.91,21,0,consistente,
636,call the shots,0.88,0.66,1.1,21,0,consistente,
637,close call,0.72,0.54,0.9,21,0,consistente,
638,against the clock,0.81,0.61,1.01,21,0,consistente,
639,eye of the storm,0.81,0.61,1.02,21,0,consistente,
640,don't count your chickens before they hatch,0.84,0.63,1.05,21,0,consistente,
641,They are having a family gathering at home.,0.76,0.57,0.95,21,0,consistente,
642,big time,0.9,0.67,1.12,21,0,consistente,
643,a drop in the ocean,0.94,0.71,1.18,21,0,consistente,
644,big fish in a small pond,0.8,0.6,1.01,21,0,consistente,
645,She studied for the test all week.,0.84,0.63,1.05,21,0,consistente,
646,against all odds,0.95,0.71,1.19,21,5,discrepante,
647,hit the nail on the head,0.88,0.66,1.1,21,0,consistente,
648,back against the wall,0.68,0.51,0.86,21,0,consistente,
649,They watched the sunrise at the beach.,0.85,0.64,1.06,21,0,consistente,
650,butter wouldn't melt,0.72,0.54,0.9,21,0,consistente,
651,a taste of their own medicine,0.8,0.6,1.0,21,0,consistente,
652,She is organizing her closet.,0.88,0.66,1.1,21,0,consistente,
653,She went to the gym for a workout.,0.89,0.66,1.11,21,0,consistente,
654,dropping like flies,0.86,0.64,1.07,21,0,consistente,
655,a taste of freedom,0.87,0.66,1.09,21,0,consistente,
656,hold your horses,0.71,0.53,0.88,21,0,consistente,
657,The weather is very cold today.,0.85,0.64,1.06,21,0,consistente,
658,blood runs cold,0.84,0.63,1.06,21,0,consistente,
659,don't cry over spilled milk,0.91,0.68,1.14,21,0,consistente,
660,back to basics,0.81,0.61,1.02,21,0,consistente,
661,go the extra mile,0.81,0.6,1.01,21,0,consistente,
662,carved in stone,0.88,0.66,1.11,21,0,consistente,
663,She brushed her teeth before bed.,0.89,0.67,1.12,21,0,consistente,
664,chip off the old block,0.69,0.51,0.86,21,0,consistente,
665,cat nap,0.69,0.52,0.86,21,0,consistente,
666,chip on your shoulder,0.7,0.52,0.87,21,0,consistente,
667,as gentle as a lamb,0.8,0.6,1.0,21,0,consistente,
668,They went to a theme park for the day.,0.89,0.67,1.11,21,0,consistente,
669,burn the midnight oil,0.79,0.59,0.99,21,0,consistente,
670,blind leading the blind,0.88,0.66,1.1,21,0,consistente,
671,blue in the face,0.69,0.51,0.86,21,0,consistente,
672,She is taking a picture of the flowers in the garden.,0.9,0.67,1.12,21,0,consistente,
673,They are having a barbecue in the garden.,0.92,0.69,1.15,21,0,consistente,
674,jump the gun,0.66,0.5,0.83,21,0,consistente,
675,They are walking through the city streets.,0.89,0.67,1.11,21,0,consistente,
676,She reads a book every night.,0.92,0.69,1.15,21,0,consistente,
677,chained to the desk,0.77,0.57,0.96,21,0,consistente,
678,He did some gardening in the afternoon.,0.83,0.63,1.04,21,0,consistente,
679,They enjoyed a picnic in the park.,0.84,0.63,1.05,21,0,consistente,
680,dive in headfirst,0.95,0.72,1.19,21,0,consistente,
681,have the upper hand,0.84,0.63,1.05,21,0,consistente,
682,She is ironing her clothes.,0.9,0.68,1.13,21,0,consistente,
683,He plays soccer every weekend.,0.89,0.66,1.11,21,0,consistente,
684,at the drop of a hat,0.71,0.53,0.89,21,0,consistente,
685,have a heart of stone,0.93,0.7,1.16,21,0,consistente,
686,He worked on his computer for hours.,0.88,0.66,1.11,21,0,consistente,
687,airing dirty laundry,0.79,0.59,0.98,21,0,consistente,
688,dead in the water,0.73,0.55,0.91,21,0,consistente,
689,another string to your bow,0.76,0.57,0.95,21,0,consistente,
690,"easy come, easy go",0.75,0.57,0.94,21,0,consistente,
691,bend over backwards,0.74,0.55,0.92,21,0,consistente,
692,bolt from the blue,0.74,0.55,0.92,21,0,consistente,
693,dropping the ball,0.81,0.61,1.01,21,0,consistente,
694,born with a silver spoon,0.86,0.64,1.07,21,0,consistente,
695,as plain as day,0.78,0.59,0.98,21,0,consistente,
696,like a fish to water,0.92,0.69,1.16,21,0,consistente,
697,change your tune,0.77,0.58,0.97,21,0,consistente,
698,adding fuel to the fire,0.74,0.56,0.93,21,0,consistente,
699,They are playing board games in the living room.,0.84,0.63,1.04,21,0,consistente,
700,dying to know,0.88,0.66,1.1,21,0,consistente,
701,She is making a smoothie for breakfast.,0.93,0.7,1.16,21,0,consistente,
702,in the same boat,0.85,0.64,1.07,21,0,consistente,
703,better late than never,0.86,0.64,1.07,21,0,consistente,
704,frog in your throat,0.78,0.59,0.98,21,0,consistente,
705,down in the dumps,0.71,0.53,0.89,21,0,consistente,
706,blood is thicker than water,0.86,0.64,1.07,21,0,consistente,
707,as high as a kite,0.68,0.51,0.84,21,0,consistente,
708,foot in the door,0.74,0.55,0.92,21,0,consistente,
709,crying over spilled milk,0.92,0.69,1.15,21,0,consistente,
710,He is studying for his exams.,0.85,0.63,1.06,21,0,consistente,
711,darkest before dawn,0.85,0.64,1.06,21,0,consistente,
712,They are taking a family vacation.,0.88,0.66,1.1,21,0,consistente,
713,cat got your tongue,0.77,0.58,0.96,21,0,consistente,
714,barking up the wrong tree,0.77,0.58,0.96,21,0,consistente,
715,bird's eye view,0.77,0.58,0.96,21,0,consistente,
716,by a long shot,0.74,0.56,0.93,21,0,consistente,
717,add insult to injury,0.68,0.51,0.85,21,0,consistente,
